secteur_id,gaz_id,annee,valeur,secteur,gaz,niveau
1,pol11,1990,6.22267045712434,Émissions de gaz à effet de serre de la Suisse,Méthane,1
1,pol11,1991,6.12968349721846,Émissions de gaz à effet de serre de la Suisse,Méthane,1
1,pol11,1992,6.03847494288613,Émissions de gaz à effet de serre de la Suisse,Méthane,1
1,pol11,1993,5.91208566855734,Émissions de gaz à effet de serre de la Suisse,Méthane,1
1,pol11,1994,5.83267695074332,Émissions de gaz à effet de serre de la Suisse,Méthane,1
1,pol11,1995,5.84130272494111,Émissions de gaz à effet de serre de la Suisse,Méthane,1
1,pol11,1996,5.78993941188819,Émissions de gaz à effet de serre de la Suisse,Méthane,1
1,pol11,1997,5.63904438922185,Émissions de gaz à effet de serre de la Suisse,Méthane,1
1,pol11,1998,5.58867728019976,Émissions de gaz à effet de serre de la Suisse,Méthane,1
1,pol11,1999,5.51375262439486,Émissions de gaz à effet de serre de la Suisse,Méthane,1
1,pol11,2000,5.47848089761995,Émissions de gaz à effet de serre de la Suisse,Méthane,1
1,pol11,2001,5.52783546266307,Émissions de gaz à effet de serre de la Suisse,Méthane,1
1,pol11,2002,5.48790054111278,Émissions de gaz à effet de serre de la Suisse,Méthane,1
1,pol11,2003,5.41400964545138,Émissions de gaz à effet de serre de la Suisse,Méthane,1
1,pol11,2004,5.40882621515379,Émissions de gaz à effet de serre de la Suisse,Méthane,1
1,pol11,2005,5.46389301233377,Émissions de gaz à effet de serre de la Suisse,Méthane,1
1,pol11,2006,5.48504312684649,Émissions de gaz à effet de serre de la Suisse,Méthane,1
1,pol11,2007,5.46854924366673,Émissions de gaz à effet de serre de la Suisse,Méthane,1
1,pol11,2008,5.55716052978791,Émissions de gaz à effet de serre de la Suisse,Méthane,1
1,pol11,2009,5.44462177148984,Émissions de gaz à effet de serre de la Suisse,Méthane,1
1,pol11,2010,5.42094891500973,Émissions de gaz à effet de serre de la Suisse,Méthane,1
1,pol11,2011,5.35987558042825,Émissions de gaz à effet de serre de la Suisse,Méthane,1
1,pol11,2012,5.33863036352361,Émissions de gaz à effet de serre de la Suisse,Méthane,1
1,pol11,2013,5.27200332614151,Émissions de gaz à effet de serre de la Suisse,Méthane,1
1,pol11,2014,5.26150402936361,Émissions de gaz à effet de serre de la Suisse,Méthane,1
1,pol11,2015,5.22973604381123,Émissions de gaz à effet de serre de la Suisse,Méthane,1
1,pol11,2016,5.18630549076308,Émissions de gaz à effet de serre de la Suisse,Méthane,1
1,pol11,2017,5.12729691224775,Émissions de gaz à effet de serre de la Suisse,Méthane,1
1,pol11,2018,5.08677278247464,Émissions de gaz à effet de serre de la Suisse,Méthane,1
1,pol11,2019,4.99636449947083,Émissions de gaz à effet de serre de la Suisse,Méthane,1
1,pol11,2020,4.94137581634415,Émissions de gaz à effet de serre de la Suisse,Méthane,1
1,pol11,2021,4.94887148871611,Émissions de gaz à effet de serre de la Suisse,Méthane,1
1,pol11,2022,4.90260393824681,Émissions de gaz à effet de serre de la Suisse,Méthane,1
1,pol11,2023,4.86262312084486,Émissions de gaz à effet de serre de la Suisse,Méthane,1
1,pol11,2024,4.83070209449924,Émissions de gaz à effet de serre de la Suisse,Méthane,1
1,pol12,1990,4.15579826002358,Émissions de gaz à effet de serre de la Suisse,Oxyde nitreux,1
1,pol12,1991,4.12141088706162,Émissions de gaz à effet de serre de la Suisse,Oxyde nitreux,1
1,pol12,1992,4.08629961480471,Émissions de gaz à effet de serre de la Suisse,Oxyde nitreux,1
1,pol12,1993,4.13488012447238,Émissions de gaz à effet de serre de la Suisse,Oxyde nitreux,1
1,pol12,1994,4.06103346975878,Émissions de gaz à effet de serre de la Suisse,Oxyde nitreux,1
1,pol12,1995,4.08436675930214,Émissions de gaz à effet de serre de la Suisse,Oxyde nitreux,1
1,pol12,1996,3.98448178632328,Émissions de gaz à effet de serre de la Suisse,Oxyde nitreux,1
1,pol12,1997,3.92209088953533,Émissions de gaz à effet de serre de la Suisse,Oxyde nitreux,1
1,pol12,1998,3.83913676427561,Émissions de gaz à effet de serre de la Suisse,Oxyde nitreux,1
1,pol12,1999,3.8122203474959,Émissions de gaz à effet de serre de la Suisse,Oxyde nitreux,1
1,pol12,2000,3.88513733855827,Émissions de gaz à effet de serre de la Suisse,Oxyde nitreux,1
1,pol12,2001,3.82602858682961,Émissions de gaz à effet de serre de la Suisse,Oxyde nitreux,1
1,pol12,2002,3.82460226146799,Émissions de gaz à effet de serre de la Suisse,Oxyde nitreux,1
1,pol12,2003,3.652916923045,Émissions de gaz à effet de serre de la Suisse,Oxyde nitreux,1
1,pol12,2004,3.55782172434558,Émissions de gaz à effet de serre de la Suisse,Oxyde nitreux,1
1,pol12,2005,3.60084289074312,Émissions de gaz à effet de serre de la Suisse,Oxyde nitreux,1
1,pol12,2006,3.49867125657792,Émissions de gaz à effet de serre de la Suisse,Oxyde nitreux,1
1,pol12,2007,3.5518200370451,Émissions de gaz à effet de serre de la Suisse,Oxyde nitreux,1
1,pol12,2008,3.43223444474915,Émissions de gaz à effet de serre de la Suisse,Oxyde nitreux,1
1,pol12,2009,3.31388719960467,Émissions de gaz à effet de serre de la Suisse,Oxyde nitreux,1
1,pol12,2010,3.41826699692754,Émissions de gaz à effet de serre de la Suisse,Oxyde nitreux,1
1,pol12,2011,3.32420198797709,Émissions de gaz à effet de serre de la Suisse,Oxyde nitreux,1
1,pol12,2012,3.35902002780405,Émissions de gaz à effet de serre de la Suisse,Oxyde nitreux,1
1,pol12,2013,3.28958451425363,Émissions de gaz à effet de serre de la Suisse,Oxyde nitreux,1
1,pol12,2014,3.26218754696306,Émissions de gaz à effet de serre de la Suisse,Oxyde nitreux,1
1,pol12,2015,3.22627322753528,Émissions de gaz à effet de serre de la Suisse,Oxyde nitreux,1
1,pol12,2016,3.22651813604567,Émissions de gaz à effet de serre de la Suisse,Oxyde nitreux,1
1,pol12,2017,3.35612234943163,Émissions de gaz à effet de serre de la Suisse,Oxyde nitreux,1
1,pol12,2018,3.17288577108445,Émissions de gaz à effet de serre de la Suisse,Oxyde nitreux,1
1,pol12,2019,3.23788848157103,Émissions de gaz à effet de serre de la Suisse,Oxyde nitreux,1
1,pol12,2020,3.15350044317473,Émissions de gaz à effet de serre de la Suisse,Oxyde nitreux,1
1,pol12,2021,3.05224221092644,Émissions de gaz à effet de serre de la Suisse,Oxyde nitreux,1
1,pol12,2022,2.53742230195596,Émissions de gaz à effet de serre de la Suisse,Oxyde nitreux,1
1,pol12,2023,2.52928299426576,Émissions de gaz à effet de serre de la Suisse,Oxyde nitreux,1
1,pol12,2024,2.65470456276333,Émissions de gaz à effet de serre de la Suisse,Oxyde nitreux,1
1,pol14,1990,0.141212580186582,Émissions de gaz à effet de serre de la Suisse,Hexafluorure de soufre,1
1,pol14,1991,0.143480174468049,Émissions de gaz à effet de serre de la Suisse,Hexafluorure de soufre,1
1,pol14,1992,0.145733541056702,Émissions de gaz à effet de serre de la Suisse,Hexafluorure de soufre,1
1,pol14,1993,0.124235472229469,Émissions de gaz à effet de serre de la Suisse,Hexafluorure de soufre,1
1,pol14,1994,0.110168282340507,Émissions de gaz à effet de serre de la Suisse,Hexafluorure de soufre,1
1,pol14,1995,0.0960967106004355,Émissions de gaz à effet de serre de la Suisse,Hexafluorure de soufre,1
1,pol14,1996,0.0928375688277645,Émissions de gaz à effet de serre de la Suisse,Hexafluorure de soufre,1
1,pol14,1997,0.12848851372282,Émissions de gaz à effet de serre de la Suisse,Hexafluorure de soufre,1
1,pol14,1998,0.157510439148925,Émissions de gaz à effet de serre de la Suisse,Hexafluorure de soufre,1
1,pol14,1999,0.144421897742436,Émissions de gaz à effet de serre de la Suisse,Hexafluorure de soufre,1
1,pol14,2000,0.156788999360012,Émissions de gaz à effet de serre de la Suisse,Hexafluorure de soufre,1
1,pol14,2001,0.155661151566412,Émissions de gaz à effet de serre de la Suisse,Hexafluorure de soufre,1
1,pol14,2002,0.165794133300747,Émissions de gaz à effet de serre de la Suisse,Hexafluorure de soufre,1
1,pol14,2003,0.17113235487774,Émissions de gaz à effet de serre de la Suisse,Hexafluorure de soufre,1
1,pol14,2004,0.191934527883963,Émissions de gaz à effet de serre de la Suisse,Hexafluorure de soufre,1
1,pol14,2005,0.210352669255193,Émissions de gaz à effet de serre de la Suisse,Hexafluorure de soufre,1
1,pol14,2006,0.203983757485064,Émissions de gaz à effet de serre de la Suisse,Hexafluorure de soufre,1
1,pol14,2007,0.186212381561273,Émissions de gaz à effet de serre de la Suisse,Hexafluorure de soufre,1
1,pol14,2008,0.245660978097634,Émissions de gaz à effet de serre de la Suisse,Hexafluorure de soufre,1
1,pol14,2009,0.190038424082885,Émissions de gaz à effet de serre de la Suisse,Hexafluorure de soufre,1
1,pol14,2010,0.154768815723545,Émissions de gaz à effet de serre de la Suisse,Hexafluorure de soufre,1
1,pol14,2011,0.167835974821388,Émissions de gaz à effet de serre de la Suisse,Hexafluorure de soufre,1
1,pol14,2012,0.224937343119672,Émissions de gaz à effet de serre de la Suisse,Hexafluorure de soufre,1
1,pol14,2013,0.270177544883152,Émissions de gaz à effet de serre de la Suisse,Hexafluorure de soufre,1
1,pol14,2014,0.269984733801802,Émissions de gaz à effet de serre de la Suisse,Hexafluorure de soufre,1
1,pol14,2015,0.281089905489496,Émissions de gaz à effet de serre de la Suisse,Hexafluorure de soufre,1
1,pol14,2016,0.254437470246677,Émissions de gaz à effet de serre de la Suisse,Hexafluorure de soufre,1
1,pol14,2017,0.239325845284837,Émissions de gaz à effet de serre de la Suisse,Hexafluorure de soufre,1
1,pol14,2018,0.184112713735572,Émissions de gaz à effet de serre de la Suisse,Hexafluorure de soufre,1
1,pol14,2019,0.177659135065748,Émissions de gaz à effet de serre de la Suisse,Hexafluorure de soufre,1
1,pol14,2020,0.155836221899031,Émissions de gaz à effet de serre de la Suisse,Hexafluorure de soufre,1
1,pol14,2021,0.130568065928761,Émissions de gaz à effet de serre de la Suisse,Hexafluorure de soufre,1
1,pol14,2022,0.0557547329480245,Émissions de gaz à effet de serre de la Suisse,Hexafluorure de soufre,1
1,pol14,2023,0.0577463091148159,Émissions de gaz à effet de serre de la Suisse,Hexafluorure de soufre,1
1,pol14,2024,0.0702242080478399,Émissions de gaz à effet de serre de la Suisse,Hexafluorure de soufre,1
1,pol15,1990,0.0,Émissions de gaz à effet de serre de la Suisse,Trifluorure d'azote,1
1,pol15,1991,0.0,Émissions de gaz à effet de serre de la Suisse,Trifluorure d'azote,1
1,pol15,1992,0.0,Émissions de gaz à effet de serre de la Suisse,Trifluorure d'azote,1
1,pol15,1993,0.0,Émissions de gaz à effet de serre de la Suisse,Trifluorure d'azote,1
1,pol15,1994,0.0,Émissions de gaz à effet de serre de la Suisse,Trifluorure d'azote,1
1,pol15,1995,0.0,Émissions de gaz à effet de serre de la Suisse,Trifluorure d'azote,1
1,pol15,1996,0.0,Émissions de gaz à effet de serre de la Suisse,Trifluorure d'azote,1
1,pol15,1997,0.0,Émissions de gaz à effet de serre de la Suisse,Trifluorure d'azote,1
1,pol15,1998,0.0,Émissions de gaz à effet de serre de la Suisse,Trifluorure d'azote,1
1,pol15,1999,0.0,Émissions de gaz à effet de serre de la Suisse,Trifluorure d'azote,1
1,pol15,2000,0.0,Émissions de gaz à effet de serre de la Suisse,Trifluorure d'azote,1
1,pol15,2001,0.0,Émissions de gaz à effet de serre de la Suisse,Trifluorure d'azote,1
1,pol15,2002,0.0,Émissions de gaz à effet de serre de la Suisse,Trifluorure d'azote,1
1,pol15,2003,0.0,Émissions de gaz à effet de serre de la Suisse,Trifluorure d'azote,1
1,pol15,2004,0.0,Émissions de gaz à effet de serre de la Suisse,Trifluorure d'azote,1
1,pol15,2005,0.0,Émissions de gaz à effet de serre de la Suisse,Trifluorure d'azote,1
1,pol15,2006,0.0,Émissions de gaz à effet de serre de la Suisse,Trifluorure d'azote,1
1,pol15,2007,0.0,Émissions de gaz à effet de serre de la Suisse,Trifluorure d'azote,1
1,pol15,2008,0.000115451973,Émissions de gaz à effet de serre de la Suisse,Trifluorure d'azote,1
1,pol15,2009,0.007158530925,Émissions de gaz à effet de serre de la Suisse,Trifluorure d'azote,1
1,pol15,2010,0.01186900533,Émissions de gaz à effet de serre de la Suisse,Trifluorure d'azote,1
1,pol15,2011,0.0087309495,Émissions de gaz à effet de serre de la Suisse,Trifluorure d'azote,1
1,pol15,2012,0.000507751335,Émissions de gaz à effet de serre de la Suisse,Trifluorure d'azote,1
1,pol15,2013,0.000133083405,Émissions de gaz à effet de serre de la Suisse,Trifluorure d'azote,1
1,pol15,2014,0.0005666640525,Émissions de gaz à effet de serre de la Suisse,Trifluorure d'azote,1
1,pol15,2015,0.0006836418225,Émissions de gaz à effet de serre de la Suisse,Trifluorure d'azote,1
1,pol15,2016,0.00071881992,Émissions de gaz à effet de serre de la Suisse,Trifluorure d'azote,1
1,pol15,2017,0.00075217553775,Émissions de gaz à effet de serre de la Suisse,Trifluorure d'azote,1
1,pol15,2018,0.000470454075,Émissions de gaz à effet de serre de la Suisse,Trifluorure d'azote,1
1,pol15,2019,0.00050872614975,Émissions de gaz à effet de serre de la Suisse,Trifluorure d'azote,1
1,pol15,2020,0.000385687575,Émissions de gaz à effet de serre de la Suisse,Trifluorure d'azote,1
1,pol15,2021,0.0003700057725,Émissions de gaz à effet de serre de la Suisse,Trifluorure d'azote,1
1,pol15,2022,0.0003051594,Émissions de gaz à effet de serre de la Suisse,Trifluorure d'azote,1
1,pol15,2023,0.0006175239525,Émissions de gaz à effet de serre de la Suisse,Trifluorure d'azote,1
1,pol15,2024,0.0002521803375,Émissions de gaz à effet de serre de la Suisse,Trifluorure d'azote,1
1,pol16,1990,0.104767420788384,Émissions de gaz à effet de serre de la Suisse,Hydrocarbures perfluorés,1
1,pol16,1991,0.0885902052255877,Émissions de gaz à effet de serre de la Suisse,Hydrocarbures perfluorés,1
1,pol16,1992,0.0725298306865164,Émissions de gaz à effet de serre de la Suisse,Hydrocarbures perfluorés,1
1,pol16,1993,0.0313036175560568,Émissions de gaz à effet de serre de la Suisse,Hydrocarbures perfluorés,1
1,pol16,1994,0.0189593305374564,Émissions de gaz à effet de serre de la Suisse,Hydrocarbures perfluorés,1
1,pol16,1995,0.0159787866156091,Émissions de gaz à effet de serre de la Suisse,Hydrocarbures perfluorés,1
1,pol16,1996,0.018633144815059,Émissions de gaz à effet de serre de la Suisse,Hydrocarbures perfluorés,1
1,pol16,1997,0.0191405762341767,Émissions de gaz à effet de serre de la Suisse,Hydrocarbures perfluorés,1
1,pol16,1998,0.0215183096459536,Émissions de gaz à effet de serre de la Suisse,Hydrocarbures perfluorés,1
1,pol16,1999,0.0288090296199249,Émissions de gaz à effet de serre de la Suisse,Hydrocarbures perfluorés,1
1,pol16,2000,0.054339627506554,Émissions de gaz à effet de serre de la Suisse,Hydrocarbures perfluorés,1
1,pol16,2001,0.0329828228500768,Émissions de gaz à effet de serre de la Suisse,Hydrocarbures perfluorés,1
1,pol16,2002,0.0322527552386915,Émissions de gaz à effet de serre de la Suisse,Hydrocarbures perfluorés,1
1,pol16,2003,0.0643331297749091,Émissions de gaz à effet de serre de la Suisse,Hydrocarbures perfluorés,1
1,pol16,2004,0.0661317636188617,Émissions de gaz à effet de serre de la Suisse,Hydrocarbures perfluorés,1
1,pol16,2005,0.0455598342554791,Émissions de gaz à effet de serre de la Suisse,Hydrocarbures perfluorés,1
1,pol16,2006,0.0577627532845546,Émissions de gaz à effet de serre de la Suisse,Hydrocarbures perfluorés,1
1,pol16,2007,0.0488973677426544,Émissions de gaz à effet de serre de la Suisse,Hydrocarbures perfluorés,1
1,pol16,2008,0.0420525488569454,Émissions de gaz à effet de serre de la Suisse,Hydrocarbures perfluorés,1
1,pol16,2009,0.0339465474006499,Émissions de gaz à effet de serre de la Suisse,Hydrocarbures perfluorés,1
1,pol16,2010,0.0362653086878125,Émissions de gaz à effet de serre de la Suisse,Hydrocarbures perfluorés,1
1,pol16,2011,0.0349969260363712,Émissions de gaz à effet de serre de la Suisse,Hydrocarbures perfluorés,1
1,pol16,2012,0.037378006722488,Émissions de gaz à effet de serre de la Suisse,Hydrocarbures perfluorés,1
1,pol16,2013,0.0268527806010091,Émissions de gaz à effet de serre de la Suisse,Hydrocarbures perfluorés,1
1,pol16,2014,0.0212337913156774,Émissions de gaz à effet de serre de la Suisse,Hydrocarbures perfluorés,1
1,pol16,2015,0.0238191685224871,Émissions de gaz à effet de serre de la Suisse,Hydrocarbures perfluorés,1
1,pol16,2016,0.0181305207026518,Émissions de gaz à effet de serre de la Suisse,Hydrocarbures perfluorés,1
1,pol16,2017,0.0292621050361346,Émissions de gaz à effet de serre de la Suisse,Hydrocarbures perfluorés,1
1,pol16,2018,0.032914786244785,Émissions de gaz à effet de serre de la Suisse,Hydrocarbures perfluorés,1
1,pol16,2019,0.0287143795266759,Émissions de gaz à effet de serre de la Suisse,Hydrocarbures perfluorés,1
1,pol16,2020,0.0343599610226511,Émissions de gaz à effet de serre de la Suisse,Hydrocarbures perfluorés,1
1,pol16,2021,0.0284372290756733,Émissions de gaz à effet de serre de la Suisse,Hydrocarbures perfluorés,1
1,pol16,2022,0.02794112567747,Émissions de gaz à effet de serre de la Suisse,Hydrocarbures perfluorés,1
1,pol16,2023,0.0339208904020334,Émissions de gaz à effet de serre de la Suisse,Hydrocarbures perfluorés,1
1,pol16,2024,0.0374771409633054,Émissions de gaz à effet de serre de la Suisse,Hydrocarbures perfluorés,1
1,pol20,1990,2.25283552e-05,Émissions de gaz à effet de serre de la Suisse,Fluorocarbures partiellement halogénés,1
1,pol20,1991,0.0012877349847735,Émissions de gaz à effet de serre de la Suisse,Fluorocarbures partiellement halogénés,1
1,pol20,1992,0.0142465089729446,Émissions de gaz à effet de serre de la Suisse,Fluorocarbures partiellement halogénés,1
1,pol20,1993,0.0300770566622232,Émissions de gaz à effet de serre de la Suisse,Fluorocarbures partiellement halogénés,1
1,pol20,1994,0.07447415933612,Émissions de gaz à effet de serre de la Suisse,Fluorocarbures partiellement halogénés,1
1,pol20,1995,0.225754319650047,Émissions de gaz à effet de serre de la Suisse,Fluorocarbures partiellement halogénés,1
1,pol20,1996,0.275333971401659,Émissions de gaz à effet de serre de la Suisse,Fluorocarbures partiellement halogénés,1
1,pol20,1997,0.334893381725261,Émissions de gaz à effet de serre de la Suisse,Fluorocarbures partiellement halogénés,1
1,pol20,1998,0.425076981435475,Émissions de gaz à effet de serre de la Suisse,Fluorocarbures partiellement halogénés,1
1,pol20,1999,0.500350289675122,Émissions de gaz à effet de serre de la Suisse,Fluorocarbures partiellement halogénés,1
1,pol20,2000,0.602108554040079,Émissions de gaz à effet de serre de la Suisse,Fluorocarbures partiellement halogénés,1
1,pol20,2001,0.693957837444317,Émissions de gaz à effet de serre de la Suisse,Fluorocarbures partiellement halogénés,1
1,pol20,2002,0.782228146631016,Émissions de gaz à effet de serre de la Suisse,Fluorocarbures partiellement halogénés,1
1,pol20,2003,0.861394124005901,Émissions de gaz à effet de serre de la Suisse,Fluorocarbures partiellement halogénés,1
1,pol20,2004,0.953977604243307,Émissions de gaz à effet de serre de la Suisse,Fluorocarbures partiellement halogénés,1
1,pol20,2005,0.988711982721501,Émissions de gaz à effet de serre de la Suisse,Fluorocarbures partiellement halogénés,1
1,pol20,2006,1.09405248771019,Émissions de gaz à effet de serre de la Suisse,Fluorocarbures partiellement halogénés,1
1,pol20,2007,1.18387644075702,Émissions de gaz à effet de serre de la Suisse,Fluorocarbures partiellement halogénés,1
1,pol20,2008,1.20079815910869,Émissions de gaz à effet de serre de la Suisse,Fluorocarbures partiellement halogénés,1
1,pol20,2009,1.19616927949988,Émissions de gaz à effet de serre de la Suisse,Fluorocarbures partiellement halogénés,1
1,pol20,2010,1.2289438541166,Émissions de gaz à effet de serre de la Suisse,Fluorocarbures partiellement halogénés,1
1,pol20,2011,1.28578552953427,Émissions de gaz à effet de serre de la Suisse,Fluorocarbures partiellement halogénés,1
1,pol20,2012,1.34083845957566,Émissions de gaz à effet de serre de la Suisse,Fluorocarbures partiellement halogénés,1
1,pol20,2013,1.30915041794905,Émissions de gaz à effet de serre de la Suisse,Fluorocarbures partiellement halogénés,1
1,pol20,2014,1.33820817698508,Émissions de gaz à effet de serre de la Suisse,Fluorocarbures partiellement halogénés,1
1,pol20,2015,1.36687503211512,Émissions de gaz à effet de serre de la Suisse,Fluorocarbures partiellement halogénés,1
1,pol20,2016,1.33130990415659,Émissions de gaz à effet de serre de la Suisse,Fluorocarbures partiellement halogénés,1
1,pol20,2017,1.33879198409846,Émissions de gaz à effet de serre de la Suisse,Fluorocarbures partiellement halogénés,1
1,pol20,2018,1.35940455435641,Émissions de gaz à effet de serre de la Suisse,Fluorocarbures partiellement halogénés,1
1,pol20,2019,1.27760931335063,Émissions de gaz à effet de serre de la Suisse,Fluorocarbures partiellement halogénés,1
1,pol20,2020,1.25893235284479,Émissions de gaz à effet de serre de la Suisse,Fluorocarbures partiellement halogénés,1
1,pol20,2021,1.13023316379648,Émissions de gaz à effet de serre de la Suisse,Fluorocarbures partiellement halogénés,1
1,pol20,2022,1.14260750094543,Émissions de gaz à effet de serre de la Suisse,Fluorocarbures partiellement halogénés,1
1,pol20,2023,1.09914210267139,Émissions de gaz à effet de serre de la Suisse,Fluorocarbures partiellement halogénés,1
1,pol20,2024,1.09138329651224,Émissions de gaz à effet de serre de la Suisse,Fluorocarbures partiellement halogénés,1
1,pol9,1990,44.5408854790361,Émissions de gaz à effet de serre de la Suisse,Dioxyde de carbone,1
1,pol9,1991,46.5062695320153,Émissions de gaz à effet de serre de la Suisse,Dioxyde de carbone,1
1,pol9,1992,46.365026099875,Émissions de gaz à effet de serre de la Suisse,Dioxyde de carbone,1
1,pol9,1993,43.930056868245,Émissions de gaz à effet de serre de la Suisse,Dioxyde de carbone,1
1,pol9,1994,42.9742692783139,Émissions de gaz à effet de serre de la Suisse,Dioxyde de carbone,1
1,pol9,1995,43.6976478299793,Émissions de gaz à effet de serre de la Suisse,Dioxyde de carbone,1
1,pol9,1996,44.3734923646915,Émissions de gaz à effet de serre de la Suisse,Dioxyde de carbone,1
1,pol9,1997,43.293986785341,Émissions de gaz à effet de serre de la Suisse,Dioxyde de carbone,1
1,pol9,1998,44.8520692030788,Émissions de gaz à effet de serre de la Suisse,Dioxyde de carbone,1
1,pol9,1999,44.6622830498791,Émissions de gaz à effet de serre de la Suisse,Dioxyde de carbone,1
1,pol9,2000,43.8250257237959,Émissions de gaz à effet de serre de la Suisse,Dioxyde de carbone,1
1,pol9,2001,45.2751700265546,Émissions de gaz à effet de serre de la Suisse,Dioxyde de carbone,1
1,pol9,2002,43.6440086184116,Émissions de gaz à effet de serre de la Suisse,Dioxyde de carbone,1
1,pol9,2003,44.8151408211923,Émissions de gaz à effet de serre de la Suisse,Dioxyde de carbone,1
1,pol9,2004,45.381510762161,Émissions de gaz à effet de serre de la Suisse,Dioxyde de carbone,1
1,pol9,2005,45.9204205092187,Émissions de gaz à effet de serre de la Suisse,Dioxyde de carbone,1
1,pol9,2006,45.5071280095158,Émissions de gaz à effet de serre de la Suisse,Dioxyde de carbone,1
1,pol9,2007,43.4987642836076,Émissions de gaz à effet de serre de la Suisse,Dioxyde de carbone,1
1,pol9,2008,44.8360930312125,Émissions de gaz à effet de serre de la Suisse,Dioxyde de carbone,1
1,pol9,2009,43.6566603823068,Émissions de gaz à effet de serre de la Suisse,Dioxyde de carbone,1
1,pol9,2010,45.1659380295058,Émissions de gaz à effet de serre de la Suisse,Dioxyde de carbone,1
1,pol9,2011,41.1016921203453,Émissions de gaz à effet de serre de la Suisse,Dioxyde de carbone,1
1,pol9,2012,42.3640066647111,Émissions de gaz à effet de serre de la Suisse,Dioxyde de carbone,1
1,pol9,2013,43.2990923618874,Émissions de gaz à effet de serre de la Suisse,Dioxyde de carbone,1
1,pol9,2014,39.356929056312,Émissions de gaz à effet de serre de la Suisse,Dioxyde de carbone,1
1,pol9,2015,38.8635462236745,Émissions de gaz à effet de serre de la Suisse,Dioxyde de carbone,1
1,pol9,2016,39.332664328381,Émissions de gaz à effet de serre de la Suisse,Dioxyde de carbone,1
1,pol9,2017,38.3415886789942,Émissions de gaz à effet de serre de la Suisse,Dioxyde de carbone,1
1,pol9,2018,37.0452022221395,Émissions de gaz à effet de serre de la Suisse,Dioxyde de carbone,1
1,pol9,2019,36.9259234802638,Émissions de gaz à effet de serre de la Suisse,Dioxyde de carbone,1
1,pol9,2020,34.444157958908,Émissions de gaz à effet de serre de la Suisse,Dioxyde de carbone,1
1,pol9,2021,36.0109280019437,Émissions de gaz à effet de serre de la Suisse,Dioxyde de carbone,1
1,pol9,2022,33.0598071554892,Émissions de gaz à effet de serre de la Suisse,Dioxyde de carbone,1
1,pol9,2023,32.0888502155405,Émissions de gaz à effet de serre de la Suisse,Dioxyde de carbone,1
1,pol9,2024,31.4263019070198,Émissions de gaz à effet de serre de la Suisse,Dioxyde de carbone,1
1,polgroup2,1990,0.246002529330166,Émissions de gaz à effet de serre de la Suisse,Gaz synthétiques,1
1,polgroup2,1991,0.233358114678411,Émissions de gaz à effet de serre de la Suisse,Gaz synthétiques,1
1,polgroup2,1992,0.232509880716163,Émissions de gaz à effet de serre de la Suisse,Gaz synthétiques,1
1,polgroup2,1993,0.185616146447749,Émissions de gaz à effet de serre de la Suisse,Gaz synthétiques,1
1,polgroup2,1994,0.203601772214084,Émissions de gaz à effet de serre de la Suisse,Gaz synthétiques,1
1,polgroup2,1995,0.337829816866092,Émissions de gaz à effet de serre de la Suisse,Gaz synthétiques,1
1,polgroup2,1996,0.386804685044482,Émissions de gaz à effet de serre de la Suisse,Gaz synthétiques,1
1,polgroup2,1997,0.482522471682258,Émissions de gaz à effet de serre de la Suisse,Gaz synthétiques,1
1,polgroup2,1998,0.604105730230354,Émissions de gaz à effet de serre de la Suisse,Gaz synthétiques,1
1,polgroup2,1999,0.673581217037483,Émissions de gaz à effet de serre de la Suisse,Gaz synthétiques,1
1,polgroup2,2000,0.813237180906644,Émissions de gaz à effet de serre de la Suisse,Gaz synthétiques,1
1,polgroup2,2001,0.882601811860805,Émissions de gaz à effet de serre de la Suisse,Gaz synthétiques,1
1,polgroup2,2002,0.980275035170455,Émissions de gaz à effet de serre de la Suisse,Gaz synthétiques,1
1,polgroup2,2003,1.09685960865855,Émissions de gaz à effet de serre de la Suisse,Gaz synthétiques,1
1,polgroup2,2004,1.21204389574613,Émissions de gaz à effet de serre de la Suisse,Gaz synthétiques,1
1,polgroup2,2005,1.24462448623217,Émissions de gaz à effet de serre de la Suisse,Gaz synthétiques,1
1,polgroup2,2006,1.35579899847981,Émissions de gaz à effet de serre de la Suisse,Gaz synthétiques,1
1,polgroup2,2007,1.41898619006094,Émissions de gaz à effet de serre de la Suisse,Gaz synthétiques,1
1,polgroup2,2008,1.48862713803627,Émissions de gaz à effet de serre de la Suisse,Gaz synthétiques,1
1,polgroup2,2009,1.42731278190841,Émissions de gaz à effet de serre de la Suisse,Gaz synthétiques,1
1,polgroup2,2010,1.43184698385795,Émissions de gaz à effet de serre de la Suisse,Gaz synthétiques,1
1,polgroup2,2011,1.49734937989202,Émissions de gaz à effet de serre de la Suisse,Gaz synthétiques,1
1,polgroup2,2012,1.60366156075282,Émissions de gaz à effet de serre de la Suisse,Gaz synthétiques,1
1,polgroup2,2013,1.60631382683821,Émissions de gaz à effet de serre de la Suisse,Gaz synthétiques,1
1,polgroup2,2014,1.62999336615506,Émissions de gaz à effet de serre de la Suisse,Gaz synthétiques,1
1,polgroup2,2015,1.6724677479496,Émissions de gaz à effet de serre de la Suisse,Gaz synthétiques,1
1,polgroup2,2016,1.60459671502592,Émissions de gaz à effet de serre de la Suisse,Gaz synthétiques,1
1,polgroup2,2017,1.60813210995718,Émissions de gaz à effet de serre de la Suisse,Gaz synthétiques,1
1,polgroup2,2018,1.57690250841177,Émissions de gaz à effet de serre de la Suisse,Gaz synthétiques,1
1,polgroup2,2019,1.48449155409281,Émissions de gaz à effet de serre de la Suisse,Gaz synthétiques,1
1,polgroup2,2020,1.44951422334147,Émissions de gaz à effet de serre de la Suisse,Gaz synthétiques,1
1,polgroup2,2021,1.28960846457342,Émissions de gaz à effet de serre de la Suisse,Gaz synthétiques,1
1,polgroup2,2022,1.22660851897092,Émissions de gaz à effet de serre de la Suisse,Gaz synthétiques,1
1,polgroup2,2023,1.19142682614074,Émissions de gaz à effet de serre de la Suisse,Gaz synthétiques,1
1,polgroup2,2024,1.19933682586089,Émissions de gaz à effet de serre de la Suisse,Gaz synthétiques,1
1,test1,1990,55.1653567255142,Émissions de gaz à effet de serre de la Suisse,Tous les gaz à effet de serre,1
1,test1,1991,56.9907220309738,Émissions de gaz à effet de serre de la Suisse,Tous les gaz à effet de serre,1
1,test1,1992,56.722310538282,Émissions de gaz à effet de serre de la Suisse,Tous les gaz à effet de serre,1
1,test1,1993,54.1626388077225,Émissions de gaz à effet de serre de la Suisse,Tous les gaz à effet de serre,1
1,test1,1994,53.0715814710301,Émissions de gaz à effet de serre de la Suisse,Tous les gaz à effet de serre,1
1,test1,1995,53.9611471310886,Émissions de gaz à effet de serre de la Suisse,Tous les gaz à effet de serre,1
1,test1,1996,54.5347182479475,Émissions de gaz à effet de serre de la Suisse,Tous les gaz à effet de serre,1
1,test1,1997,53.3376445357804,Émissions de gaz à effet de serre de la Suisse,Tous les gaz à effet de serre,1
1,test1,1998,54.8839889777845,Émissions de gaz à effet de serre de la Suisse,Tous les gaz à effet de serre,1
1,test1,1999,54.6618372388073,Émissions de gaz à effet de serre de la Suisse,Tous les gaz à effet de serre,1
1,test1,2000,54.0018811408808,Émissions de gaz à effet de serre de la Suisse,Tous les gaz à effet de serre,1
1,test1,2001,55.5116358879081,Émissions de gaz à effet de serre de la Suisse,Tous les gaz à effet de serre,1
1,test1,2002,53.9367864561629,Émissions de gaz à effet de serre de la Suisse,Tous les gaz à effet de serre,1
1,test1,2003,54.9789269983472,Émissions de gaz à effet de serre de la Suisse,Tous les gaz à effet de serre,1
1,test1,2004,55.5602025974065,Émissions de gaz à effet de serre de la Suisse,Tous les gaz à effet de serre,1
1,test1,2005,56.2297808985278,Émissions de gaz à effet de serre de la Suisse,Tous les gaz à effet de serre,1
1,test1,2006,55.8466413914201,Émissions de gaz à effet de serre de la Suisse,Tous les gaz à effet de serre,1
1,test1,2007,53.9381197543804,Émissions de gaz à effet de serre de la Suisse,Tous les gaz à effet de serre,1
1,test1,2008,55.3141151437859,Émissions de gaz à effet de serre de la Suisse,Tous les gaz à effet de serre,1
1,test1,2009,53.8424821353097,Émissions de gaz à effet de serre de la Suisse,Tous les gaz à effet de serre,1
1,test1,2010,55.437000925301,Émissions de gaz à effet de serre de la Suisse,Tous les gaz à effet de serre,1
1,test1,2011,51.2831190686427,Émissions de gaz à effet de serre de la Suisse,Tous les gaz à effet de serre,1
1,test1,2012,52.6653186167916,Émissions de gaz à effet de serre de la Suisse,Tous les gaz à effet de serre,1
1,test1,2013,53.4669940291207,Émissions de gaz à effet de serre de la Suisse,Tous les gaz à effet de serre,1
1,test1,2014,49.5106139987937,Émissions de gaz à effet de serre de la Suisse,Tous les gaz à effet de serre,1
1,test1,2015,48.9920232429707,Émissions de gaz à effet de serre de la Suisse,Tous les gaz à effet de serre,1
1,test1,2016,49.3500846702157,Émissions de gaz à effet de serre de la Suisse,Tous les gaz à effet de serre,1
1,test1,2017,48.4331400506308,Émissions de gaz à effet de serre de la Suisse,Tous les gaz à effet de serre,1
1,test1,2018,46.8817632841104,Émissions de gaz à effet de serre de la Suisse,Tous les gaz à effet de serre,1
1,test1,2019,46.6446680153985,Émissions de gaz à effet de serre de la Suisse,Tous les gaz à effet de serre,1
1,test1,2020,43.9885484417684,Émissions de gaz à effet de serre de la Suisse,Tous les gaz à effet de serre,1
1,test1,2021,45.3016501661596,Émissions de gaz à effet de serre de la Suisse,Tous les gaz à effet de serre,1
1,test1,2022,41.7264419146629,Émissions de gaz à effet de serre de la Suisse,Tous les gaz à effet de serre,1
1,test1,2023,40.6721831567919,Émissions de gaz à effet de serre de la Suisse,Tous les gaz à effet de serre,1
1,test1,2024,40.1110453901432,Émissions de gaz à effet de serre de la Suisse,Tous les gaz à effet de serre,1
11,pol11,1990,0.181451495646572,Bâtiment,Méthane,2
11,pol11,1991,0.195127958716341,Bâtiment,Méthane,2
11,pol11,1992,0.185627577722761,Bâtiment,Méthane,2
11,pol11,1993,0.178864027247784,Bâtiment,Méthane,2
11,pol11,1994,0.161869804697519,Bâtiment,Méthane,2
11,pol11,1995,0.167303534863779,Bâtiment,Méthane,2
11,pol11,1996,0.172736389119859,Bâtiment,Méthane,2
11,pol11,1997,0.15212115484566,Bâtiment,Méthane,2
11,pol11,1998,0.153023380500998,Bâtiment,Méthane,2
11,pol11,1999,0.146662540879952,Bâtiment,Méthane,2
11,pol11,2000,0.132966636486085,Bâtiment,Méthane,2
11,pol11,2001,0.138854765900628,Bâtiment,Méthane,2
11,pol11,2002,0.127617618575277,Bâtiment,Méthane,2
11,pol11,2003,0.132483712143321,Bâtiment,Méthane,2
11,pol11,2004,0.13045199264125,Bâtiment,Méthane,2
11,pol11,2005,0.130818394955392,Bâtiment,Méthane,2
11,pol11,2006,0.124442896049266,Bâtiment,Méthane,2
11,pol11,2007,0.110014455645977,Bâtiment,Méthane,2
11,pol11,2008,0.115641246305496,Bâtiment,Méthane,2
11,pol11,2009,0.111057217056905,Bâtiment,Méthane,2
11,pol11,2010,0.116342773666474,Bâtiment,Méthane,2
11,pol11,2011,0.091719088502154,Bâtiment,Méthane,2
11,pol11,2012,0.0975376365869642,Bâtiment,Méthane,2
11,pol11,2013,0.101957828079652,Bâtiment,Méthane,2
11,pol11,2014,0.0784914326979911,Bâtiment,Méthane,2
11,pol11,2015,0.0832094658577058,Bâtiment,Méthane,2
11,pol11,2016,0.0856285945315254,Bâtiment,Méthane,2
11,pol11,2017,0.0807036151882384,Bâtiment,Méthane,2
11,pol11,2018,0.073307382928381,Bâtiment,Méthane,2
11,pol11,2019,0.0724356343691708,Bâtiment,Méthane,2
11,pol11,2020,0.0669361122178299,Bâtiment,Méthane,2
11,pol11,2021,0.073817112186804,Bâtiment,Méthane,2
11,pol11,2022,0.0599634355159604,Bâtiment,Méthane,2
11,pol11,2023,0.057790022023035,Bâtiment,Méthane,2
11,pol11,2024,0.0561943234835805,Bâtiment,Méthane,2
11,pol12,1990,0.0588440806040457,Bâtiment,Oxyde nitreux,2
11,pol12,1991,0.0639649410873652,Bâtiment,Oxyde nitreux,2
11,pol12,1992,0.0625230628693241,Bâtiment,Oxyde nitreux,2
11,pol12,1993,0.060829766194686,Bâtiment,Oxyde nitreux,2
11,pol12,1994,0.0560918912849547,Bâtiment,Oxyde nitreux,2
11,pol12,1995,0.0593647421245614,Bâtiment,Oxyde nitreux,2
11,pol12,1996,0.0629395161745927,Bâtiment,Oxyde nitreux,2
11,pol12,1997,0.0570269330766857,Bâtiment,Oxyde nitreux,2
11,pol12,1998,0.0591088922544346,Bâtiment,Oxyde nitreux,2
11,pol12,1999,0.0575602462328682,Bâtiment,Oxyde nitreux,2
11,pol12,2000,0.0532502969939767,Bâtiment,Oxyde nitreux,2
11,pol12,2001,0.0572936231105697,Bâtiment,Oxyde nitreux,2
11,pol12,2002,0.0535702763958601,Bâtiment,Oxyde nitreux,2
11,pol12,2003,0.0569399146566549,Bâtiment,Oxyde nitreux,2
11,pol12,2004,0.0562405079867111,Bâtiment,Oxyde nitreux,2
11,pol12,2005,0.0575425050121982,Bâtiment,Oxyde nitreux,2
11,pol12,2006,0.0566534630644979,Bâtiment,Oxyde nitreux,2
11,pol12,2007,0.0511173731937992,Bâtiment,Oxyde nitreux,2
11,pol12,2008,0.0555090494292549,Bâtiment,Oxyde nitreux,2
11,pol12,2009,0.0550989883056974,Bâtiment,Oxyde nitreux,2
11,pol12,2010,0.0596334262888068,Bâtiment,Oxyde nitreux,2
11,pol12,2011,0.0486251568421456,Bâtiment,Oxyde nitreux,2
11,pol12,2012,0.0534972509911925,Bâtiment,Oxyde nitreux,2
11,pol12,2013,0.0579802730421615,Bâtiment,Oxyde nitreux,2
11,pol12,2014,0.0468103861425084,Bâtiment,Oxyde nitreux,2
11,pol12,2015,0.0508393110444606,Bâtiment,Oxyde nitreux,2
11,pol12,2016,0.053895905466153,Bâtiment,Oxyde nitreux,2
11,pol12,2017,0.0524099088543502,Bâtiment,Oxyde nitreux,2
11,pol12,2018,0.0487745737084127,Bâtiment,Oxyde nitreux,2
11,pol12,2019,0.0495401476814724,Bâtiment,Oxyde nitreux,2
11,pol12,2020,0.0466568807205167,Bâtiment,Oxyde nitreux,2
11,pol12,2021,0.0536419000128316,Bâtiment,Oxyde nitreux,2
11,pol12,2022,0.045680265301627,Bâtiment,Oxyde nitreux,2
11,pol12,2023,0.0464658555770507,Bâtiment,Oxyde nitreux,2
11,pol12,2024,0.0452498103907633,Bâtiment,Oxyde nitreux,2
11,pol9,1990,16.4823733412611,Bâtiment,Dioxyde de carbone,2
11,pol9,1991,17.8325619621057,Bâtiment,Dioxyde de carbone,2
11,pol9,1992,17.8876795966172,Bâtiment,Dioxyde de carbone,2
11,pol9,1993,17.2887355282172,Bâtiment,Dioxyde de carbone,2
11,pol9,1994,16.0362127521569,Bâtiment,Dioxyde de carbone,2
11,pol9,1995,17.0799735128002,Bâtiment,Dioxyde de carbone,2
11,pol9,1996,17.932530700451,Bâtiment,Dioxyde de carbone,2
11,pol9,1997,16.5297401758722,Bâtiment,Dioxyde de carbone,2
11,pol9,1998,17.3443502038259,Bâtiment,Dioxyde de carbone,2
11,pol9,1999,16.6891033648841,Bâtiment,Dioxyde de carbone,2
11,pol9,2000,15.6168117232027,Bâtiment,Dioxyde de carbone,2
11,pol9,2001,16.9631670136925,Bâtiment,Dioxyde de carbone,2
11,pol9,2002,15.8423937432755,Bâtiment,Dioxyde de carbone,2
11,pol9,2003,16.8390029022489,Bâtiment,Dioxyde de carbone,2
11,pol9,2004,16.7022710415351,Bâtiment,Dioxyde de carbone,2
11,pol9,2005,16.933508600852,Bâtiment,Dioxyde de carbone,2
11,pol9,2006,16.0930707664394,Bâtiment,Dioxyde de carbone,2
11,pol9,2007,14.2997844009769,Bâtiment,Dioxyde de carbone,2
11,pol9,2008,15.16009748116,Bâtiment,Dioxyde de carbone,2
11,pol9,2009,14.744340475046,Bâtiment,Dioxyde de carbone,2
11,pol9,2010,15.920361541756,Bâtiment,Dioxyde de carbone,2
11,pol9,2011,12.7911086259131,Bâtiment,Dioxyde de carbone,2
11,pol9,2012,14.0109473059482,Bâtiment,Dioxyde de carbone,2
11,pol9,2013,14.9215260332262,Bâtiment,Dioxyde de carbone,2
11,pol9,2014,11.5853778037061,Bâtiment,Dioxyde de carbone,2
11,pol9,2015,12.4234975582969,Bâtiment,Dioxyde de carbone,2
11,pol9,2016,12.8864602084452,Bâtiment,Dioxyde de carbone,2
11,pol9,2017,12.2672954371634,Bâtiment,Dioxyde de carbone,2
11,pol9,2018,11.1139477982912,Bâtiment,Dioxyde de carbone,2
11,pol9,2019,11.1146562988165,Bâtiment,Dioxyde de carbone,2
11,pol9,2020,10.2756141741631,Bâtiment,Dioxyde de carbone,2
11,pol9,2021,11.5289116420323,Bâtiment,Dioxyde de carbone,2
11,pol9,2022,9.26325670495185,Bâtiment,Dioxyde de carbone,2
11,pol9,2023,8.92761339060003,Bâtiment,Dioxyde de carbone,2
11,pol9,2024,8.73497108633679,Bâtiment,Dioxyde de carbone,2
11,test1,1990,16.7226689175118,Bâtiment,Tous les gaz à effet de serre,2
11,test1,1991,18.0916548619094,Bâtiment,Tous les gaz à effet de serre,2
11,test1,1992,18.1358302372092,Bâtiment,Tous les gaz à effet de serre,2
11,test1,1993,17.5284293216597,Bâtiment,Tous les gaz à effet de serre,2
11,test1,1994,16.2541744481394,Bâtiment,Tous les gaz à effet de serre,2
11,test1,1995,17.3066417897885,Bâtiment,Tous les gaz à effet de serre,2
11,test1,1996,18.1682066057455,Bâtiment,Tous les gaz à effet de serre,2
11,test1,1997,16.7388882637945,Bâtiment,Tous les gaz à effet de serre,2
11,test1,1998,17.5564824765813,Bâtiment,Tous les gaz à effet de serre,2
11,test1,1999,16.893326151997,Bâtiment,Tous les gaz à effet de serre,2
11,test1,2000,15.8030286566828,Bâtiment,Tous les gaz à effet de serre,2
11,test1,2001,17.1593154027037,Bâtiment,Tous les gaz à effet de serre,2
11,test1,2002,16.0235816382467,Bâtiment,Tous les gaz à effet de serre,2
11,test1,2003,17.0284265290488,Bâtiment,Tous les gaz à effet de serre,2
11,test1,2004,16.888963542163,Bâtiment,Tous les gaz à effet de serre,2
11,test1,2005,17.1218695008195,Bâtiment,Tous les gaz à effet de serre,2
11,test1,2006,16.2741671255532,Bâtiment,Tous les gaz à effet de serre,2
11,test1,2007,14.4609162298167,Bâtiment,Tous les gaz à effet de serre,2
11,test1,2008,15.3312477768947,Bâtiment,Tous les gaz à effet de serre,2
11,test1,2009,14.9104966804086,Bâtiment,Tous les gaz à effet de serre,2
11,test1,2010,16.0963377417112,Bâtiment,Tous les gaz à effet de serre,2
11,test1,2011,12.9314528712574,Bâtiment,Tous les gaz à effet de serre,2
11,test1,2012,14.1619821935263,Bâtiment,Tous les gaz à effet de serre,2
11,test1,2013,15.081464134348,Bâtiment,Tous les gaz à effet de serre,2
11,test1,2014,11.7106796225466,Bâtiment,Tous les gaz à effet de serre,2
11,test1,2015,12.557546335199,Bâtiment,Tous les gaz à effet de serre,2
11,test1,2016,13.0259847084429,Bâtiment,Tous les gaz à effet de serre,2
11,test1,2017,12.400408961206,Bâtiment,Tous les gaz à effet de serre,2
11,test1,2018,11.236029754928,Bâtiment,Tous les gaz à effet de serre,2
11,test1,2019,11.2366320808672,Bâtiment,Tous les gaz à effet de serre,2
11,test1,2020,10.3892071671015,Bâtiment,Tous les gaz à effet de serre,2
11,test1,2021,11.6563706542319,Bâtiment,Tous les gaz à effet de serre,2
11,test1,2022,9.36890040576944,Bâtiment,Tous les gaz à effet de serre,2
11,test1,2023,9.03186926820011,Bâtiment,Tous les gaz à effet de serre,2
11,test1,2024,8.83641522021113,Bâtiment,Tous les gaz à effet de serre,2
111,pol11,1990,0.152688250880821,Ménages,Méthane,3
111,pol11,1991,0.162875976890097,Ménages,Méthane,3
111,pol11,1992,0.153665576751408,Ménages,Méthane,3
111,pol11,1993,0.146694084992004,Ménages,Méthane,3
111,pol11,1994,0.132672331592819,Ménages,Méthane,3
111,pol11,1995,0.136847721394631,Ménages,Méthane,3
111,pol11,1996,0.13973968111645,Ménages,Méthane,3
111,pol11,1997,0.122495533266799,Ménages,Méthane,3
111,pol11,1998,0.121591891144366,Ménages,Méthane,3
111,pol11,1999,0.116740695152686,Ménages,Méthane,3
111,pol11,2000,0.104569257367713,Ménages,Méthane,3
111,pol11,2001,0.107501668494965,Ménages,Méthane,3
111,pol11,2002,0.0996985460930867,Ménages,Méthane,3
111,pol11,2003,0.102937035746211,Ménages,Méthane,3
111,pol11,2004,0.101858332315426,Ménages,Méthane,3
111,pol11,2005,0.102129238621786,Ménages,Méthane,3
111,pol11,2006,0.0969578659955672,Ménages,Méthane,3
111,pol11,2007,0.0851302111194636,Ménages,Méthane,3
111,pol11,2008,0.0904604239550655,Ménages,Méthane,3
111,pol11,2009,0.0866662194764431,Ménages,Méthane,3
111,pol11,2010,0.0913813250165843,Ménages,Méthane,3
111,pol11,2011,0.0719425236912421,Ménages,Méthane,3
111,pol11,2012,0.0763225357306264,Ménages,Méthane,3
111,pol11,2013,0.0795165376755849,Ménages,Méthane,3
111,pol11,2014,0.0597083555945902,Ménages,Méthane,3
111,pol11,2015,0.0630843147879244,Ménages,Méthane,3
111,pol11,2016,0.064717744402211,Ménages,Méthane,3
111,pol11,2017,0.060765677523326,Ménages,Méthane,3
111,pol11,2018,0.0552186897204518,Ménages,Méthane,3
111,pol11,2019,0.0544598540807711,Ménages,Méthane,3
111,pol11,2020,0.0502055042305563,Ménages,Méthane,3
111,pol11,2021,0.0549806767677942,Ménages,Méthane,3
111,pol11,2022,0.0446101410569723,Ménages,Méthane,3
111,pol11,2023,0.0426913238877771,Ménages,Méthane,3
111,pol11,2024,0.0414534387375228,Ménages,Méthane,3
111,pol12,1990,0.0463570253851453,Ménages,Oxyde nitreux,3
111,pol12,1991,0.0496500793676643,Ménages,Oxyde nitreux,3
111,pol12,1992,0.0481801138592492,Ménages,Oxyde nitreux,3
111,pol12,1993,0.0463079311449462,Ménages,Oxyde nitreux,3
111,pol12,1994,0.0428850673201248,Ménages,Oxyde nitreux,3
111,pol12,1995,0.04523232281611,Ménages,Oxyde nitreux,3
111,pol12,1996,0.0472311131246527,Ménages,Oxyde nitreux,3
111,pol12,1997,0.0427749272544684,Ménages,Oxyde nitreux,3
111,pol12,1998,0.0435864676158419,Ménages,Oxyde nitreux,3
111,pol12,1999,0.0425565929116583,Ménages,Oxyde nitreux,3
111,pol12,2000,0.0388835390497776,Ménages,Oxyde nitreux,3
111,pol12,2001,0.0409114464829708,Ménages,Oxyde nitreux,3
111,pol12,2002,0.0387987490577026,Ménages,Oxyde nitreux,3
111,pol12,2003,0.040998049819993,Ménages,Oxyde nitreux,3
111,pol12,2004,0.040577073568677,Ménages,Oxyde nitreux,3
111,pol12,2005,0.0416054461557143,Ménages,Oxyde nitreux,3
111,pol12,2006,0.0405415710351063,Ménages,Oxyde nitreux,3
111,pol12,2007,0.0361836609170209,Ménages,Oxyde nitreux,3
111,pol12,2008,0.0395298446949162,Ménages,Oxyde nitreux,3
111,pol12,2009,0.0390545360312086,Ménages,Oxyde nitreux,3
111,pol12,2010,0.0424302582769962,Ménages,Oxyde nitreux,3
111,pol12,2011,0.0342853262751,Ménages,Oxyde nitreux,3
111,pol12,2012,0.0375581953411545,Ménages,Oxyde nitreux,3
111,pol12,2013,0.0406961219167871,Ménages,Oxyde nitreux,3
111,pol12,2014,0.031760698813188,Ménages,Oxyde nitreux,3
111,pol12,2015,0.0343033561111061,Ménages,Oxyde nitreux,3
111,pol12,2016,0.0362783019441421,Ménages,Oxyde nitreux,3
111,pol12,2017,0.0350902674606395,Ménages,Oxyde nitreux,3
111,pol12,2018,0.0325044762963901,Ménages,Oxyde nitreux,3
111,pol12,2019,0.0328484811640162,Ménages,Oxyde nitreux,3
111,pol12,2020,0.0296953842572854,Ménages,Oxyde nitreux,3
111,pol12,2021,0.0338717253047187,Ménages,Oxyde nitreux,3
111,pol12,2022,0.0284656567068478,Ménages,Oxyde nitreux,3
111,pol12,2023,0.0286284142713095,Ménages,Oxyde nitreux,3
111,pol12,2024,0.0291931350566146,Ménages,Oxyde nitreux,3
111,pol9,1990,11.635420851135,Ménages,Dioxyde de carbone,3
111,pol9,1991,12.3044208741822,Ménages,Dioxyde de carbone,3
111,pol9,1992,12.3127542700053,Ménages,Dioxyde de carbone,3
111,pol9,1993,11.6456157084051,Ménages,Dioxyde de carbone,3
111,pol9,1994,10.9895878388544,Ménages,Dioxyde de carbone,3
111,pol9,1995,11.8260849127623,Ménages,Dioxyde de carbone,3
111,pol9,1996,12.1969224239968,Ménages,Dioxyde de carbone,3
111,pol9,1997,11.4006198831642,Ménages,Dioxyde de carbone,3
111,pol9,1998,11.7901252032685,Ménages,Dioxyde de carbone,3
111,pol9,1999,11.5620805854881,Ménages,Dioxyde de carbone,3
111,pol9,2000,10.6630221740972,Ménages,Dioxyde de carbone,3
111,pol9,2001,11.228811499433,Ménages,Dioxyde de carbone,3
111,pol9,2002,10.8389488514997,Ménages,Dioxyde de carbone,3
111,pol9,2003,11.4592933669945,Ménages,Dioxyde de carbone,3
111,pol9,2004,11.4672210774089,Ménages,Dioxyde de carbone,3
111,pol9,2005,11.6207542436595,Ménages,Dioxyde de carbone,3
111,pol9,2006,11.145554649334,Ménages,Dioxyde de carbone,3
111,pol9,2007,9.85672204002457,Ménages,Dioxyde de carbone,3
111,pol9,2008,10.4784503534196,Ménages,Dioxyde de carbone,3
111,pol9,2009,10.2318941849921,Ménages,Dioxyde de carbone,3
111,pol9,2010,11.029645480305,Ménages,Dioxyde de carbone,3
111,pol9,2011,8.78805962960325,Ménages,Dioxyde de carbone,3
111,pol9,2012,9.65372385036794,Ménages,Dioxyde de carbone,3
111,pol9,2013,10.2575764320341,Ménages,Dioxyde de carbone,3
111,pol9,2014,7.9816554310099,Ménages,Dioxyde de carbone,3
111,pol9,2015,8.50204215706628,Ménages,Dioxyde de carbone,3
111,pol9,2016,8.79862616010407,Ménages,Dioxyde de carbone,3
111,pol9,2017,8.37159020159672,Ménages,Dioxyde de carbone,3
111,pol9,2018,7.62514319071849,Ménages,Dioxyde de carbone,3
111,pol9,2019,7.63385824961656,Ménages,Dioxyde de carbone,3
111,pol9,2020,7.04753554943755,Ménages,Dioxyde de carbone,3
111,pol9,2021,7.85703305577588,Ménages,Dioxyde de carbone,3
111,pol9,2022,6.33381110421304,Ménages,Dioxyde de carbone,3
111,pol9,2023,6.08433829356661,Ménages,Dioxyde de carbone,3
111,pol9,2024,5.92733635044785,Ménages,Dioxyde de carbone,3
111,test1,1990,11.834466127401,Ménages,Tous les gaz à effet de serre,3
111,test1,1991,12.5169469304399,Ménages,Tous les gaz à effet de serre,3
111,test1,1992,12.514599960616,Ménages,Tous les gaz à effet de serre,3
111,test1,1993,11.8386177245421,Ménages,Tous les gaz à effet de serre,3
111,test1,1994,11.1651452377673,Ménages,Tous les gaz à effet de serre,3
111,test1,1995,12.008164956973,Ménages,Tous les gaz à effet de serre,3
111,test1,1996,12.3838932182379,Ménages,Tous les gaz à effet de serre,3
111,test1,1997,11.5658903436855,Ménages,Tous les gaz à effet de serre,3
111,test1,1998,11.9553035620287,Ménages,Tous les gaz à effet de serre,3
111,test1,1999,11.7213778735525,Ménages,Tous les gaz à effet de serre,3
111,test1,2000,10.8064749705147,Ménages,Tous les gaz à effet de serre,3
111,test1,2001,11.3772246144109,Ménages,Tous les gaz à effet de serre,3
111,test1,2002,10.9774461466505,Ménages,Tous les gaz à effet de serre,3
111,test1,2003,11.6032284525607,Ménages,Tous les gaz à effet de serre,3
111,test1,2004,11.609656483293,Ménages,Tous les gaz à effet de serre,3
111,test1,2005,11.764488928437,Ménages,Tous les gaz à effet de serre,3
111,test1,2006,11.2830540863647,Ménages,Tous les gaz à effet de serre,3
111,test1,2007,9.97803591206105,Ménages,Tous les gaz à effet de serre,3
111,test1,2008,10.6084406220696,Ménages,Tous les gaz à effet de serre,3
111,test1,2009,10.3576149404998,Ménages,Tous les gaz à effet de serre,3
111,test1,2010,11.1634570635986,Ménages,Tous les gaz à effet de serre,3
111,test1,2011,8.89428747956959,Ménages,Tous les gaz à effet de serre,3
111,test1,2012,9.76760458143972,Ménages,Tous les gaz à effet de serre,3
111,test1,2013,10.3777890916264,Ménages,Tous les gaz à effet de serre,3
111,test1,2014,8.07312448541768,Ménages,Tous les gaz à effet de serre,3
111,test1,2015,8.59942982796531,Ménages,Tous les gaz à effet de serre,3
111,test1,2016,8.89962220645042,Ménages,Tous les gaz à effet de serre,3
111,test1,2017,8.46744614658069,Ménages,Tous les gaz à effet de serre,3
111,test1,2018,7.71286635673533,Ménages,Tous les gaz à effet de serre,3
111,test1,2019,7.72116658486134,Ménages,Tous les gaz à effet de serre,3
111,test1,2020,7.12743643792539,Ménages,Tous les gaz à effet de serre,3
111,test1,2021,7.94588545784839,Ménages,Tous les gaz à effet de serre,3
111,test1,2022,6.40688690197686,Ménages,Tous les gaz à effet de serre,3
111,test1,2023,6.15565803172569,Ménages,Tous les gaz à effet de serre,3
111,test1,2024,5.99798292424199,Ménages,Tous les gaz à effet de serre,3
112,pol11,1990,0.0287632447657507,Services,Méthane,3
112,pol11,1991,0.0322519818262442,Services,Méthane,3
112,pol11,1992,0.0319620009713525,Services,Méthane,3
112,pol11,1993,0.0321699422557802,Services,Méthane,3
112,pol11,1994,0.0291974731047002,Services,Méthane,3
112,pol11,1995,0.0304558134691482,Services,Méthane,3
112,pol11,1996,0.0329967080034088,Services,Méthane,3
112,pol11,1997,0.0296256215788608,Services,Méthane,3
112,pol11,1998,0.0314314893566314,Services,Méthane,3
112,pol11,1999,0.0299218457272659,Services,Méthane,3
112,pol11,2000,0.0283973791183725,Services,Méthane,3
112,pol11,2001,0.0313530974056624,Services,Méthane,3
112,pol11,2002,0.0279190724821898,Services,Méthane,3
112,pol11,2003,0.0295466763971106,Services,Méthane,3
112,pol11,2004,0.0285936603258233,Services,Méthane,3
112,pol11,2005,0.0286891563336062,Services,Méthane,3
112,pol11,2006,0.0274850300536984,Services,Méthane,3
112,pol11,2007,0.0248842445265135,Services,Méthane,3
112,pol11,2008,0.0251808223504301,Services,Méthane,3
112,pol11,2009,0.0243909975804616,Services,Méthane,3
112,pol11,2010,0.0249614486498901,Services,Méthane,3
112,pol11,2011,0.0197765648109119,Services,Méthane,3
112,pol11,2012,0.0212151008563378,Services,Méthane,3
112,pol11,2013,0.0224412904040673,Services,Méthane,3
112,pol11,2014,0.0187830771034009,Services,Méthane,3
112,pol11,2015,0.0201251510697814,Services,Méthane,3
112,pol11,2016,0.0209108501293143,Services,Méthane,3
112,pol11,2017,0.0199379376649124,Services,Méthane,3
112,pol11,2018,0.0180886932079292,Services,Méthane,3
112,pol11,2019,0.0179757802883997,Services,Méthane,3
112,pol11,2020,0.0167306079872736,Services,Méthane,3
112,pol11,2021,0.0188364354190098,Services,Méthane,3
112,pol11,2022,0.0153532944589881,Services,Méthane,3
112,pol11,2023,0.0150986981352579,Services,Méthane,3
112,pol11,2024,0.0147408847460577,Services,Méthane,3
112,pol12,1990,0.0124870552189003,Services,Oxyde nitreux,3
112,pol12,1991,0.0143148617197009,Services,Oxyde nitreux,3
112,pol12,1992,0.0143429490100749,Services,Oxyde nitreux,3
112,pol12,1993,0.0145218350497398,Services,Oxyde nitreux,3
112,pol12,1994,0.0132068239648299,Services,Oxyde nitreux,3
112,pol12,1995,0.0141324193084514,Services,Oxyde nitreux,3
112,pol12,1996,0.0157084030499399,Services,Oxyde nitreux,3
112,pol12,1997,0.0142520058222174,Services,Oxyde nitreux,3
112,pol12,1998,0.0155224246385927,Services,Oxyde nitreux,3
112,pol12,1999,0.0150036533212099,Services,Oxyde nitreux,3
112,pol12,2000,0.0143667579441991,Services,Oxyde nitreux,3
112,pol12,2001,0.0163821766275988,Services,Oxyde nitreux,3
112,pol12,2002,0.0147715273381576,Services,Oxyde nitreux,3
112,pol12,2003,0.0159418648366619,Services,Oxyde nitreux,3
112,pol12,2004,0.0156634344180341,Services,Oxyde nitreux,3
112,pol12,2005,0.0159370588564839,Services,Oxyde nitreux,3
112,pol12,2006,0.0161118920293916,Services,Oxyde nitreux,3
112,pol12,2007,0.0149337122767783,Services,Oxyde nitreux,3
112,pol12,2008,0.0159792047343387,Services,Oxyde nitreux,3
112,pol12,2009,0.0160444522744888,Services,Oxyde nitreux,3
112,pol12,2010,0.0172031680118106,Services,Oxyde nitreux,3
112,pol12,2011,0.0143398305670456,Services,Oxyde nitreux,3
112,pol12,2012,0.015939055650038,Services,Oxyde nitreux,3
112,pol12,2013,0.0172841511253743,Services,Oxyde nitreux,3
112,pol12,2014,0.0150496873293204,Services,Oxyde nitreux,3
112,pol12,2015,0.0165359549333545,Services,Oxyde nitreux,3
112,pol12,2016,0.0176176035220109,Services,Oxyde nitreux,3
112,pol12,2017,0.0173196413937107,Services,Oxyde nitreux,3
112,pol12,2018,0.0162700974120225,Services,Oxyde nitreux,3
112,pol12,2019,0.0166916665174561,Services,Oxyde nitreux,3
112,pol12,2020,0.0169614964632314,Services,Oxyde nitreux,3
112,pol12,2021,0.0197701747081128,Services,Oxyde nitreux,3
112,pol12,2022,0.0172146085947792,Services,Oxyde nitreux,3
112,pol12,2023,0.0178374413057412,Services,Oxyde nitreux,3
112,pol12,2024,0.0160566753341487,Services,Oxyde nitreux,3
112,pol9,1990,4.84695249012615,Services,Dioxyde de carbone,3
112,pol9,1991,5.5281410879235,Services,Dioxyde de carbone,3
112,pol9,1992,5.57492532661186,Services,Dioxyde de carbone,3
112,pol9,1993,5.64311981981212,Services,Dioxyde de carbone,3
112,pol9,1994,5.04662491330257,Services,Dioxyde de carbone,3
112,pol9,1995,5.25388860003793,Services,Dioxyde de carbone,3
112,pol9,1996,5.7356082764542,Services,Dioxyde de carbone,3
112,pol9,1997,5.12912029270798,Services,Dioxyde de carbone,3
112,pol9,1998,5.55422500055735,Services,Dioxyde de carbone,3
112,pol9,1999,5.12702277939604,Services,Dioxyde de carbone,3
112,pol9,2000,4.95378954910554,Services,Dioxyde de carbone,3
112,pol9,2001,5.7343555142595,Services,Dioxyde de carbone,3
112,pol9,2002,5.00344489177585,Services,Dioxyde de carbone,3
112,pol9,2003,5.37970953525439,Services,Dioxyde de carbone,3
112,pol9,2004,5.2350499641262,Services,Dioxyde de carbone,3
112,pol9,2005,5.31275435719243,Services,Dioxyde de carbone,3
112,pol9,2006,4.9475161171054,Services,Dioxyde de carbone,3
112,pol9,2007,4.44306236095236,Services,Dioxyde de carbone,3
112,pol9,2008,4.68164712774035,Services,Dioxyde de carbone,3
112,pol9,2009,4.51244629005394,Services,Dioxyde de carbone,3
112,pol9,2010,4.89071606145094,Services,Dioxyde de carbone,3
112,pol9,2011,4.00304899630988,Services,Dioxyde de carbone,3
112,pol9,2012,4.35722345558025,Services,Dioxyde de carbone,3
112,pol9,2013,4.66394960119212,Services,Dioxyde de carbone,3
112,pol9,2014,3.60372237269625,Services,Dioxyde de carbone,3
112,pol9,2015,3.92145540123058,Services,Dioxyde de carbone,3
112,pol9,2016,4.0878340483411,Services,Dioxyde de carbone,3
112,pol9,2017,3.89570523556672,Services,Dioxyde de carbone,3
112,pol9,2018,3.48880460757274,Services,Dioxyde de carbone,3
112,pol9,2019,3.48079804919996,Services,Dioxyde de carbone,3
112,pol9,2020,3.22807862472558,Services,Dioxyde de carbone,3
112,pol9,2021,3.67187858625639,Services,Dioxyde de carbone,3
112,pol9,2022,2.92944560073881,Services,Dioxyde de carbone,3
112,pol9,2023,2.84327509703342,Services,Dioxyde de carbone,3
112,pol9,2024,2.80763473588893,Services,Dioxyde de carbone,3
112,test1,1990,4.8882027901108,Services,Tous les gaz à effet de serre,3
112,test1,1991,5.57470793146945,Services,Tous les gaz à effet de serre,3
112,test1,1992,5.62123027659329,Services,Tous les gaz à effet de serre,3
112,test1,1993,5.68981159711764,Services,Tous les gaz à effet de serre,3
112,test1,1994,5.0890292103721,Services,Tous les gaz à effet de serre,3
112,test1,1995,5.29847683281553,Services,Tous les gaz à effet de serre,3
112,test1,1996,5.78431338750755,Services,Tous les gaz à effet de serre,3
112,test1,1997,5.17299792010906,Services,Tous les gaz à effet de serre,3
112,test1,1998,5.60117891455257,Services,Tous les gaz à effet de serre,3
112,test1,1999,5.17194827844451,Services,Tous les gaz à effet de serre,3
112,test1,2000,4.99655368616811,Services,Tous les gaz à effet de serre,3
112,test1,2001,5.78209078829276,Services,Tous les gaz à effet de serre,3
112,test1,2002,5.0461354915962,Services,Tous les gaz à effet de serre,3
112,test1,2003,5.42519807648816,Services,Tous les gaz à effet de serre,3
112,test1,2004,5.27930705887006,Services,Tous les gaz à effet de serre,3
112,test1,2005,5.35738057238252,Services,Tous les gaz à effet de serre,3
112,test1,2006,4.99111303918849,Services,Tous les gaz à effet de serre,3
112,test1,2007,4.48288031775566,Services,Tous les gaz à effet de serre,3
112,test1,2008,4.72280715482512,Services,Tous les gaz à effet de serre,3
112,test1,2009,4.55288173990889,Services,Tous les gaz à effet de serre,3
112,test1,2010,4.93288067811264,Services,Tous les gaz à effet de serre,3
112,test1,2011,4.03716539168784,Services,Tous les gaz à effet de serre,3
112,test1,2012,4.39437761208662,Services,Tous les gaz à effet de serre,3
112,test1,2013,4.70367504272156,Services,Tous les gaz à effet de serre,3
112,test1,2014,3.63755513712897,Services,Tous les gaz à effet de serre,3
112,test1,2015,3.95811650723372,Services,Tous les gaz à effet de serre,3
112,test1,2016,4.12636250199243,Services,Tous les gaz à effet de serre,3
112,test1,2017,3.93296281462535,Services,Tous les gaz à effet de serre,3
112,test1,2018,3.52316339819269,Services,Tous les gaz à effet de serre,3
112,test1,2019,3.51546549600582,Services,Tous les gaz à effet de serre,3
112,test1,2020,3.26177072917608,Services,Tous les gaz à effet de serre,3
112,test1,2021,3.71048519638352,Services,Tous les gaz à effet de serre,3
112,test1,2022,2.96201350379257,Services,Tous les gaz à effet de serre,3
112,test1,2023,2.87621123647442,Services,Tous les gaz à effet de serre,3
112,test1,2024,2.83843229596914,Services,Tous les gaz à effet de serre,3
12,pol11,1990,0.134589576368824,Transports,Méthane,2
12,pol11,1991,0.12523413545837,Transports,Méthane,2
12,pol11,1992,0.114435920687506,Transports,Méthane,2
12,pol11,1993,0.0959535154800719,Transports,Méthane,2
12,pol11,1994,0.0871593318601802,Transports,Méthane,2
12,pol11,1995,0.0785709815770797,Transports,Méthane,2
12,pol11,1996,0.0751788371075072,Transports,Méthane,2
12,pol11,1997,0.0735183786091393,Transports,Méthane,2
12,pol11,1998,0.0706261137641259,Transports,Méthane,2
12,pol11,1999,0.0701124967421071,Transports,Méthane,2
12,pol11,2000,0.0675115347808801,Transports,Méthane,2
12,pol11,2001,0.0626587220718963,Transports,Méthane,2
12,pol11,2002,0.0584629429151099,Transports,Méthane,2
12,pol11,2003,0.0557757523951817,Transports,Méthane,2
12,pol11,2004,0.0527908635744115,Transports,Méthane,2
12,pol11,2005,0.049899146339855,Transports,Méthane,2
12,pol11,2006,0.0460102443279092,Transports,Méthane,2
12,pol11,2007,0.0454241097848794,Transports,Méthane,2
12,pol11,2008,0.0428070122330578,Transports,Méthane,2
12,pol11,2009,0.0400662152269876,Transports,Méthane,2
12,pol11,2010,0.036510965335401,Transports,Méthane,2
12,pol11,2011,0.0338206036960198,Transports,Méthane,2
12,pol11,2012,0.031294043755515,Transports,Méthane,2
12,pol11,2013,0.0286341286478736,Transports,Méthane,2
12,pol11,2014,0.0266801924482798,Transports,Méthane,2
12,pol11,2015,0.0243853430446255,Transports,Méthane,2
12,pol11,2016,0.0237562503010099,Transports,Méthane,2
12,pol11,2017,0.0235398455622659,Transports,Méthane,2
12,pol11,2018,0.0232175297490756,Transports,Méthane,2
12,pol11,2019,0.022453871898681,Transports,Méthane,2
12,pol11,2020,0.0198753790132146,Transports,Méthane,2
12,pol11,2021,0.0197097487386774,Transports,Méthane,2
12,pol11,2022,0.0189783864284831,Transports,Méthane,2
12,pol11,2023,0.0188739622506564,Transports,Méthane,2
12,pol11,2024,0.0182290343824802,Transports,Méthane,2
12,pol12,1990,0.154525764797288,Transports,Oxyde nitreux,2
12,pol12,1991,0.176313031092099,Transports,Oxyde nitreux,2
12,pol12,1992,0.198283077345126,Transports,Oxyde nitreux,2
12,pol12,1993,0.196097941247721,Transports,Oxyde nitreux,2
12,pol12,1994,0.207499318173795,Transports,Oxyde nitreux,2
12,pol12,1995,0.211309498756621,Transports,Oxyde nitreux,2
12,pol12,1996,0.22330530322423,Transports,Oxyde nitreux,2
12,pol12,1997,0.232937543082687,Transports,Oxyde nitreux,2
12,pol12,1998,0.232648789108622,Transports,Oxyde nitreux,2
12,pol12,1999,0.23476232467424,Transports,Oxyde nitreux,2
12,pol12,2000,0.227222576045678,Transports,Oxyde nitreux,2
12,pol12,2001,0.212413636782874,Transports,Oxyde nitreux,2
12,pol12,2002,0.19838202628873,Transports,Oxyde nitreux,2
12,pol12,2003,0.184137170029313,Transports,Oxyde nitreux,2
12,pol12,2004,0.0942354728959224,Transports,Oxyde nitreux,2
12,pol12,2005,0.0898774061255478,Transports,Oxyde nitreux,2
12,pol12,2006,0.0851437191134276,Transports,Oxyde nitreux,2
12,pol12,2007,0.0864879088709284,Transports,Oxyde nitreux,2
12,pol12,2008,0.0880242025272383,Transports,Oxyde nitreux,2
12,pol12,2009,0.0875781838603544,Transports,Oxyde nitreux,2
12,pol12,2010,0.0869915722984004,Transports,Oxyde nitreux,2
12,pol12,2011,0.0880417113841141,Transports,Oxyde nitreux,2
12,pol12,2012,0.091323673160655,Transports,Oxyde nitreux,2
12,pol12,2013,0.0935012562849308,Transports,Oxyde nitreux,2
12,pol12,2014,0.0957187888609676,Transports,Oxyde nitreux,2
12,pol12,2015,0.0951793772940178,Transports,Oxyde nitreux,2
12,pol12,2016,0.0990107220676958,Transports,Oxyde nitreux,2
12,pol12,2017,0.102568450310144,Transports,Oxyde nitreux,2
12,pol12,2018,0.107779100992922,Transports,Oxyde nitreux,2
12,pol12,2019,0.109497729335196,Transports,Oxyde nitreux,2
12,pol12,2020,0.107775817662771,Transports,Oxyde nitreux,2
12,pol12,2021,0.107767582283096,Transports,Oxyde nitreux,2
12,pol12,2022,0.105452286601732,Transports,Oxyde nitreux,2
12,pol12,2023,0.104573485877356,Transports,Oxyde nitreux,2
12,pol12,2024,0.104043279638649,Transports,Oxyde nitreux,2
12,pol9,1990,14.6060856088133,Transports,Dioxyde de carbone,2
12,pol9,1991,15.0649368843281,Transports,Dioxyde de carbone,2
12,pol9,1992,15.3733086472873,Transports,Dioxyde de carbone,2
12,pol9,1993,14.3104837199455,Transports,Dioxyde de carbone,2
12,pol9,1994,14.4720363199307,Transports,Dioxyde de carbone,2
12,pol9,1995,14.1520381775217,Transports,Dioxyde de carbone,2
12,pol9,1996,14.1965298680368,Transports,Dioxyde de carbone,2
12,pol9,1997,14.7574690064369,Transports,Dioxyde de carbone,2
12,pol9,1998,14.969272671149,Transports,Dioxyde de carbone,2
12,pol9,1999,15.5592062155801,Transports,Dioxyde de carbone,2
12,pol9,2000,15.811988288065,Transports,Dioxyde de carbone,2
12,pol9,2001,15.5314835618089,Transports,Dioxyde de carbone,2
12,pol9,2002,15.4823945997123,Transports,Dioxyde de carbone,2
12,pol9,2003,15.6482511237987,Transports,Dioxyde de carbone,2
12,pol9,2004,15.7703412095629,Transports,Dioxyde de carbone,2
12,pol9,2005,15.8510304173327,Transports,Dioxyde de carbone,2
12,pol9,2006,15.9808502346636,Transports,Dioxyde de carbone,2
12,pol9,2007,16.29785143207,Transports,Dioxyde de carbone,2
12,pol9,2008,16.6415404433736,Transports,Dioxyde de carbone,2
12,pol9,2009,16.4424372142538,Transports,Dioxyde de carbone,2
12,pol9,2010,16.3376292976777,Transports,Dioxyde de carbone,2
12,pol9,2011,16.146122245327,Transports,Dioxyde de carbone,2
12,pol9,2012,16.2700992169715,Transports,Dioxyde de carbone,2
12,pol9,2013,16.1829907258052,Transports,Dioxyde de carbone,2
12,pol9,2014,16.0822421079805,Transports,Dioxyde de carbone,2
12,pol9,2015,15.3474154218765,Transports,Dioxyde de carbone,2
12,pol9,2016,15.1906789932766,Transports,Dioxyde de carbone,2
12,pol9,2017,14.9203446260996,Transports,Dioxyde de carbone,2
12,pol9,2018,14.9263990010891,Transports,Dioxyde de carbone,2
12,pol9,2019,14.874404404783,Transports,Dioxyde de carbone,2
12,pol9,2020,13.5850109341471,Transports,Dioxyde de carbone,2
12,pol9,2021,13.7589713946114,Transports,Dioxyde de carbone,2
12,pol9,2022,13.5923873732937,Transports,Dioxyde de carbone,2
12,pol9,2023,13.609994907496,Transports,Dioxyde de carbone,2
12,pol9,2024,13.3024808727493,Transports,Dioxyde de carbone,2
12,test1,1990,14.8952009499794,Transports,Tous les gaz à effet de serre,2
12,test1,1991,15.3664840508786,Transports,Tous les gaz à effet de serre,2
12,test1,1992,15.6860276453199,Transports,Tous les gaz à effet de serre,2
12,test1,1993,14.6025351766733,Transports,Tous les gaz à effet de serre,2
12,test1,1994,14.7666949699647,Transports,Tous les gaz à effet de serre,2
12,test1,1995,14.4419186578554,Transports,Tous les gaz à effet de serre,2
12,test1,1996,14.4950140083686,Transports,Tous les gaz à effet de serre,2
12,test1,1997,15.0639249281287,Transports,Tous les gaz à effet de serre,2
12,test1,1998,15.2725475740218,Transports,Tous les gaz à effet de serre,2
12,test1,1999,15.8640810369964,Transports,Tous les gaz à effet de serre,2
12,test1,2000,16.1067223988916,Transports,Tous les gaz à effet de serre,2
12,test1,2001,15.8065559206637,Transports,Tous les gaz à effet de serre,2
12,test1,2002,15.7392395689161,Transports,Tous les gaz à effet de serre,2
12,test1,2003,15.8881640462232,Transports,Tous les gaz à effet de serre,2
12,test1,2004,15.9173675460332,Transports,Tous les gaz à effet de serre,2
12,test1,2005,15.9908069697981,Transports,Tous les gaz à effet de serre,2
12,test1,2006,16.1120041981049,Transports,Tous les gaz à effet de serre,2
12,test1,2007,16.4297634507258,Transports,Tous les gaz à effet de serre,2
12,test1,2008,16.7723716581339,Transports,Tous les gaz à effet de serre,2
12,test1,2009,16.5700816133411,Transports,Tous les gaz à effet de serre,2
12,test1,2010,16.4611318353115,Transports,Tous les gaz à effet de serre,2
12,test1,2011,16.2679845604072,Transports,Tous les gaz à effet de serre,2
12,test1,2012,16.3927169338877,Transports,Tous les gaz à effet de serre,2
12,test1,2013,16.305126110738,Transports,Tous les gaz à effet de serre,2
12,test1,2014,16.2046410892898,Transports,Tous les gaz à effet de serre,2
12,test1,2015,15.4669801422151,Transports,Tous les gaz à effet de serre,2
12,test1,2016,15.3134459656453,Transports,Tous les gaz à effet de serre,2
12,test1,2017,15.0464529219721,Transports,Tous les gaz à effet de serre,2
12,test1,2018,15.0573956318311,Transports,Tous les gaz à effet de serre,2
12,test1,2019,15.0063560060169,Transports,Tous les gaz à effet de serre,2
12,test1,2020,13.7126621308231,Transports,Tous les gaz à effet de serre,2
12,test1,2021,13.8864487256332,Transports,Tous les gaz à effet de serre,2
12,test1,2022,13.7168180463239,Transports,Tous les gaz à effet de serre,2
12,test1,2023,13.733442355624,Transports,Tous les gaz à effet de serre,2
12,test1,2024,13.4247531867704,Transports,Tous les gaz à effet de serre,2
121,pol11,1990,0.000191333348238164,Transport aérien national,Méthane,3
121,pol11,1991,0.000175259738211688,Transport aérien national,Méthane,3
121,pol11,1992,0.000174628443001048,Transport aérien national,Méthane,3
121,pol11,1993,0.000169930915354659,Transport aérien national,Méthane,3
121,pol11,1994,0.000163358174606909,Transport aérien national,Méthane,3
121,pol11,1995,0.000161430767119544,Transport aérien national,Méthane,3
121,pol11,1996,0.000175309589993207,Transport aérien national,Méthane,3
121,pol11,1997,0.000186624803353722,Transport aérien national,Méthane,3
121,pol11,1998,0.000197357410542584,Transport aérien national,Méthane,3
121,pol11,1999,0.000210582959826675,Transport aérien national,Méthane,3
121,pol11,2000,0.00021568016739219,Transport aérien national,Méthane,3
121,pol11,2001,0.000196347797340651,Transport aérien national,Méthane,3
121,pol11,2002,0.000174519830108138,Transport aérien national,Méthane,3
121,pol11,2003,0.000169037034784289,Transport aérien national,Méthane,3
121,pol11,2004,0.0001712270030849,Transport aérien national,Méthane,3
121,pol11,2005,0.000162994935669879,Transport aérien national,Méthane,3
121,pol11,2006,0.000152895459553935,Transport aérien national,Méthane,3
121,pol11,2007,0.000186865436053292,Transport aérien national,Méthane,3
121,pol11,2008,0.000179075882159564,Transport aérien national,Méthane,3
121,pol11,2009,0.000168148679517853,Transport aérien national,Méthane,3
121,pol11,2010,0.000186433323731074,Transport aérien national,Méthane,3
121,pol11,2011,0.000177150742909539,Transport aérien national,Méthane,3
121,pol11,2012,0.000144824978885012,Transport aérien national,Méthane,3
121,pol11,2013,0.000129023538539332,Transport aérien national,Méthane,3
121,pol11,2014,0.000135908220469356,Transport aérien national,Méthane,3
121,pol11,2015,0.000146338458011095,Transport aérien national,Méthane,3
121,pol11,2016,0.000127045764505356,Transport aérien national,Méthane,3
121,pol11,2017,0.000122336489417458,Transport aérien national,Méthane,3
121,pol11,2018,0.000114382932810527,Transport aérien national,Méthane,3
121,pol11,2019,0.000105013693435159,Transport aérien national,Méthane,3
121,pol11,2020,8.92107952887668e-05,Transport aérien national,Méthane,3
121,pol11,2021,9.97107635545333e-05,Transport aérien national,Méthane,3
121,pol11,2022,9.81093810652074e-05,Transport aérien national,Méthane,3
121,pol11,2023,9.48434993197614e-05,Transport aérien national,Méthane,3
121,pol11,2024,9.34305265584346e-05,Transport aérien national,Méthane,3
121,pol12,1990,0.001828607832793,Transport aérien national,Oxyde nitreux,3
121,pol12,1991,0.001693006083,Transport aérien national,Oxyde nitreux,3
121,pol12,1992,0.001705249931,Transport aérien national,Oxyde nitreux,3
121,pol12,1993,0.001677619652947,Transport aérien national,Oxyde nitreux,3
121,pol12,1994,0.001630656618053,Transport aérien national,Oxyde nitreux,3
121,pol12,1995,0.001629529201417,Transport aérien national,Oxyde nitreux,3
121,pol12,1996,0.001574981720243,Transport aérien national,Oxyde nitreux,3
121,pol12,1997,0.001510495497067,Transport aérien national,Oxyde nitreux,3
121,pol12,1998,0.001453346894613,Transport aérien national,Oxyde nitreux,3
121,pol12,1999,0.001422931855527,Transport aérien national,Oxyde nitreux,3
121,pol12,2000,0.001346470052596,Transport aérien national,Oxyde nitreux,3
121,pol12,2001,0.00121811461486,Transport aérien national,Oxyde nitreux,3
121,pol12,2002,0.001075972546347,Transport aérien national,Oxyde nitreux,3
121,pol12,2003,0.001035627388412,Transport aérien national,Oxyde nitreux,3
121,pol12,2004,0.001042504551547,Transport aérien national,Oxyde nitreux,3
121,pol12,2005,0.0009021817728,Transport aérien national,Oxyde nitreux,3
121,pol12,2006,0.000880741216771,Transport aérien national,Oxyde nitreux,3
121,pol12,2007,0.001004825284655,Transport aérien national,Oxyde nitreux,3
121,pol12,2008,0.000860171237841,Transport aérien national,Oxyde nitreux,3
121,pol12,2009,0.0009061497153836,Transport aérien national,Oxyde nitreux,3
121,pol12,2010,0.0008978827990428,Transport aérien national,Oxyde nitreux,3
121,pol12,2011,0.0009621043872086,Transport aérien national,Oxyde nitreux,3
121,pol12,2012,0.0009937021105091,Transport aérien national,Oxyde nitreux,3
121,pol12,2013,0.00096310699,Transport aérien national,Oxyde nitreux,3
121,pol12,2014,0.00101799909,Transport aérien national,Oxyde nitreux,3
121,pol12,2015,0.00100010629,Transport aérien national,Oxyde nitreux,3
121,pol12,2016,0.00102381054,Transport aérien national,Oxyde nitreux,3
121,pol12,2017,0.00086970297,Transport aérien national,Oxyde nitreux,3
121,pol12,2018,0.00083711009,Transport aérien national,Oxyde nitreux,3
121,pol12,2019,0.00083242224,Transport aérien national,Oxyde nitreux,3
121,pol12,2020,0.00055978335,Transport aérien national,Oxyde nitreux,3
121,pol12,2021,0.00042960316,Transport aérien national,Oxyde nitreux,3
121,pol12,2022,0.00050015305,Transport aérien national,Oxyde nitreux,3
121,pol12,2023,0.000470057,Transport aérien national,Oxyde nitreux,3
121,pol12,2024,0.00063157291,Transport aérien national,Oxyde nitreux,3
121,pol9,1990,0.25255489313292,Transport aérien national,Dioxyde de carbone,3
121,pol9,1991,0.23382650052,Transport aérien national,Dioxyde de carbone,3
121,pol9,1992,0.23551753764,Transport aérien national,Dioxyde de carbone,3
121,pol9,1993,0.23170143131268,Transport aérien national,Dioxyde de carbone,3
121,pol9,1994,0.22521521592732,Transport aérien national,Dioxyde de carbone,3
121,pol9,1995,0.22505950479948,Transport aérien national,Dioxyde de carbone,3
121,pol9,1996,0.21752577721092,Transport aérien national,Dioxyde de carbone,3
121,pol9,1997,0.20861937808548,Transport aérien national,Dioxyde de carbone,3
121,pol9,1998,0.20072640129372,Transport aérien national,Dioxyde de carbone,3
121,pol9,1999,0.196454088632256,Transport aérien national,Dioxyde de carbone,3
121,pol9,2000,0.185829803988469,Transport aérien national,Dioxyde de carbone,3
121,pol9,2001,0.16805385026144,Transport aérien national,Dioxyde de carbone,3
121,pol9,2002,0.148389471674824,Transport aérien national,Dioxyde de carbone,3
121,pol9,2003,0.142773285245227,Transport aérien national,Dioxyde de carbone,3
121,pol9,2004,0.143668929141496,Transport aérien national,Dioxyde de carbone,3
121,pol9,2005,0.1242854688768,Transport aérien national,Dioxyde de carbone,3
121,pol9,2006,0.121287482279357,Transport aérien national,Dioxyde de carbone,3
121,pol9,2007,0.13832462786496,Transport aérien national,Dioxyde de carbone,3
121,pol9,2008,0.11836821813812,Transport aérien national,Dioxyde de carbone,3
121,pol9,2009,0.124649726885975,Transport aérien national,Dioxyde de carbone,3
121,pol9,2010,0.123467355460829,Transport aérien national,Dioxyde de carbone,3
121,pol9,2011,0.132250021929756,Transport aérien national,Dioxyde de carbone,3
121,pol9,2012,0.136543419562282,Transport aérien national,Dioxyde de carbone,3
121,pol9,2013,0.1322909224,Transport aérien national,Dioxyde de carbone,3
121,pol9,2014,0.1398308184,Transport aérien national,Dioxyde de carbone,3
121,pol9,2015,0.1373730904,Transport aérien national,Dioxyde de carbone,3
121,pol9,2016,0.1406290704,Transport aérien national,Dioxyde de carbone,3
121,pol9,2017,0.1194610872,Transport aérien national,Dioxyde de carbone,3
121,pol9,2018,0.1149841784,Transport aérien national,Dioxyde de carbone,3
121,pol9,2019,0.1143402624,Transport aérien national,Dioxyde de carbone,3
121,pol9,2020,0.076890996,Transport aérien national,Dioxyde de carbone,3
121,pol9,2021,0.0590096416,Transport aérien national,Dioxyde de carbone,3
121,pol9,2022,0.068700268,Transport aérien national,Dioxyde de carbone,3
121,pol9,2023,0.06456632,Transport aérien national,Dioxyde de carbone,3
121,pol9,2024,0.0867519016,Transport aérien national,Dioxyde de carbone,3
121,test1,1990,0.254574834313951,Transport aérien national,Tous les gaz à effet de serre,3
121,test1,1991,0.235694766341212,Transport aérien national,Tous les gaz à effet de serre,3
121,test1,1992,0.237397416014001,Transport aérien national,Tous les gaz à effet de serre,3
121,test1,1993,0.233548981880982,Transport aérien national,Tous les gaz à effet de serre,3
121,test1,1994,0.22700923071998,Transport aérien national,Tous les gaz à effet de serre,3
121,test1,1995,0.226850464768017,Transport aérien national,Tous les gaz à effet de serre,3
121,test1,1996,0.219276068521156,Transport aérien national,Tous les gaz à effet de serre,3
121,test1,1997,0.210316498385901,Transport aérien national,Tous les gaz à effet de serre,3
121,test1,1998,0.202377105598876,Transport aérien national,Tous les gaz à effet de serre,3
121,test1,1999,0.19808760344761,Transport aérien national,Tous les gaz à effet de serre,3
121,test1,2000,0.187391954208458,Transport aérien national,Tous les gaz à effet de serre,3
121,test1,2001,0.169468312673641,Transport aérien national,Tous les gaz à effet de serre,3
121,test1,2002,0.149639964051279,Transport aérien national,Tous les gaz à effet de serre,3
121,test1,2003,0.143977949668423,Transport aérien national,Tous les gaz à effet de serre,3
121,test1,2004,0.144882660696128,Transport aérien national,Tous les gaz à effet de serre,3
121,test1,2005,0.12535064558527,Transport aérien national,Tous les gaz à effet de serre,3
121,test1,2006,0.122321118955682,Transport aérien national,Tous les gaz à effet de serre,3
121,test1,2007,0.139516318585668,Transport aérien national,Tous les gaz à effet de serre,3
121,test1,2008,0.119407465258121,Transport aérien national,Tous les gaz à effet de serre,3
121,test1,2009,0.125724025280877,Transport aérien national,Tous les gaz à effet de serre,3
121,test1,2010,0.124551671583603,Transport aérien national,Tous les gaz à effet de serre,3
121,test1,2011,0.133389277059874,Transport aérien national,Tous les gaz à effet de serre,3
121,test1,2012,0.137681946651676,Transport aérien national,Tous les gaz à effet de serre,3
121,test1,2013,0.133383052928539,Transport aérien national,Tous les gaz à effet de serre,3
121,test1,2014,0.140984725710469,Transport aérien national,Tous les gaz à effet de serre,3
121,test1,2015,0.138519535148011,Transport aérien national,Tous les gaz à effet de serre,3
121,test1,2016,0.141779926704505,Transport aérien national,Tous les gaz à effet de serre,3
121,test1,2017,0.120453126659417,Transport aérien national,Tous les gaz à effet de serre,3
121,test1,2018,0.115935671422811,Transport aérien national,Tous les gaz à effet de serre,3
121,test1,2019,0.115277698333435,Transport aérien national,Tous les gaz à effet de serre,3
121,test1,2020,0.0775399901452888,Transport aérien national,Tous les gaz à effet de serre,3
121,test1,2021,0.0595389555235545,Transport aérien national,Tous les gaz à effet de serre,3
121,test1,2022,0.0692985304310652,Transport aérien national,Tous les gaz à effet de serre,3
121,test1,2023,0.0651312204993198,Transport aérien national,Tous les gaz à effet de serre,3
121,test1,2024,0.0874769050365584,Transport aérien national,Tous les gaz à effet de serre,3
122,pol11,1990,0.00239690885195868,Autre transport,Méthane,3
122,pol11,1991,0.00235562178022797,Autre transport,Méthane,3
122,pol11,1992,0.00230663451292938,Autre transport,Méthane,3
122,pol11,1993,0.00224966978223859,Autre transport,Méthane,3
122,pol11,1994,0.00219237220448498,Autre transport,Méthane,3
122,pol11,1995,0.00213354751635332,Autre transport,Méthane,3
122,pol11,1996,0.00193826713382548,Autre transport,Méthane,3
122,pol11,1997,0.00177456918870192,Autre transport,Méthane,3
122,pol11,1998,0.00160219490729427,Autre transport,Méthane,3
122,pol11,1999,0.00144032980468839,Autre transport,Méthane,3
122,pol11,2000,0.00128720514216681,Autre transport,Méthane,3
122,pol11,2001,0.00116773924191232,Autre transport,Méthane,3
122,pol11,2002,0.0011750506359993,Autre transport,Méthane,3
122,pol11,2003,0.00103912027775564,Autre transport,Méthane,3
122,pol11,2004,0.000924314055059655,Autre transport,Méthane,3
122,pol11,2005,0.000795436468283346,Autre transport,Méthane,3
122,pol11,2006,0.000855177819472164,Autre transport,Méthane,3
122,pol11,2007,0.00151442233334415,Autre transport,Méthane,3
122,pol11,2008,0.00161697471292506,Autre transport,Méthane,3
122,pol11,2009,0.00126125453804908,Autre transport,Méthane,3
122,pol11,2010,0.00118804662538602,Autre transport,Méthane,3
122,pol11,2011,0.00113009508994542,Autre transport,Méthane,3
122,pol11,2012,0.00106716861531473,Autre transport,Méthane,3
122,pol11,2013,0.000989951666787162,Autre transport,Méthane,3
122,pol11,2014,0.000949890267381275,Autre transport,Méthane,3
122,pol11,2015,0.000852958754884026,Autre transport,Méthane,3
122,pol11,2016,0.000753100310796286,Autre transport,Méthane,3
122,pol11,2017,0.000734776257063104,Autre transport,Méthane,3
122,pol11,2018,0.000712993246805921,Autre transport,Méthane,3
122,pol11,2019,0.000691344870846706,Autre transport,Méthane,3
122,pol11,2020,0.000670825730181377,Autre transport,Méthane,3
122,pol11,2021,0.000603910513812492,Autre transport,Méthane,3
122,pol11,2022,0.000567658577645267,Autre transport,Méthane,3
122,pol11,2023,0.00051485469111637,Autre transport,Méthane,3
122,pol11,2024,0.000445092987805325,Autre transport,Méthane,3
122,pol12,1990,0.0036642515072872,Autre transport,Oxyde nitreux,3
122,pol12,1991,0.00355800194755906,Autre transport,Oxyde nitreux,3
122,pol12,1992,0.00348414291189973,Autre transport,Oxyde nitreux,3
122,pol12,1993,0.00340598587747027,Autre transport,Oxyde nitreux,3
122,pol12,1994,0.00337029352757144,Autre transport,Oxyde nitreux,3
122,pol12,1995,0.00324248814828274,Autre transport,Oxyde nitreux,3
122,pol12,1996,0.00313262915668978,Autre transport,Oxyde nitreux,3
122,pol12,1997,0.00323118879441193,Autre transport,Oxyde nitreux,3
122,pol12,1998,0.00323948509226961,Autre transport,Oxyde nitreux,3
122,pol12,1999,0.00316866058260509,Autre transport,Oxyde nitreux,3
122,pol12,2000,0.00323656686359544,Autre transport,Oxyde nitreux,3
122,pol12,2001,0.00321759849375235,Autre transport,Oxyde nitreux,3
122,pol12,2002,0.00341503912861856,Autre transport,Oxyde nitreux,3
122,pol12,2003,0.00327506961570427,Autre transport,Oxyde nitreux,3
122,pol12,2004,0.00319051695669115,Autre transport,Oxyde nitreux,3
122,pol12,2005,0.00324325651069696,Autre transport,Oxyde nitreux,3
122,pol12,2006,0.00341791175082523,Autre transport,Oxyde nitreux,3
122,pol12,2007,0.00334097553785321,Autre transport,Oxyde nitreux,3
122,pol12,2008,0.00346698787614875,Autre transport,Oxyde nitreux,3
122,pol12,2009,0.00363329229204793,Autre transport,Oxyde nitreux,3
122,pol12,2010,0.0039195592285194,Autre transport,Oxyde nitreux,3
122,pol12,2011,0.00402751578447553,Autre transport,Oxyde nitreux,3
122,pol12,2012,0.00432806895291955,Autre transport,Oxyde nitreux,3
122,pol12,2013,0.00449651314158562,Autre transport,Oxyde nitreux,3
122,pol12,2014,0.00480189874089649,Autre transport,Oxyde nitreux,3
122,pol12,2015,0.00488844031823774,Autre transport,Oxyde nitreux,3
122,pol12,2016,0.00504100154099865,Autre transport,Oxyde nitreux,3
122,pol12,2017,0.00514878849715013,Autre transport,Oxyde nitreux,3
122,pol12,2018,0.0053853200158006,Autre transport,Oxyde nitreux,3
122,pol12,2019,0.00545916286923266,Autre transport,Oxyde nitreux,3
122,pol12,2020,0.00567886942472373,Autre transport,Oxyde nitreux,3
122,pol12,2021,0.00564803333529654,Autre transport,Oxyde nitreux,3
122,pol12,2022,0.00578177034207746,Autre transport,Oxyde nitreux,3
122,pol12,2023,0.00569313814116732,Autre transport,Oxyde nitreux,3
122,pol12,2024,0.0053762972020279,Autre transport,Oxyde nitreux,3
122,pol9,1990,0.589647432070436,Autre transport,Dioxyde de carbone,3
122,pol9,1991,0.580460285939622,Autre transport,Dioxyde de carbone,3
122,pol9,1992,0.565065057059688,Autre transport,Dioxyde de carbone,3
122,pol9,1993,0.548789042319882,Autre transport,Dioxyde de carbone,3
122,pol9,1994,0.545543572897515,Autre transport,Dioxyde de carbone,3
122,pol9,1995,0.527630763768045,Autre transport,Dioxyde de carbone,3
122,pol9,1996,0.499645505476111,Autre transport,Dioxyde de carbone,3
122,pol9,1997,0.516179256757064,Autre transport,Dioxyde de carbone,3
122,pol9,1998,0.520591475576031,Autre transport,Dioxyde de carbone,3
122,pol9,1999,0.517638124596831,Autre transport,Dioxyde de carbone,3
122,pol9,2000,0.536521907625706,Autre transport,Dioxyde de carbone,3
122,pol9,2001,0.542804519586591,Autre transport,Dioxyde de carbone,3
122,pol9,2002,0.605656511941019,Autre transport,Dioxyde de carbone,3
122,pol9,2003,0.591540630307324,Autre transport,Dioxyde de carbone,3
122,pol9,2004,0.590266582308152,Autre transport,Dioxyde de carbone,3
122,pol9,2005,0.610476535769356,Autre transport,Dioxyde de carbone,3
122,pol9,2006,0.664480844535111,Autre transport,Dioxyde de carbone,3
122,pol9,2007,0.64131350580338,Autre transport,Dioxyde de carbone,3
122,pol9,2008,0.650361303123511,Autre transport,Dioxyde de carbone,3
122,pol9,2009,0.62177972610036,Autre transport,Dioxyde de carbone,3
122,pol9,2010,0.627382389017761,Autre transport,Dioxyde de carbone,3
122,pol9,2011,0.611975092017872,Autre transport,Dioxyde de carbone,3
122,pol9,2012,0.623664508866837,Autre transport,Dioxyde de carbone,3
122,pol9,2013,0.609560728484891,Autre transport,Dioxyde de carbone,3
122,pol9,2014,0.636870649663487,Autre transport,Dioxyde de carbone,3
122,pol9,2015,0.615895779050655,Autre transport,Dioxyde de carbone,3
122,pol9,2016,0.59645017528721,Autre transport,Dioxyde de carbone,3
122,pol9,2017,0.570658450599883,Autre transport,Dioxyde de carbone,3
122,pol9,2018,0.578758125779341,Autre transport,Dioxyde de carbone,3
122,pol9,2019,0.576826720251364,Autre transport,Dioxyde de carbone,3
122,pol9,2020,0.58703517677966,Autre transport,Dioxyde de carbone,3
122,pol9,2021,0.564458687448993,Autre transport,Dioxyde de carbone,3
122,pol9,2022,0.58526423316296,Autre transport,Dioxyde de carbone,3
122,pol9,2023,0.566165550915022,Autre transport,Dioxyde de carbone,3
122,pol9,2024,0.51587705284347,Autre transport,Dioxyde de carbone,3
122,test1,1990,0.595708592429682,Autre transport,Tous les gaz à effet de serre,3
122,test1,1991,0.586373909667409,Autre transport,Tous les gaz à effet de serre,3
122,test1,1992,0.570855834484517,Autre transport,Tous les gaz à effet de serre,3
122,test1,1993,0.554444697979591,Autre transport,Tous les gaz à effet de serre,3
122,test1,1994,0.551106238629572,Autre transport,Tous les gaz à effet de serre,3
122,test1,1995,0.533006799432681,Autre transport,Tous les gaz à effet de serre,3
122,test1,1996,0.504716401766627,Autre transport,Tous les gaz à effet de serre,3
122,test1,1997,0.521185014740178,Autre transport,Tous les gaz à effet de serre,3
122,test1,1998,0.525433155575595,Autre transport,Tous les gaz à effet de serre,3
122,test1,1999,0.522247114984125,Autre transport,Tous les gaz à effet de serre,3
122,test1,2000,0.541045679631468,Autre transport,Tous les gaz à effet de serre,3
122,test1,2001,0.547189857322255,Autre transport,Tous les gaz à effet de serre,3
122,test1,2002,0.610246601705637,Autre transport,Tous les gaz à effet de serre,3
122,test1,2003,0.595854820200784,Autre transport,Tous les gaz à effet de serre,3
122,test1,2004,0.594381413319903,Autre transport,Tous les gaz à effet de serre,3
122,test1,2005,0.614515228748337,Autre transport,Tous les gaz à effet de serre,3
122,test1,2006,0.668753934105408,Autre transport,Tous les gaz à effet de serre,3
122,test1,2007,0.646168903674577,Autre transport,Tous les gaz à effet de serre,3
122,test1,2008,0.655445265712585,Autre transport,Tous les gaz à effet de serre,3
122,test1,2009,0.626674272930457,Autre transport,Tous les gaz à effet de serre,3
122,test1,2010,0.632489994871667,Autre transport,Tous les gaz à effet de serre,3
122,test1,2011,0.617132702892293,Autre transport,Tous les gaz à effet de serre,3
122,test1,2012,0.629059746435072,Autre transport,Tous les gaz à effet de serre,3
122,test1,2013,0.615047193293264,Autre transport,Tous les gaz à effet de serre,3
122,test1,2014,0.642622438671764,Autre transport,Tous les gaz à effet de serre,3
122,test1,2015,0.621637178123777,Autre transport,Tous les gaz à effet de serre,3
122,test1,2016,0.602244277139005,Autre transport,Tous les gaz à effet de serre,3
122,test1,2017,0.576542015354096,Autre transport,Tous les gaz à effet de serre,3
122,test1,2018,0.584856439041948,Autre transport,Tous les gaz à effet de serre,3
122,test1,2019,0.582977227991444,Autre transport,Tous les gaz à effet de serre,3
122,test1,2020,0.593384871934565,Autre transport,Tous les gaz à effet de serre,3
122,test1,2021,0.570710631298101,Autre transport,Tous les gaz à effet de serre,3
122,test1,2022,0.591613662082683,Autre transport,Tous les gaz à effet de serre,3
122,test1,2023,0.572373543747305,Autre transport,Tous les gaz à effet de serre,3
122,test1,2024,0.521698443033303,Autre transport,Tous les gaz à effet de serre,3
123,pol11,1990,0.00968810850973551,Transport de marchandises,Méthane,3
123,pol11,1991,0.0096067758025578,Transport de marchandises,Méthane,3
123,pol11,1992,0.00932013041051653,Transport de marchandises,Méthane,3
123,pol11,1993,0.00810402611180984,Transport de marchandises,Méthane,3
123,pol11,1994,0.0078892077236466,Transport de marchandises,Méthane,3
123,pol11,1995,0.00712167596966448,Transport de marchandises,Méthane,3
123,pol11,1996,0.0064932777157114,Transport de marchandises,Méthane,3
123,pol11,1997,0.00613707102022905,Transport de marchandises,Méthane,3
123,pol11,1998,0.00568852938594737,Transport de marchandises,Méthane,3
123,pol11,1999,0.00542662910713355,Transport de marchandises,Méthane,3
123,pol11,2000,0.00489744663794737,Transport de marchandises,Méthane,3
123,pol11,2001,0.00418351540999435,Transport de marchandises,Méthane,3
123,pol11,2002,0.00364779188737715,Transport de marchandises,Méthane,3
123,pol11,2003,0.00325724352836951,Transport de marchandises,Méthane,3
123,pol11,2004,0.00292588111142572,Transport de marchandises,Méthane,3
123,pol11,2005,0.00275226513034225,Transport de marchandises,Méthane,3
123,pol11,2006,0.00246436135085664,Transport de marchandises,Méthane,3
123,pol11,2007,0.00225040674128947,Transport de marchandises,Méthane,3
123,pol11,2008,0.00187067835731511,Transport de marchandises,Méthane,3
123,pol11,2009,0.00159741839733976,Transport de marchandises,Méthane,3
123,pol11,2010,0.00129102647896395,Transport de marchandises,Méthane,3
123,pol11,2011,0.00111901059079009,Transport de marchandises,Méthane,3
123,pol11,2012,0.000987465581551267,Transport de marchandises,Méthane,3
123,pol11,2013,0.000892531360323309,Transport de marchandises,Méthane,3
123,pol11,2014,0.000834777057385326,Transport de marchandises,Méthane,3
123,pol11,2015,0.000770754239586354,Transport de marchandises,Méthane,3
123,pol11,2016,0.000750964182800054,Transport de marchandises,Méthane,3
123,pol11,2017,0.000732142456640177,Transport de marchandises,Méthane,3
123,pol11,2018,0.000744946201875431,Transport de marchandises,Méthane,3
123,pol11,2019,0.000818909512753868,Transport de marchandises,Méthane,3
123,pol11,2020,0.00101868633724064,Transport de marchandises,Méthane,3
123,pol11,2021,0.00117207170185591,Transport de marchandises,Méthane,3
123,pol11,2022,0.00126074729637122,Transport de marchandises,Méthane,3
123,pol11,2023,0.00134972350164226,Transport de marchandises,Méthane,3
123,pol11,2024,0.00147802968985182,Transport de marchandises,Méthane,3
123,pol12,1990,0.00851793379546108,Transport de marchandises,Oxyde nitreux,3
123,pol12,1991,0.00918506394854125,Transport de marchandises,Oxyde nitreux,3
123,pol12,1992,0.00969836730126897,Transport de marchandises,Oxyde nitreux,3
123,pol12,1993,0.00954729952388012,Transport de marchandises,Oxyde nitreux,3
123,pol12,1994,0.0107019208487193,Transport de marchandises,Oxyde nitreux,3
123,pol12,1995,0.0107985959300766,Transport de marchandises,Oxyde nitreux,3
123,pol12,1996,0.0109594743776349,Transport de marchandises,Oxyde nitreux,3
123,pol12,1997,0.0118830217705222,Transport de marchandises,Oxyde nitreux,3
123,pol12,1998,0.0126164566431332,Transport de marchandises,Oxyde nitreux,3
123,pol12,1999,0.0133426461166964,Transport de marchandises,Oxyde nitreux,3
123,pol12,2000,0.0137136643469699,Transport de marchandises,Oxyde nitreux,3
123,pol12,2001,0.013390721756843,Transport de marchandises,Oxyde nitreux,3
123,pol12,2002,0.0131536909495005,Transport de marchandises,Oxyde nitreux,3
123,pol12,2003,0.0126532622367439,Transport de marchandises,Oxyde nitreux,3
123,pol12,2004,0.012322062110388,Transport de marchandises,Oxyde nitreux,3
123,pol12,2005,0.0122031036229769,Transport de marchandises,Oxyde nitreux,3
123,pol12,2006,0.0130015974578061,Transport de marchandises,Oxyde nitreux,3
123,pol12,2007,0.0146135779366076,Transport de marchandises,Oxyde nitreux,3
123,pol12,2008,0.0177685650025268,Transport de marchandises,Oxyde nitreux,3
123,pol12,2009,0.0198816705482407,Transport de marchandises,Oxyde nitreux,3
123,pol12,2010,0.0228953956273503,Transport de marchandises,Oxyde nitreux,3
123,pol12,2011,0.0258460599693552,Transport de marchandises,Oxyde nitreux,3
123,pol12,2012,0.0285716222347886,Transport de marchandises,Oxyde nitreux,3
123,pol12,2013,0.0305054387595659,Transport de marchandises,Oxyde nitreux,3
123,pol12,2014,0.0318992783120924,Transport de marchandises,Oxyde nitreux,3
123,pol12,2015,0.031444469016903,Transport de marchandises,Oxyde nitreux,3
123,pol12,2016,0.0320620482690753,Transport de marchandises,Oxyde nitreux,3
123,pol12,2017,0.033234680528259,Transport de marchandises,Oxyde nitreux,3
123,pol12,2018,0.0344964600441869,Transport de marchandises,Oxyde nitreux,3
123,pol12,2019,0.0348846630947117,Transport de marchandises,Oxyde nitreux,3
123,pol12,2020,0.0378348949674232,Transport de marchandises,Oxyde nitreux,3
123,pol12,2021,0.0378851036051479,Transport de marchandises,Oxyde nitreux,3
123,pol12,2022,0.0371387487356461,Transport de marchandises,Oxyde nitreux,3
123,pol12,2023,0.0363153340803653,Transport de marchandises,Oxyde nitreux,3
123,pol12,2024,0.0367415709885396,Transport de marchandises,Oxyde nitreux,3
123,pol9,1990,2.39326862685853,Transport de marchandises,Dioxyde de carbone,3
123,pol9,1991,2.42503432195477,Transport de marchandises,Dioxyde de carbone,3
123,pol9,1992,2.35696682222666,Transport de marchandises,Dioxyde de carbone,3
123,pol9,1993,2.19635216101172,Transport de marchandises,Dioxyde de carbone,3
123,pol9,1994,2.36659010019572,Transport de marchandises,Dioxyde de carbone,3
123,pol9,1995,2.36083712433953,Transport de marchandises,Dioxyde de carbone,3
123,pol9,1996,2.18766169441253,Transport de marchandises,Dioxyde de carbone,3
123,pol9,1997,2.25601643065359,Transport de marchandises,Dioxyde de carbone,3
123,pol9,1998,2.31602565575366,Transport de marchandises,Dioxyde de carbone,3
123,pol9,1999,2.43728474525411,Transport de marchandises,Dioxyde de carbone,3
123,pol9,2000,2.54503279589172,Transport de marchandises,Dioxyde de carbone,3
123,pol9,2001,2.49257612409355,Transport de marchandises,Dioxyde de carbone,3
123,pol9,2002,2.4750703962088,Transport de marchandises,Dioxyde de carbone,3
123,pol9,2003,2.51553222315411,Transport de marchandises,Dioxyde de carbone,3
123,pol9,2004,2.58993102060461,Transport de marchandises,Dioxyde de carbone,3
123,pol9,2005,2.74493598683072,Transport de marchandises,Dioxyde de carbone,3
123,pol9,2006,2.86857205188557,Transport de marchandises,Dioxyde de carbone,3
123,pol9,2007,2.95269983246696,Transport de marchandises,Dioxyde de carbone,3
123,pol9,2008,3.09319611344908,Transport de marchandises,Dioxyde de carbone,3
123,pol9,2009,2.9273444859622,Transport de marchandises,Dioxyde de carbone,3
123,pol9,2010,2.92749831155561,Transport de marchandises,Dioxyde de carbone,3
123,pol9,2011,2.91399747705132,Transport de marchandises,Dioxyde de carbone,3
123,pol9,2012,2.96625826610026,Transport de marchandises,Dioxyde de carbone,3
123,pol9,2013,2.97798583323336,Transport de marchandises,Dioxyde de carbone,3
123,pol9,2014,2.96637946159722,Transport de marchandises,Dioxyde de carbone,3
123,pol9,2015,2.83724246638514,Transport de marchandises,Dioxyde de carbone,3
123,pol9,2016,2.82392625554695,Transport de marchandises,Dioxyde de carbone,3
123,pol9,2017,2.7896805582986,Transport de marchandises,Dioxyde de carbone,3
123,pol9,2018,2.80844064991313,Transport de marchandises,Dioxyde de carbone,3
123,pol9,2019,2.8017455274755,Transport de marchandises,Dioxyde de carbone,3
123,pol9,2020,3.01246864684822,Transport de marchandises,Dioxyde de carbone,3
123,pol9,2021,3.00753107586467,Transport de marchandises,Dioxyde de carbone,3
123,pol9,2022,2.93513063255194,Transport de marchandises,Dioxyde de carbone,3
123,pol9,2023,2.86349466003176,Transport de marchandises,Dioxyde de carbone,3
123,pol9,2024,2.83010086650243,Transport de marchandises,Dioxyde de carbone,3
123,test1,1990,2.41147466916373,Transport de marchandises,Tous les gaz à effet de serre,3
123,test1,1991,2.44382616170587,Transport de marchandises,Tous les gaz à effet de serre,3
123,test1,1992,2.37598531993844,Transport de marchandises,Tous les gaz à effet de serre,3
123,test1,1993,2.21400348664741,Transport de marchandises,Tous les gaz à effet de serre,3
123,test1,1994,2.38518122876808,Transport de marchandises,Tous les gaz à effet de serre,3
123,test1,1995,2.37875739623927,Transport de marchandises,Tous les gaz à effet de serre,3
123,test1,1996,2.20511444650588,Transport de marchandises,Tous les gaz à effet de serre,3
123,test1,1997,2.27403652344434,Transport de marchandises,Tous les gaz à effet de serre,3
123,test1,1998,2.33433064178274,Transport de marchandises,Tous les gaz à effet de serre,3
123,test1,1999,2.45605402047794,Transport de marchandises,Tous les gaz à effet de serre,3
123,test1,2000,2.56364390687663,Transport de marchandises,Tous les gaz à effet de serre,3
123,test1,2001,2.51015036126039,Transport de marchandises,Tous les gaz à effet de serre,3
123,test1,2002,2.49187187904568,Transport de marchandises,Tous les gaz à effet de serre,3
123,test1,2003,2.53144272891923,Transport de marchandises,Tous les gaz à effet de serre,3
123,test1,2004,2.60517896382643,Transport de marchandises,Tous les gaz à effet de serre,3
123,test1,2005,2.75989135558403,Transport de marchandises,Tous les gaz à effet de serre,3
123,test1,2006,2.88403801069423,Transport de marchandises,Tous les gaz à effet de serre,3
123,test1,2007,2.96956381714486,Transport de marchandises,Tous les gaz à effet de serre,3
123,test1,2008,3.11283535680893,Transport de marchandises,Tous les gaz à effet de serre,3
123,test1,2009,2.94882357490778,Transport de marchandises,Tous les gaz à effet de serre,3
123,test1,2010,2.95168473366193,Transport de marchandises,Tous les gaz à effet de serre,3
123,test1,2011,2.94096254761147,Transport de marchandises,Tous les gaz à effet de serre,3
123,test1,2012,2.9958173539166,Transport de marchandises,Tous les gaz à effet de serre,3
123,test1,2013,3.00938380335325,Transport de marchandises,Tous les gaz à effet de serre,3
123,test1,2014,2.99911351696669,Transport de marchandises,Tous les gaz à effet de serre,3
123,test1,2015,2.86945768964163,Transport de marchandises,Tous les gaz à effet de serre,3
123,test1,2016,2.85673926799882,Transport de marchandises,Tous les gaz à effet de serre,3
123,test1,2017,2.82364738128349,Transport de marchandises,Tous les gaz à effet de serre,3
123,test1,2018,2.84368205615919,Transport de marchandises,Tous les gaz à effet de serre,3
123,test1,2019,2.83744910008297,Transport de marchandises,Tous les gaz à effet de serre,3
123,test1,2020,3.05132222815288,Transport de marchandises,Tous les gaz à effet de serre,3
123,test1,2021,3.04658825117167,Transport de marchandises,Tous les gaz à effet de serre,3
123,test1,2022,2.97353012858396,Transport de marchandises,Tous les gaz à effet de serre,3
123,test1,2023,2.90115971761377,Transport de marchandises,Tous les gaz à effet de serre,3
123,test1,2024,2.86832046718082,Transport de marchandises,Tous les gaz à effet de serre,3
124,pol11,1990,0.122313225658891,Transport de passagers,Méthane,3
124,pol11,1991,0.113096478137373,Transport de passagers,Méthane,3
124,pol11,1992,0.102634527321059,Transport de passagers,Méthane,3
124,pol11,1993,0.0854298886706688,Transport de passagers,Méthane,3
124,pol11,1994,0.0769143937574417,Transport de passagers,Méthane,3
124,pol11,1995,0.0691543273239423,Transport de passagers,Méthane,3
124,pol11,1996,0.066571982667977,Transport de passagers,Méthane,3
124,pol11,1997,0.0654201135968546,Transport de passagers,Méthane,3
124,pol11,1998,0.0631380320603417,Transport de passagers,Méthane,3
124,pol11,1999,0.0630349548704585,Transport de passagers,Méthane,3
124,pol11,2000,0.0611112028333737,Transport de passagers,Méthane,3
124,pol11,2001,0.057111119622649,Transport de passagers,Méthane,3
124,pol11,2002,0.0534655805616253,Transport de passagers,Méthane,3
124,pol11,2003,0.0513103515542723,Transport de passagers,Méthane,3
124,pol11,2004,0.0487694414048413,Transport de passagers,Méthane,3
124,pol11,2005,0.0461884498055596,Transport de passagers,Méthane,3
124,pol11,2006,0.0425378096980265,Transport de passagers,Méthane,3
124,pol11,2007,0.0414724152741925,Transport de passagers,Méthane,3
124,pol11,2008,0.0391402832806581,Transport de passagers,Méthane,3
124,pol11,2009,0.0370393936120809,Transport de passagers,Méthane,3
124,pol11,2010,0.03384545890732,Transport de passagers,Méthane,3
124,pol11,2011,0.0313943472723748,Transport de passagers,Méthane,3
124,pol11,2012,0.029094584579764,Transport de passagers,Méthane,3
124,pol11,2013,0.0266226220822238,Transport de passagers,Méthane,3
124,pol11,2014,0.0247596169030438,Transport de passagers,Méthane,3
124,pol11,2015,0.022615291592144,Transport de passagers,Méthane,3
124,pol11,2016,0.0221251400429082,Transport de passagers,Méthane,3
124,pol11,2017,0.0219505903591451,Transport de passagers,Méthane,3
124,pol11,2018,0.0216452073675837,Transport de passagers,Méthane,3
124,pol11,2019,0.0208386038216453,Transport de passagers,Méthane,3
124,pol11,2020,0.0180966561505038,Transport de passagers,Méthane,3
124,pol11,2021,0.0178340557594545,Transport de passagers,Méthane,3
124,pol11,2022,0.0170518711734014,Transport de passagers,Méthane,3
124,pol11,2023,0.016914540558578,Transport de passagers,Méthane,3
124,pol11,2024,0.0162124811782646,Transport de passagers,Méthane,3
124,pol12,1990,0.140514971661747,Transport de passagers,Oxyde nitreux,3
124,pol12,1991,0.161876959112999,Transport de passagers,Oxyde nitreux,3
124,pol12,1992,0.183395317200958,Transport de passagers,Oxyde nitreux,3
124,pol12,1993,0.181467036193423,Transport de passagers,Oxyde nitreux,3
124,pol12,1994,0.191796447179452,Transport de passagers,Oxyde nitreux,3
124,pol12,1995,0.195638885476845,Transport de passagers,Oxyde nitreux,3
124,pol12,1996,0.207638217969663,Transport de passagers,Oxyde nitreux,3
124,pol12,1997,0.216312837020686,Transport de passagers,Oxyde nitreux,3
124,pol12,1998,0.215339500478606,Transport de passagers,Oxyde nitreux,3
124,pol12,1999,0.216828086119412,Transport de passagers,Oxyde nitreux,3
124,pol12,2000,0.208925874782517,Transport de passagers,Oxyde nitreux,3
124,pol12,2001,0.194587201917418,Transport de passagers,Oxyde nitreux,3
124,pol12,2002,0.180737323664264,Transport de passagers,Oxyde nitreux,3
124,pol12,2003,0.167173210788453,Transport de passagers,Oxyde nitreux,3
124,pol12,2004,0.0776803892772962,Transport de passagers,Oxyde nitreux,3
124,pol12,2005,0.073528864219074,Transport de passagers,Oxyde nitreux,3
124,pol12,2006,0.0678434686880252,Transport de passagers,Oxyde nitreux,3
124,pol12,2007,0.0675285301118126,Transport de passagers,Oxyde nitreux,3
124,pol12,2008,0.0659284784107217,Transport de passagers,Oxyde nitreux,3
124,pol12,2009,0.0631570713046822,Transport de passagers,Oxyde nitreux,3
124,pol12,2010,0.0592787346434879,Transport de passagers,Oxyde nitreux,3
124,pol12,2011,0.0572060312430748,Transport de passagers,Oxyde nitreux,3
124,pol12,2012,0.0574302798624378,Transport de passagers,Oxyde nitreux,3
124,pol12,2013,0.0575361973937792,Transport de passagers,Oxyde nitreux,3
124,pol12,2014,0.0579996127179787,Transport de passagers,Oxyde nitreux,3
124,pol12,2015,0.0578463616688771,Transport de passagers,Oxyde nitreux,3
124,pol12,2016,0.0608838617176218,Transport de passagers,Oxyde nitreux,3
124,pol12,2017,0.0633152783147345,Transport de passagers,Oxyde nitreux,3
124,pol12,2018,0.0670602108429343,Transport de passagers,Oxyde nitreux,3
124,pol12,2019,0.0683214811312511,Transport de passagers,Oxyde nitreux,3
124,pol12,2020,0.0637022699206241,Transport de passagers,Oxyde nitreux,3
124,pol12,2021,0.0638048421826517,Transport de passagers,Oxyde nitreux,3
124,pol12,2022,0.0620316144740082,Transport de passagers,Oxyde nitreux,3
124,pol12,2023,0.0620949566558235,Transport de passagers,Oxyde nitreux,3
124,pol12,2024,0.0612938385380815,Transport de passagers,Oxyde nitreux,3
124,pol9,1990,11.3706146567514,Transport de passagers,Dioxyde de carbone,3
124,pol9,1991,11.8256157759137,Transport de passagers,Dioxyde de carbone,3
124,pol9,1992,12.215759230361,Transport de passagers,Dioxyde de carbone,3
124,pol9,1993,11.3336410853012,Transport de passagers,Dioxyde de carbone,3
124,pol9,1994,11.3346874309101,Transport de passagers,Dioxyde de carbone,3
124,pol9,1995,11.0385107846146,Transport de passagers,Dioxyde de carbone,3
124,pol9,1996,11.2916968909372,Transport de passagers,Dioxyde de carbone,3
124,pol9,1997,11.7766539409407,Transport de passagers,Dioxyde de carbone,3
124,pol9,1998,11.9319291385256,Transport de passagers,Dioxyde de carbone,3
124,pol9,1999,12.4078292570969,Transport de passagers,Dioxyde de carbone,3
124,pol9,2000,12.5446037805592,Transport de passagers,Dioxyde de carbone,3
124,pol9,2001,12.3280490678674,Transport de passagers,Dioxyde de carbone,3
124,pol9,2002,12.2532782198876,Transport de passagers,Dioxyde de carbone,3
124,pol9,2003,12.398404985092,Transport de passagers,Dioxyde de carbone,3
124,pol9,2004,12.4464746775086,Transport de passagers,Dioxyde de carbone,3
124,pol9,2005,12.3713324258558,Transport de passagers,Dioxyde de carbone,3
124,pol9,2006,12.3265098559635,Transport de passagers,Dioxyde de carbone,3
124,pol9,2007,12.5655134659347,Transport de passagers,Dioxyde de carbone,3
124,pol9,2008,12.7796148086629,Transport de passagers,Dioxyde de carbone,3
124,pol9,2009,12.7686632753053,Transport de passagers,Dioxyde de carbone,3
124,pol9,2010,12.6592812416435,Transport de passagers,Dioxyde de carbone,3
124,pol9,2011,12.4878996543281,Transport de passagers,Dioxyde de carbone,3
124,pol9,2012,12.5436330224421,Transport de passagers,Dioxyde de carbone,3
124,pol9,2013,12.463153241687,Transport de passagers,Dioxyde de carbone,3
124,pol9,2014,12.3391611783198,Transport de passagers,Dioxyde de carbone,3
124,pol9,2015,11.7569040860407,Transport de passagers,Dioxyde de carbone,3
124,pol9,2016,11.6296734920424,Transport de passagers,Dioxyde de carbone,3
124,pol9,2017,11.4405445300012,Transport de passagers,Dioxyde de carbone,3
124,pol9,2018,11.4242160469966,Transport de passagers,Dioxyde de carbone,3
124,pol9,2019,11.3814918946562,Transport de passagers,Dioxyde de carbone,3
124,pol9,2020,9.90861611451919,Transport de passagers,Dioxyde de carbone,3
124,pol9,2021,10.1279719896977,Transport de passagers,Dioxyde de carbone,3
124,pol9,2022,10.0032922395788,Transport de passagers,Dioxyde de carbone,3
124,pol9,2023,10.1157683765492,Transport de passagers,Dioxyde de carbone,3
124,pol9,2024,9.86975105180336,Transport de passagers,Dioxyde de carbone,3
124,test1,1990,11.633442854072,Transport de passagers,Tous les gaz à effet de serre,3
124,test1,1991,12.1005892131641,Transport de passagers,Tous les gaz à effet de serre,3
124,test1,1992,12.501789074883,Transport de passagers,Tous les gaz à effet de serre,3
124,test1,1993,11.6005380101653,Transport de passagers,Tous les gaz à effet de serre,3
124,test1,1994,11.603398271847,Transport de passagers,Tous les gaz à effet de serre,3
124,test1,1995,11.3033039974154,Transport de passagers,Tous les gaz à effet de serre,3
124,test1,1996,11.5659070915749,Transport de passagers,Tous les gaz à effet de serre,3
124,test1,1997,12.0583868915583,Transport de passagers,Tous les gaz à effet de serre,3
124,test1,1998,12.2104066710646,Transport de passagers,Tous les gaz à effet de serre,3
124,test1,1999,12.6876922980867,Transport de passagers,Tous les gaz à effet de serre,3
124,test1,2000,12.814640858175,Transport de passagers,Tous les gaz à effet de serre,3
124,test1,2001,12.5797473894074,Transport de passagers,Tous les gaz à effet de serre,3
124,test1,2002,12.4874811241136,Transport de passagers,Tous les gaz à effet de serre,3
124,test1,2003,12.6168885474347,Transport de passagers,Tous les gaz à effet de serre,3
124,test1,2004,12.5729245081908,Transport de passagers,Tous les gaz à effet de serre,3
124,test1,2005,12.4910497398805,Transport de passagers,Tous les gaz à effet de serre,3
124,test1,2006,12.4368911343496,Transport de passagers,Tous les gaz à effet de serre,3
124,test1,2007,12.6745144113207,Transport de passagers,Tous les gaz à effet de serre,3
124,test1,2008,12.8846835703543,Transport de passagers,Tous les gaz à effet de serre,3
124,test1,2009,12.868859740222,Transport de passagers,Tous les gaz à effet de serre,3
124,test1,2010,12.7524054351943,Transport de passagers,Tous les gaz à effet de serre,3
124,test1,2011,12.5765000328435,Transport de passagers,Tous les gaz à effet de serre,3
124,test1,2012,12.6301578868843,Transport de passagers,Tous les gaz à effet de serre,3
124,test1,2013,12.547312061163,Transport de passagers,Tous les gaz à effet de serre,3
124,test1,2014,12.4219204079408,Transport de passagers,Tous les gaz à effet de serre,3
124,test1,2015,11.8373657393017,Transport de passagers,Tous les gaz à effet de serre,3
124,test1,2016,11.7126824938029,Transport de passagers,Tous les gaz à effet de serre,3
124,test1,2017,11.525810398675,Transport de passagers,Tous les gaz à effet de serre,3
124,test1,2018,11.5129214652071,Transport de passagers,Tous les gaz à effet de serre,3
124,test1,2019,11.4706519796091,Transport de passagers,Tous les gaz à effet de serre,3
124,test1,2020,9.99041504059032,Transport de passagers,Tous les gaz à effet de serre,3
124,test1,2021,10.2096108876398,Transport de passagers,Tous les gaz à effet de serre,3
124,test1,2022,10.0823757252262,Transport de passagers,Tous les gaz à effet de serre,3
124,test1,2023,10.1947778737636,Transport de passagers,Tous les gaz à effet de serre,3
124,test1,2024,9.94725737151971,Transport de passagers,Tous les gaz à effet de serre,3
13,pol11,1990,0.108103370751308,Industrie,Méthane,2
13,pol11,1991,0.114421625511894,Industrie,Méthane,2
13,pol11,1992,0.11557895614755,Industrie,Méthane,2
13,pol11,1993,0.119035560026496,Industrie,Méthane,2
13,pol11,1994,0.119514785859071,Industrie,Méthane,2
13,pol11,1995,0.119493739563144,Industrie,Méthane,2
13,pol11,1996,0.118279007944156,Industrie,Méthane,2
13,pol11,1997,0.114844489292171,Industrie,Méthane,2
13,pol11,1998,0.113735792106091,Industrie,Méthane,2
13,pol11,1999,0.109044340099271,Industrie,Méthane,2
13,pol11,2000,0.107434946696522,Industrie,Méthane,2
13,pol11,2001,0.105618628065345,Industrie,Méthane,2
13,pol11,2002,0.103037903596392,Industrie,Méthane,2
13,pol11,2003,0.100994480981233,Industrie,Méthane,2
13,pol11,2004,0.100266781702231,Industrie,Méthane,2
13,pol11,2005,0.0976387159840506,Industrie,Méthane,2
13,pol11,2006,0.0951387293299476,Industrie,Méthane,2
13,pol11,2007,0.092119163350251,Industrie,Méthane,2
13,pol11,2008,0.0887803992086717,Industrie,Méthane,2
13,pol11,2009,0.0834134358782388,Industrie,Méthane,2
13,pol11,2010,0.101496128104563,Industrie,Méthane,2
13,pol11,2011,0.0938137829653585,Industrie,Méthane,2
13,pol11,2012,0.0783331375982719,Industrie,Méthane,2
13,pol11,2013,0.0732743089635843,Industrie,Méthane,2
13,pol11,2014,0.0705898661742002,Industrie,Méthane,2
13,pol11,2015,0.066626620862387,Industrie,Méthane,2
13,pol11,2016,0.0650049238753539,Industrie,Méthane,2
13,pol11,2017,0.0674405324518448,Industrie,Méthane,2
13,pol11,2018,0.0620364220802013,Industrie,Méthane,2
13,pol11,2019,0.0587856209736244,Industrie,Méthane,2
13,pol11,2020,0.057477328593933,Industrie,Méthane,2
13,pol11,2021,0.0556600307354857,Industrie,Méthane,2
13,pol11,2022,0.054860875741336,Industrie,Méthane,2
13,pol11,2023,0.0503323105961467,Industrie,Méthane,2
13,pol11,2024,0.0490235584489798,Industrie,Méthane,2
13,pol12,1990,0.608279923653246,Industrie,Oxyde nitreux,2
13,pol12,1991,0.610853276913056,Industrie,Oxyde nitreux,2
13,pol12,1992,0.565092981557568,Industrie,Oxyde nitreux,2
13,pol12,1993,0.617492147773279,Industrie,Oxyde nitreux,2
13,pol12,1994,0.607243702046876,Industrie,Oxyde nitreux,2
13,pol12,1995,0.626503298990948,Industrie,Oxyde nitreux,2
13,pol12,1996,0.652660621805032,Industrie,Oxyde nitreux,2
13,pol12,1997,0.69682819077212,Industrie,Oxyde nitreux,2
13,pol12,1998,0.632531415340617,Industrie,Oxyde nitreux,2
13,pol12,1999,0.66087436589222,Industrie,Oxyde nitreux,2
13,pol12,2000,0.699843378948646,Industrie,Oxyde nitreux,2
13,pol12,2001,0.681798147785111,Industrie,Oxyde nitreux,2
13,pol12,2002,0.773397024266433,Industrie,Oxyde nitreux,2
13,pol12,2003,0.685396152136215,Industrie,Oxyde nitreux,2
13,pol12,2004,0.706075631292828,Industrie,Oxyde nitreux,2
13,pol12,2005,0.723482410964005,Industrie,Oxyde nitreux,2
13,pol12,2006,0.705610611606109,Industrie,Oxyde nitreux,2
13,pol12,2007,0.717227246741099,Industrie,Oxyde nitreux,2
13,pol12,2008,0.644892874759072,Industrie,Oxyde nitreux,2
13,pol12,2009,0.561249165367883,Industrie,Oxyde nitreux,2
13,pol12,2010,0.63746737595749,Industrie,Oxyde nitreux,2
13,pol12,2011,0.614926096865278,Industrie,Oxyde nitreux,2
13,pol12,2012,0.59982158477828,Industrie,Oxyde nitreux,2
13,pol12,2013,0.593990932238456,Industrie,Oxyde nitreux,2
13,pol12,2014,0.513217020233502,Industrie,Oxyde nitreux,2
13,pol12,2015,0.582981413735129,Industrie,Oxyde nitreux,2
13,pol12,2016,0.543956805693925,Industrie,Oxyde nitreux,2
13,pol12,2017,0.681051899193158,Industrie,Oxyde nitreux,2
13,pol12,2018,0.600988308289928,Industrie,Oxyde nitreux,2
13,pol12,2019,0.688558731886936,Industrie,Oxyde nitreux,2
13,pol12,2020,0.615068967591122,Industrie,Oxyde nitreux,2
13,pol12,2021,0.496925769992289,Industrie,Oxyde nitreux,2
13,pol12,2022,0.111109030275015,Industrie,Oxyde nitreux,2
13,pol12,2023,0.106673383336459,Industrie,Oxyde nitreux,2
13,pol12,2024,0.103373692015747,Industrie,Oxyde nitreux,2
13,pol9,1990,12.5483786535165,Industrie,Dioxyde de carbone,2
13,pol9,1991,12.7155415751928,Industrie,Dioxyde de carbone,2
13,pol9,1992,12.2160761346573,Industrie,Dioxyde de carbone,2
13,pol9,1993,11.4474622751853,Industrie,Dioxyde de carbone,2
13,pol9,1994,11.5878847219303,Industrie,Dioxyde de carbone,2
13,pol9,1995,11.5927126245492,Industrie,Dioxyde de carbone,2
13,pol9,1996,11.3742652902187,Industrie,Dioxyde de carbone,2
13,pol9,1997,11.1434749114261,Industrie,Dioxyde de carbone,2
13,pol9,1998,11.6783308440428,Industrie,Dioxyde de carbone,2
13,pol9,1999,11.5544587368571,Industrie,Dioxyde de carbone,2
13,pol9,2000,11.5373272357988,Industrie,Dioxyde de carbone,2
13,pol9,2001,11.9360945169675,Industrie,Dioxyde de carbone,2
13,pol9,2002,11.4880313434459,Industrie,Dioxyde de carbone,2
13,pol9,2003,11.5305102986724,Industrie,Dioxyde de carbone,2
13,pol9,2004,12.1040153523951,Industrie,Dioxyde de carbone,2
13,pol9,2005,12.3345534134817,Industrie,Dioxyde de carbone,2
13,pol9,2006,12.6520359545912,Industrie,Dioxyde de carbone,2
13,pol9,2007,12.1475007735646,Industrie,Dioxyde de carbone,2
13,pol9,2008,12.2828406780753,Industrie,Dioxyde de carbone,2
13,pol9,2009,11.7212432137441,Industrie,Dioxyde de carbone,2
13,pol9,2010,12.1534371048293,Industrie,Dioxyde de carbone,2
13,pol9,2011,11.4437014237986,Industrie,Dioxyde de carbone,2
13,pol9,2012,11.3428314161208,Industrie,Dioxyde de carbone,2
13,pol9,2013,11.4992689163914,Industrie,Dioxyde de carbone,2
13,pol9,2014,11.030119742388,Industrie,Dioxyde de carbone,2
13,pol9,2015,10.4326652647993,Industrie,Dioxyde de carbone,2
13,pol9,2016,10.5959463388711,Industrie,Dioxyde de carbone,2
13,pol9,2017,10.4711849054694,Industrie,Dioxyde de carbone,2
13,pol9,2018,10.3619815242718,Industrie,Dioxyde de carbone,2
13,pol9,2019,10.2927948147593,Industrie,Dioxyde de carbone,2
13,pol9,2020,9.95520117850039,Industrie,Dioxyde de carbone,2
13,pol9,2021,10.0866097149835,Industrie,Dioxyde de carbone,2
13,pol9,2022,9.61179971562199,Industrie,Dioxyde de carbone,2
13,pol9,2023,8.96008482805285,Industrie,Dioxyde de carbone,2
13,pol9,2024,8.79111284260435,Industrie,Dioxyde de carbone,2
13,test1,1990,13.264761947921,Industrie,Tous les gaz à effet de serre,2
13,test1,1991,13.4408164776178,Industrie,Tous les gaz à effet de serre,2
13,test1,1992,12.8967480723624,Industrie,Tous les gaz à effet de serre,2
13,test1,1993,12.183989982985,Industrie,Tous les gaz à effet de serre,2
13,test1,1994,12.3146432098362,Industrie,Tous les gaz à effet de serre,2
13,test1,1995,12.3387096631033,Industrie,Tous les gaz à effet de serre,2
13,test1,1996,12.1452049199679,Industrie,Tous les gaz à effet de serre,2
13,test1,1997,11.9551475914904,Industrie,Tous les gaz à effet de serre,2
13,test1,1998,12.4245980514895,Industrie,Tous les gaz à effet de serre,2
13,test1,1999,12.3243774428486,Industrie,Tous les gaz à effet de serre,2
13,test1,2000,12.3446055614439,Industrie,Tous les gaz à effet de serre,2
13,test1,2001,12.7235112928179,Industrie,Tous les gaz à effet de serre,2
13,test1,2002,12.3644662713088,Industrie,Tous les gaz à effet de serre,2
13,test1,2003,12.3169009317898,Industrie,Tous les gaz à effet de serre,2
13,test1,2004,12.9103577653901,Industrie,Tous les gaz à effet de serre,2
13,test1,2005,13.1556745404298,Industrie,Tous les gaz à effet de serre,2
13,test1,2006,13.4527852955272,Industrie,Tous les gaz à effet de serre,2
13,test1,2007,12.956847183656,Industrie,Tous les gaz à effet de serre,2
13,test1,2008,13.016513952043,Industrie,Tous les gaz à effet de serre,2
13,test1,2009,12.3659058149902,Industrie,Tous les gaz à effet de serre,2
13,test1,2010,12.8924006088914,Industrie,Tous les gaz à effet de serre,2
13,test1,2011,12.1524413036292,Industrie,Tous les gaz à effet de serre,2
13,test1,2012,12.0209861384973,Industrie,Tous les gaz à effet de serre,2
13,test1,2013,12.1665341575934,Industrie,Tous les gaz à effet de serre,2
13,test1,2014,11.6139266287957,Industrie,Tous les gaz à effet de serre,2
13,test1,2015,11.0822732993968,Industrie,Tous les gaz à effet de serre,2
13,test1,2016,11.2049080684404,Industrie,Tous les gaz à effet de serre,2
13,test1,2017,11.2196773371144,Industrie,Tous les gaz à effet de serre,2
13,test1,2018,11.0250062546419,Industrie,Tous les gaz à effet de serre,2
13,test1,2019,11.0401391676199,Industrie,Tous les gaz à effet de serre,2
13,test1,2020,10.6277474746854,Industrie,Tous les gaz à effet de serre,2
13,test1,2021,10.6391955157113,Industrie,Tous les gaz à effet de serre,2
13,test1,2022,9.77776962163835,Industrie,Tous les gaz à effet de serre,2
13,test1,2023,9.11709052198545,Industrie,Tous les gaz à effet de serre,2
13,test1,2024,8.94351009306908,Industrie,Tous les gaz à effet de serre,2
131,pol11,1990,0.104225680583908,Industrie (sans combustion des déchets),Méthane,3
131,pol11,1991,0.11031068579292,Industrie (sans combustion des déchets),Méthane,3
131,pol11,1992,0.111548292182707,Industrie (sans combustion des déchets),Méthane,3
131,pol11,1993,0.115014423357305,Industrie (sans combustion des déchets),Méthane,3
131,pol11,1994,0.115603738329482,Industrie (sans combustion des déchets),Méthane,3
131,pol11,1995,0.115479102734922,Industrie (sans combustion des déchets),Méthane,3
131,pol11,1996,0.114062562830543,Industrie (sans combustion des déchets),Méthane,3
131,pol11,1997,0.111076532419019,Industrie (sans combustion des déchets),Méthane,3
131,pol11,1998,0.109991187182742,Industrie (sans combustion des déchets),Méthane,3
131,pol11,1999,0.105357222416808,Industrie (sans combustion des déchets),Méthane,3
131,pol11,2000,0.103879700003736,Industrie (sans combustion des déchets),Méthane,3
131,pol11,2001,0.102023976992447,Industrie (sans combustion des déchets),Méthane,3
131,pol11,2002,0.0996327434348095,Industrie (sans combustion des déchets),Méthane,3
131,pol11,2003,0.0974495608117137,Industrie (sans combustion des déchets),Méthane,3
131,pol11,2004,0.0967738820807327,Industrie (sans combustion des déchets),Méthane,3
131,pol11,2005,0.094094032669709,Industrie (sans combustion des déchets),Méthane,3
131,pol11,2006,0.0916426935482163,Industrie (sans combustion des déchets),Méthane,3
131,pol11,2007,0.0887273289980155,Industrie (sans combustion des déchets),Méthane,3
131,pol11,2008,0.0853708134163437,Industrie (sans combustion des déchets),Méthane,3
131,pol11,2009,0.0802944513104574,Industrie (sans combustion des déchets),Méthane,3
131,pol11,2010,0.0983486525597816,Industrie (sans combustion des déchets),Méthane,3
131,pol11,2011,0.0911286122897705,Industrie (sans combustion des déchets),Méthane,3
131,pol11,2012,0.0757367603037894,Industrie (sans combustion des déchets),Méthane,3
131,pol11,2013,0.0708359651365257,Industrie (sans combustion des déchets),Méthane,3
131,pol11,2014,0.068587126005326,Industrie (sans combustion des déchets),Méthane,3
131,pol11,2015,0.0646304410951121,Industrie (sans combustion des déchets),Méthane,3
131,pol11,2016,0.0629515936976482,Industrie (sans combustion des déchets),Méthane,3
131,pol11,2017,0.0654007148864546,Industrie (sans combustion des déchets),Méthane,3
131,pol11,2018,0.0600621307153027,Industrie (sans combustion des déchets),Méthane,3
131,pol11,2019,0.0567929503486903,Industrie (sans combustion des déchets),Méthane,3
131,pol11,2020,0.0555580291591675,Industrie (sans combustion des déchets),Méthane,3
131,pol11,2021,0.0535711085809132,Industrie (sans combustion des déchets),Méthane,3
131,pol11,2022,0.0529724578237803,Industrie (sans combustion des déchets),Méthane,3
131,pol11,2023,0.0484827928884286,Industrie (sans combustion des déchets),Méthane,3
131,pol11,2024,0.047157823710304,Industrie (sans combustion des déchets),Méthane,3
131,pol12,1990,0.559866917571644,Industrie (sans combustion des déchets),Oxyde nitreux,3
131,pol12,1991,0.567407084771195,Industrie (sans combustion des déchets),Oxyde nitreux,3
131,pol12,1992,0.524750453452418,Industrie (sans combustion des déchets),Oxyde nitreux,3
131,pol12,1993,0.580208918380074,Industrie (sans combustion des déchets),Oxyde nitreux,3
131,pol12,1994,0.573488613810574,Industrie (sans combustion des déchets),Oxyde nitreux,3
131,pol12,1995,0.592594870330056,Industrie (sans combustion des déchets),Oxyde nitreux,3
131,pol12,1996,0.61750787430197,Industrie (sans combustion des déchets),Oxyde nitreux,3
131,pol12,1997,0.662702622172279,Industrie (sans combustion des déchets),Oxyde nitreux,3
131,pol12,1998,0.597272491760829,Industrie (sans combustion des déchets),Oxyde nitreux,3
131,pol12,1999,0.625328968462957,Industrie (sans combustion des déchets),Oxyde nitreux,3
131,pol12,2000,0.662894412022192,Industrie (sans combustion des déchets),Oxyde nitreux,3
131,pol12,2001,0.644269788372695,Industrie (sans combustion des déchets),Oxyde nitreux,3
131,pol12,2002,0.735481861089181,Industrie (sans combustion des déchets),Oxyde nitreux,3
131,pol12,2003,0.647913746040927,Industrie (sans combustion des déchets),Oxyde nitreux,3
131,pol12,2004,0.668164020372595,Industrie (sans combustion des déchets),Oxyde nitreux,3
131,pol12,2005,0.684693926124602,Industrie (sans combustion des déchets),Oxyde nitreux,3
131,pol12,2006,0.663968559560223,Industrie (sans combustion des déchets),Oxyde nitreux,3
131,pol12,2007,0.675056898004119,Industrie (sans combustion des déchets),Oxyde nitreux,3
131,pol12,2008,0.599551680877346,Industrie (sans combustion des déchets),Oxyde nitreux,3
131,pol12,2009,0.515696115404112,Industrie (sans combustion des déchets),Oxyde nitreux,3
131,pol12,2010,0.588739148909188,Industrie (sans combustion des déchets),Oxyde nitreux,3
131,pol12,2011,0.565240846809944,Industrie (sans combustion des déchets),Oxyde nitreux,3
131,pol12,2012,0.546536696725486,Industrie (sans combustion des déchets),Oxyde nitreux,3
131,pol12,2013,0.539387644619007,Industrie (sans combustion des déchets),Oxyde nitreux,3
131,pol12,2014,0.460976464279936,Industrie (sans combustion des déchets),Oxyde nitreux,3
131,pol12,2015,0.531066106141496,Industrie (sans combustion des déchets),Oxyde nitreux,3
131,pol12,2016,0.490478843739786,Industrie (sans combustion des déchets),Oxyde nitreux,3
131,pol12,2017,0.626661875321288,Industrie (sans combustion des déchets),Oxyde nitreux,3
131,pol12,2018,0.54379183349828,Industrie (sans combustion des déchets),Oxyde nitreux,3
131,pol12,2019,0.629578266912572,Industrie (sans combustion des déchets),Oxyde nitreux,3
131,pol12,2020,0.557114244948793,Industrie (sans combustion des déchets),Oxyde nitreux,3
131,pol12,2021,0.437688554820878,Industrie (sans combustion des déchets),Oxyde nitreux,3
131,pol12,2022,0.0501177881897025,Industrie (sans combustion des déchets),Oxyde nitreux,3
131,pol12,2023,0.0487277850150564,Industrie (sans combustion des déchets),Oxyde nitreux,3
131,pol12,2024,0.0451474398642437,Industrie (sans combustion des déchets),Oxyde nitreux,3
131,pol9,1990,10.8644533500993,Industrie (sans combustion des déchets),Dioxyde de carbone,3
131,pol9,1991,11.0872207863842,Industrie (sans combustion des déchets),Dioxyde de carbone,3
131,pol9,1992,10.5588306677825,Industrie (sans combustion des déchets),Dioxyde de carbone,3
131,pol9,1993,9.78055320550349,Industrie (sans combustion des déchets),Dioxyde de carbone,3
131,pol9,1994,9.9261778723497,Industrie (sans combustion des déchets),Dioxyde de carbone,3
131,pol9,1995,9.88896995716398,Industrie (sans combustion des déchets),Dioxyde de carbone,3
131,pol9,1996,9.60372926532366,Industrie (sans combustion des déchets),Dioxyde de carbone,3
131,pol9,1997,9.28836361124794,Industrie (sans combustion des déchets),Dioxyde de carbone,3
131,pol9,1998,9.66001903999786,Industrie (sans combustion des déchets),Dioxyde de carbone,3
131,pol9,1999,9.47026652003538,Industrie (sans combustion des déchets),Dioxyde de carbone,3
131,pol9,2000,9.2699648785087,Industrie (sans combustion des déchets),Dioxyde de carbone,3
131,pol9,2001,9.61809368758602,Industrie (sans combustion des déchets),Dioxyde de carbone,3
131,pol9,2002,9.09602057224718,Industrie (sans combustion des déchets),Dioxyde de carbone,3
131,pol9,2003,9.1629685516426,Industrie (sans combustion des déchets),Dioxyde de carbone,3
131,pol9,2004,9.63816058306125,Industrie (sans combustion des déchets),Dioxyde de carbone,3
131,pol9,2005,9.83016508422526,Industrie (sans combustion des déchets),Dioxyde de carbone,3
131,pol9,2006,9.96534083995763,Industrie (sans combustion des déchets),Dioxyde de carbone,3
131,pol9,2007,9.56007210817803,Industrie (sans combustion des déchets),Dioxyde de carbone,3
131,pol9,2008,9.63194786378762,Industrie (sans combustion des déchets),Dioxyde de carbone,3
131,pol9,2009,9.15308368383412,Industrie (sans combustion des déchets),Dioxyde de carbone,3
131,pol9,2010,9.48104909011422,Industrie (sans combustion des déchets),Dioxyde de carbone,3
131,pol9,2011,8.80432242370849,Industrie (sans combustion des déchets),Dioxyde de carbone,3
131,pol9,2012,8.66889902920757,Industrie (sans combustion des déchets),Dioxyde de carbone,3
131,pol9,2013,8.8445784953315,Industrie (sans combustion des déchets),Dioxyde de carbone,3
131,pol9,2014,8.33401369059977,Industrie (sans combustion des déchets),Dioxyde de carbone,3
131,pol9,2015,7.66328025373755,Industrie (sans combustion des déchets),Dioxyde de carbone,3
131,pol9,2016,7.69806460021287,Industrie (sans combustion des déchets),Dioxyde de carbone,3
131,pol9,2017,7.57185957947045,Industrie (sans combustion des déchets),Dioxyde de carbone,3
131,pol9,2018,7.3757690649967,Industrie (sans combustion des déchets),Dioxyde de carbone,3
131,pol9,2019,7.27252861906666,Industrie (sans combustion des déchets),Dioxyde de carbone,3
131,pol9,2020,6.94382215540767,Industrie (sans combustion des déchets),Dioxyde de carbone,3
131,pol9,2021,7.13458072736609,Industrie (sans combustion des déchets),Dioxyde de carbone,3
131,pol9,2022,6.68535741032887,Industrie (sans combustion des déchets),Dioxyde de carbone,3
131,pol9,2023,6.12077936541649,Industrie (sans combustion des déchets),Dioxyde de carbone,3
131,pol9,2024,5.89384891131099,Industrie (sans combustion des déchets),Dioxyde de carbone,3
131,test1,1990,11.5285459482548,Industrie (sans combustion des déchets),Tous les gaz à effet de serre,3
131,test1,1991,11.7649385569483,Industrie (sans combustion des déchets),Tous les gaz à effet de serre,3
131,test1,1992,11.1951294134177,Industrie (sans combustion des déchets),Tous les gaz à effet de serre,3
131,test1,1993,10.4757765472409,Industrie (sans combustion des déchets),Tous les gaz à effet de serre,3
131,test1,1994,10.6152702244898,Industrie (sans combustion des déchets),Tous les gaz à effet de serre,3
131,test1,1995,10.597043930229,Industrie (sans combustion des déchets),Tous les gaz à effet de serre,3
131,test1,1996,10.3352997024562,Industrie (sans combustion des déchets),Tous les gaz à effet de serre,3
131,test1,1997,10.0621427658392,Industrie (sans combustion des déchets),Tous les gaz à effet de serre,3
131,test1,1998,10.3672827189414,Industrie (sans combustion des déchets),Tous les gaz à effet de serre,3
131,test1,1999,10.2009527109151,Industrie (sans combustion des déchets),Tous les gaz à effet de serre,3
131,test1,2000,10.0367389905346,Industrie (sans combustion des déchets),Tous les gaz à effet de serre,3
131,test1,2001,10.3643874529512,Industrie (sans combustion des déchets),Tous les gaz à effet de serre,3
131,test1,2002,9.93113517677117,Industrie (sans combustion des déchets),Tous les gaz à effet de serre,3
131,test1,2003,9.90833185849523,Industrie (sans combustion des déchets),Tous les gaz à effet de serre,3
131,test1,2004,10.4030984855146,Industrie (sans combustion des déchets),Tous les gaz à effet de serre,3
131,test1,2005,10.6089530430196,Industrie (sans combustion des déchets),Tous les gaz à effet de serre,3
131,test1,2006,10.7209520930661,Industrie (sans combustion des déchets),Tous les gaz à effet de serre,3
131,test1,2007,10.3238563351802,Industrie (sans combustion des déchets),Tous les gaz à effet de serre,3
131,test1,2008,10.3168703580813,Industrie (sans combustion des déchets),Tous les gaz à effet de serre,3
131,test1,2009,9.74907425054868,Industrie (sans combustion des déchets),Tous les gaz à effet de serre,3
131,test1,2010,10.1681368915832,Industrie (sans combustion des déchets),Tous les gaz à effet de serre,3
131,test1,2011,9.46069188280821,Industrie (sans combustion des déchets),Tous les gaz à effet de serre,3
131,test1,2012,9.29117248623685,Industrie (sans combustion des déchets),Tous les gaz à effet de serre,3
131,test1,2013,9.45480210508703,Industrie (sans combustion des déchets),Tous les gaz à effet de serre,3
131,test1,2014,8.86357728088504,Industrie (sans combustion des déchets),Tous les gaz à effet de serre,3
131,test1,2015,8.25897680097416,Industrie (sans combustion des déchets),Tous les gaz à effet de serre,3
131,test1,2016,8.2514950376503,Industrie (sans combustion des déchets),Tous les gaz à effet de serre,3
131,test1,2017,8.26392216967819,Industrie (sans combustion des déchets),Tous les gaz à effet de serre,3
131,test1,2018,7.97962302921028,Industrie (sans combustion des déchets),Tous les gaz à effet de serre,3
131,test1,2019,7.95889983632792,Industrie (sans combustion des déchets),Tous les gaz à effet de serre,3
131,test1,2020,7.55649442951563,Industrie (sans combustion des déchets),Tous les gaz à effet de serre,3
131,test1,2021,7.62584039076789,Industrie (sans combustion des déchets),Tous les gaz à effet de serre,3
131,test1,2022,6.78844765634236,Industrie (sans combustion des déchets),Tous les gaz à effet de serre,3
131,test1,2023,6.21798994331997,Industrie (sans combustion des déchets),Tous les gaz à effet de serre,3
131,test1,2024,5.98615417488553,Industrie (sans combustion des déchets),Tous les gaz à effet de serre,3
132,pol11,1990,0.0038776901674,Combustion des déchets,Méthane,3
132,pol11,1991,0.00411093971897467,Combustion des déchets,Méthane,3
132,pol11,1992,0.00403066396484267,Combustion des déchets,Méthane,3
132,pol11,1993,0.00402113666919067,Combustion des déchets,Méthane,3
132,pol11,1994,0.00391104752958889,Combustion des déchets,Méthane,3
132,pol11,1995,0.00401463682822222,Combustion des déchets,Méthane,3
132,pol11,1996,0.00421644511361333,Combustion des déchets,Méthane,3
132,pol11,1997,0.00376795687315206,Combustion des déchets,Méthane,3
132,pol11,1998,0.00374460492334907,Combustion des déchets,Méthane,3
132,pol11,1999,0.00368711768246303,Combustion des déchets,Méthane,3
132,pol11,2000,0.00355524669278574,Combustion des déchets,Méthane,3
132,pol11,2001,0.00359465107289746,Combustion des déchets,Méthane,3
132,pol11,2002,0.00340516016158205,Combustion des déchets,Méthane,3
132,pol11,2003,0.00354492016951915,Combustion des déchets,Méthane,3
132,pol11,2004,0.00349289962149838,Combustion des déchets,Méthane,3
132,pol11,2005,0.00354468331434154,Combustion des déchets,Méthane,3
132,pol11,2006,0.00349603578173131,Combustion des déchets,Méthane,3
132,pol11,2007,0.00339183435223558,Combustion des déchets,Méthane,3
132,pol11,2008,0.003409585792328,Combustion des déchets,Méthane,3
132,pol11,2009,0.00311898456778141,Combustion des déchets,Méthane,3
132,pol11,2010,0.00314747554478139,Combustion des déchets,Méthane,3
132,pol11,2011,0.00268517067558798,Combustion des déchets,Méthane,3
132,pol11,2012,0.00259637729448248,Combustion des déchets,Méthane,3
132,pol11,2013,0.00243834382705857,Combustion des déchets,Méthane,3
132,pol11,2014,0.00200274016887421,Combustion des déchets,Méthane,3
132,pol11,2015,0.00199617976727491,Combustion des déchets,Méthane,3
132,pol11,2016,0.00205333017770569,Combustion des déchets,Méthane,3
132,pol11,2017,0.00203981756539018,Combustion des déchets,Méthane,3
132,pol11,2018,0.00197429136489869,Combustion des déchets,Méthane,3
132,pol11,2019,0.00199267062493403,Combustion des déchets,Méthane,3
132,pol11,2020,0.00191929943476548,Combustion des déchets,Méthane,3
132,pol11,2021,0.00208892215457251,Combustion des déchets,Méthane,3
132,pol11,2022,0.00188841791755571,Combustion des déchets,Méthane,3
132,pol11,2023,0.00184951770771801,Combustion des déchets,Méthane,3
132,pol11,2024,0.00186573473867586,Combustion des déchets,Méthane,3
132,pol12,1990,0.0484130060816024,Combustion des déchets,Oxyde nitreux,3
132,pol12,1991,0.0434461921418616,Combustion des déchets,Oxyde nitreux,3
132,pol12,1992,0.0403425281051501,Combustion des déchets,Oxyde nitreux,3
132,pol12,1993,0.0372832293932047,Combustion des déchets,Oxyde nitreux,3
132,pol12,1994,0.0337550882363019,Combustion des déchets,Oxyde nitreux,3
132,pol12,1995,0.0339084286608918,Combustion des déchets,Oxyde nitreux,3
132,pol12,1996,0.0351527475030613,Combustion des déchets,Oxyde nitreux,3
132,pol12,1997,0.034125568599841,Combustion des déchets,Oxyde nitreux,3
132,pol12,1998,0.0352589235797884,Combustion des déchets,Oxyde nitreux,3
132,pol12,1999,0.0355453974292628,Combustion des déchets,Oxyde nitreux,3
132,pol12,2000,0.0369489669264536,Combustion des déchets,Oxyde nitreux,3
132,pol12,2001,0.0375283594124159,Combustion des déchets,Oxyde nitreux,3
132,pol12,2002,0.0379151631772526,Combustion des déchets,Oxyde nitreux,3
132,pol12,2003,0.0374824060952878,Combustion des déchets,Oxyde nitreux,3
132,pol12,2004,0.0379116109202329,Combustion des déchets,Oxyde nitreux,3
132,pol12,2005,0.0387884848394039,Combustion des déchets,Oxyde nitreux,3
132,pol12,2006,0.0416420520458856,Combustion des déchets,Oxyde nitreux,3
132,pol12,2007,0.0421703487369798,Combustion des déchets,Oxyde nitreux,3
132,pol12,2008,0.0453411938817259,Combustion des déchets,Oxyde nitreux,3
132,pol12,2009,0.0455530499637715,Combustion des déchets,Oxyde nitreux,3
132,pol12,2010,0.0487282270483016,Combustion des déchets,Oxyde nitreux,3
132,pol12,2011,0.0496852500553344,Combustion des déchets,Oxyde nitreux,3
132,pol12,2012,0.0532848880527942,Combustion des déchets,Oxyde nitreux,3
132,pol12,2013,0.0546032876194494,Combustion des déchets,Oxyde nitreux,3
132,pol12,2014,0.0522405559535661,Combustion des déchets,Oxyde nitreux,3
132,pol12,2015,0.0519153075936328,Combustion des déchets,Oxyde nitreux,3
132,pol12,2016,0.053477961954139,Combustion des déchets,Oxyde nitreux,3
132,pol12,2017,0.0543900238718695,Combustion des déchets,Oxyde nitreux,3
132,pol12,2018,0.0571964747916484,Combustion des déchets,Oxyde nitreux,3
132,pol12,2019,0.0589804649743636,Combustion des déchets,Oxyde nitreux,3
132,pol12,2020,0.057954722642329,Combustion des déchets,Oxyde nitreux,3
132,pol12,2021,0.0592372151714111,Combustion des déchets,Oxyde nitreux,3
132,pol12,2022,0.0609912420853125,Combustion des déchets,Oxyde nitreux,3
132,pol12,2023,0.0579455983214026,Combustion des déchets,Oxyde nitreux,3
132,pol12,2024,0.0582262521515033,Combustion des déchets,Oxyde nitreux,3
132,pol9,1990,1.68392530341724,Combustion des déchets,Dioxyde de carbone,3
132,pol9,1991,1.62832078880861,Combustion des déchets,Dioxyde de carbone,3
132,pol9,1992,1.65724546687473,Combustion des déchets,Dioxyde de carbone,3
132,pol9,1993,1.66690906968178,Combustion des déchets,Dioxyde de carbone,3
132,pol9,1994,1.6617068495806,Combustion des déchets,Dioxyde de carbone,3
132,pol9,1995,1.70374266738518,Combustion des déchets,Dioxyde de carbone,3
132,pol9,1996,1.77053602489505,Combustion des déchets,Dioxyde de carbone,3
132,pol9,1997,1.85511130017819,Combustion des déchets,Dioxyde de carbone,3
132,pol9,1998,2.01831180404492,Combustion des déchets,Dioxyde de carbone,3
132,pol9,1999,2.08419221682171,Combustion des déchets,Dioxyde de carbone,3
132,pol9,2000,2.26736235729007,Combustion des déchets,Dioxyde de carbone,3
132,pol9,2001,2.31800082938148,Combustion des déchets,Dioxyde de carbone,3
132,pol9,2002,2.39201077119875,Combustion des déchets,Dioxyde de carbone,3
132,pol9,2003,2.36754174702978,Combustion des déchets,Dioxyde de carbone,3
132,pol9,2004,2.46585476933383,Combustion des déchets,Dioxyde de carbone,3
132,pol9,2005,2.50438832925646,Combustion des déchets,Dioxyde de carbone,3
132,pol9,2006,2.68669511463352,Combustion des déchets,Dioxyde de carbone,3
132,pol9,2007,2.58742866538659,Combustion des déchets,Dioxyde de carbone,3
132,pol9,2008,2.65089281428765,Combustion des déchets,Dioxyde de carbone,3
132,pol9,2009,2.56815952991,Combustion des déchets,Dioxyde de carbone,3
132,pol9,2010,2.67238801471512,Combustion des déchets,Dioxyde de carbone,3
132,pol9,2011,2.63937900009011,Combustion des déchets,Dioxyde de carbone,3
132,pol9,2012,2.6739323869132,Combustion des déchets,Dioxyde de carbone,3
132,pol9,2013,2.65469042105989,Combustion des déchets,Dioxyde de carbone,3
132,pol9,2014,2.69610605178821,Combustion des déchets,Dioxyde de carbone,3
132,pol9,2015,2.76938501106171,Combustion des déchets,Dioxyde de carbone,3
132,pol9,2016,2.89788173865823,Combustion des déchets,Dioxyde de carbone,3
132,pol9,2017,2.89932532599896,Combustion des déchets,Dioxyde de carbone,3
132,pol9,2018,2.98621245927511,Combustion des déchets,Dioxyde de carbone,3
132,pol9,2019,3.02026619569265,Combustion des déchets,Dioxyde de carbone,3
132,pol9,2020,3.01137902309272,Combustion des déchets,Dioxyde de carbone,3
132,pol9,2021,2.95202898761742,Combustion des déchets,Dioxyde de carbone,3
132,pol9,2022,2.92644230529312,Combustion des déchets,Dioxyde de carbone,3
132,pol9,2023,2.83930546263636,Combustion des déchets,Dioxyde de carbone,3
132,pol9,2024,2.89726393129336,Combustion des déchets,Dioxyde de carbone,3
132,test1,1990,1.73621599966624,Combustion des déchets,Tous les gaz à effet de serre,3
132,test1,1991,1.67587792066945,Combustion des déchets,Tous les gaz à effet de serre,3
132,test1,1992,1.70161865894473,Combustion des déchets,Tous les gaz à effet de serre,3
132,test1,1993,1.70821343574418,Combustion des déchets,Tous les gaz à effet de serre,3
132,test1,1994,1.69937298534649,Combustion des déchets,Tous les gaz à effet de serre,3
132,test1,1995,1.74166573287429,Combustion des déchets,Tous les gaz à effet de serre,3
132,test1,1996,1.80990521751172,Combustion des déchets,Tous les gaz à effet de serre,3
132,test1,1997,1.89300482565118,Combustion des déchets,Tous les gaz à effet de serre,3
132,test1,1998,2.05731533254806,Combustion des déchets,Tous les gaz à effet de serre,3
132,test1,1999,2.12342473193343,Combustion des déchets,Tous les gaz à effet de serre,3
132,test1,2000,2.30786657090931,Combustion des déchets,Tous les gaz à effet de serre,3
132,test1,2001,2.35912383986679,Combustion des déchets,Tous les gaz à effet de serre,3
132,test1,2002,2.43333109453759,Combustion des déchets,Tous les gaz à effet de serre,3
132,test1,2003,2.40856907329459,Combustion des déchets,Tous les gaz à effet de serre,3
132,test1,2004,2.50725927987556,Combustion des déchets,Tous les gaz à effet de serre,3
132,test1,2005,2.54672149741021,Combustion des déchets,Tous les gaz à effet de serre,3
132,test1,2006,2.73183320246114,Combustion des déchets,Tous les gaz à effet de serre,3
132,test1,2007,2.63299084847581,Combustion des déchets,Tous les gaz à effet de serre,3
132,test1,2008,2.6996435939617,Combustion des déchets,Tous les gaz à effet de serre,3
132,test1,2009,2.61683156444156,Combustion des déchets,Tous les gaz à effet de serre,3
132,test1,2010,2.7242637173082,Combustion des déchets,Tous les gaz à effet de serre,3
132,test1,2011,2.69174942082103,Combustion des déchets,Tous les gaz à effet de serre,3
132,test1,2012,2.72981365226047,Combustion des déchets,Tous les gaz à effet de serre,3
132,test1,2013,2.7117320525064,Combustion des déchets,Tous les gaz à effet de serre,3
132,test1,2014,2.75034934791065,Combustion des déchets,Tous les gaz à effet de serre,3
132,test1,2015,2.82329649842262,Combustion des déchets,Tous les gaz à effet de serre,3
132,test1,2016,2.95341303079007,Combustion des déchets,Tous les gaz à effet de serre,3
132,test1,2017,2.95575516743622,Combustion des déchets,Tous les gaz à effet de serre,3
132,test1,2018,3.04538322543165,Combustion des déchets,Tous les gaz à effet de serre,3
132,test1,2019,3.08123933129195,Combustion des déchets,Tous les gaz à effet de serre,3
132,test1,2020,3.07125304516982,Combustion des déchets,Tous les gaz à effet de serre,3
132,test1,2021,3.0133551249434,Combustion des déchets,Tous les gaz à effet de serre,3
132,test1,2022,2.98932196529599,Combustion des déchets,Tous les gaz à effet de serre,3
132,test1,2023,2.89910057866548,Combustion des déchets,Tous les gaz à effet de serre,3
132,test1,2024,2.95735591818354,Combustion des déchets,Tous les gaz à effet de serre,3
14,pol11,1990,5.79852601435764,Autres,Méthane,2
14,pol11,1991,5.69489977753186,Autres,Méthane,2
14,pol11,1992,5.62283248832831,Autres,Méthane,2
14,pol11,1993,5.51823256580299,Autres,Méthane,2
14,pol11,1994,5.46413302832655,Autres,Méthane,2
14,pol11,1995,5.47593446893711,Autres,Méthane,2
14,pol11,1996,5.42374517771667,Autres,Méthane,2
14,pol11,1997,5.29856036647488,Autres,Méthane,2
14,pol11,1998,5.25129199382855,Autres,Méthane,2
14,pol11,1999,5.18793324667353,Autres,Méthane,2
14,pol11,2000,5.17056777965646,Autres,Méthane,2
14,pol11,2001,5.22070334662521,Autres,Méthane,2
14,pol11,2002,5.19878207602601,Autres,Méthane,2
14,pol11,2003,5.12475569993165,Autres,Méthane,2
14,pol11,2004,5.1253165772359,Autres,Méthane,2
14,pol11,2005,5.18553675505448,Autres,Méthane,2
14,pol11,2006,5.21945125713937,Autres,Méthane,2
14,pol11,2007,5.22099151488562,Autres,Méthane,2
14,pol11,2008,5.30993187204068,Autres,Méthane,2
14,pol11,2009,5.21008490332771,Autres,Méthane,2
14,pol11,2010,5.16659904790329,Autres,Méthane,2
14,pol11,2011,5.14052210526471,Autres,Méthane,2
14,pol11,2012,5.13146554558286,Autres,Méthane,2
14,pol11,2013,5.0681370604504,Autres,Méthane,2
14,pol11,2014,5.08574253804314,Autres,Méthane,2
14,pol11,2015,5.05551461404652,Autres,Méthane,2
14,pol11,2016,5.0119157220552,Autres,Méthane,2
14,pol11,2017,4.9556129190454,Autres,Méthane,2
14,pol11,2018,4.92821144771699,Autres,Méthane,2
14,pol11,2019,4.84268937222935,Autres,Méthane,2
14,pol11,2020,4.79708699651918,Autres,Méthane,2
14,pol11,2021,4.79968459705515,Autres,Méthane,2
14,pol11,2022,4.76880124056103,Autres,Méthane,2
14,pol11,2023,4.73562682597503,Autres,Méthane,2
14,pol11,2024,4.7072551781842,Autres,Méthane,2
14,pol12,1990,3.334148490969,Autres,Oxyde nitreux,2
14,pol12,1991,3.2702796379691,Autres,Oxyde nitreux,2
14,pol12,1992,3.2604004930327,Autres,Oxyde nitreux,2
14,pol12,1993,3.26046026925669,Autres,Oxyde nitreux,2
14,pol12,1994,3.19019855825315,Autres,Oxyde nitreux,2
14,pol12,1995,3.18718921943001,Autres,Oxyde nitreux,2
14,pol12,1996,3.04557634511942,Autres,Oxyde nitreux,2
14,pol12,1997,2.93529822260384,Autres,Oxyde nitreux,2
14,pol12,1998,2.91484766757194,Autres,Oxyde nitreux,2
14,pol12,1999,2.85902341069657,Autres,Oxyde nitreux,2
14,pol12,2000,2.90482108656997,Autres,Oxyde nitreux,2
14,pol12,2001,2.87452317915105,Autres,Oxyde nitreux,2
14,pol12,2002,2.79925293451697,Autres,Oxyde nitreux,2
14,pol12,2003,2.72644368622282,Autres,Oxyde nitreux,2
14,pol12,2004,2.70127011217012,Autres,Oxyde nitreux,2
14,pol12,2005,2.72994056864137,Autres,Oxyde nitreux,2
14,pol12,2006,2.65126346279389,Autres,Oxyde nitreux,2
14,pol12,2007,2.69698750823928,Autres,Oxyde nitreux,2
14,pol12,2008,2.64380831803359,Autres,Oxyde nitreux,2
14,pol12,2009,2.60996086207073,Autres,Oxyde nitreux,2
14,pol12,2010,2.63417462238285,Autres,Oxyde nitreux,2
14,pol12,2011,2.57260902288555,Autres,Oxyde nitreux,2
14,pol12,2012,2.61437751887392,Autres,Oxyde nitreux,2
14,pol12,2013,2.54411205268808,Autres,Oxyde nitreux,2
14,pol12,2014,2.60644135172608,Autres,Oxyde nitreux,2
14,pol12,2015,2.49727312546167,Autres,Oxyde nitreux,2
14,pol12,2016,2.5296547028179,Autres,Oxyde nitreux,2
14,pol12,2017,2.52009209107398,Autres,Oxyde nitreux,2
14,pol12,2018,2.41534378809318,Autres,Oxyde nitreux,2
14,pol12,2019,2.39029187266742,Autres,Oxyde nitreux,2
14,pol12,2020,2.38399877720032,Autres,Oxyde nitreux,2
14,pol12,2021,2.39390695863823,Autres,Oxyde nitreux,2
14,pol12,2022,2.27518071977759,Autres,Oxyde nitreux,2
14,pol12,2023,2.27157026947489,Autres,Oxyde nitreux,2
14,pol12,2024,2.40203778071817,Autres,Oxyde nitreux,2
14,pol14,1990,0.141212580186582,Autres,Hexafluorure de soufre,2
14,pol14,1991,0.143480174468049,Autres,Hexafluorure de soufre,2
14,pol14,1992,0.145733541056702,Autres,Hexafluorure de soufre,2
14,pol14,1993,0.124235472229469,Autres,Hexafluorure de soufre,2
14,pol14,1994,0.110168282340507,Autres,Hexafluorure de soufre,2
14,pol14,1995,0.0960967106004355,Autres,Hexafluorure de soufre,2
14,pol14,1996,0.0928375688277645,Autres,Hexafluorure de soufre,2
14,pol14,1997,0.12848851372282,Autres,Hexafluorure de soufre,2
14,pol14,1998,0.157510439148925,Autres,Hexafluorure de soufre,2
14,pol14,1999,0.144421897742436,Autres,Hexafluorure de soufre,2
14,pol14,2000,0.156788999360012,Autres,Hexafluorure de soufre,2
14,pol14,2001,0.155661151566412,Autres,Hexafluorure de soufre,2
14,pol14,2002,0.165794133300747,Autres,Hexafluorure de soufre,2
14,pol14,2003,0.17113235487774,Autres,Hexafluorure de soufre,2
14,pol14,2004,0.191934527883963,Autres,Hexafluorure de soufre,2
14,pol14,2005,0.210352669255193,Autres,Hexafluorure de soufre,2
14,pol14,2006,0.203983757485064,Autres,Hexafluorure de soufre,2
14,pol14,2007,0.186212381561273,Autres,Hexafluorure de soufre,2
14,pol14,2008,0.245660978097634,Autres,Hexafluorure de soufre,2
14,pol14,2009,0.190038424082885,Autres,Hexafluorure de soufre,2
14,pol14,2010,0.154768815723545,Autres,Hexafluorure de soufre,2
14,pol14,2011,0.167835974821388,Autres,Hexafluorure de soufre,2
14,pol14,2012,0.224937343119672,Autres,Hexafluorure de soufre,2
14,pol14,2013,0.270177544883152,Autres,Hexafluorure de soufre,2
14,pol14,2014,0.269984733801802,Autres,Hexafluorure de soufre,2
14,pol14,2015,0.281089905489496,Autres,Hexafluorure de soufre,2
14,pol14,2016,0.254437470246677,Autres,Hexafluorure de soufre,2
14,pol14,2017,0.239325845284837,Autres,Hexafluorure de soufre,2
14,pol14,2018,0.184112713735572,Autres,Hexafluorure de soufre,2
14,pol14,2019,0.177659135065748,Autres,Hexafluorure de soufre,2
14,pol14,2020,0.155836221899031,Autres,Hexafluorure de soufre,2
14,pol14,2021,0.130568065928761,Autres,Hexafluorure de soufre,2
14,pol14,2022,0.0557547329480245,Autres,Hexafluorure de soufre,2
14,pol14,2023,0.0577463091148159,Autres,Hexafluorure de soufre,2
14,pol14,2024,0.0702242080478399,Autres,Hexafluorure de soufre,2
14,pol15,1990,0.0,Autres,Trifluorure d'azote,2
14,pol15,1991,0.0,Autres,Trifluorure d'azote,2
14,pol15,1992,0.0,Autres,Trifluorure d'azote,2
14,pol15,1993,0.0,Autres,Trifluorure d'azote,2
14,pol15,1994,0.0,Autres,Trifluorure d'azote,2
14,pol15,1995,0.0,Autres,Trifluorure d'azote,2
14,pol15,1996,0.0,Autres,Trifluorure d'azote,2
14,pol15,1997,0.0,Autres,Trifluorure d'azote,2
14,pol15,1998,0.0,Autres,Trifluorure d'azote,2
14,pol15,1999,0.0,Autres,Trifluorure d'azote,2
14,pol15,2000,0.0,Autres,Trifluorure d'azote,2
14,pol15,2001,0.0,Autres,Trifluorure d'azote,2
14,pol15,2002,0.0,Autres,Trifluorure d'azote,2
14,pol15,2003,0.0,Autres,Trifluorure d'azote,2
14,pol15,2004,0.0,Autres,Trifluorure d'azote,2
14,pol15,2005,0.0,Autres,Trifluorure d'azote,2
14,pol15,2006,0.0,Autres,Trifluorure d'azote,2
14,pol15,2007,0.0,Autres,Trifluorure d'azote,2
14,pol15,2008,0.000115451973,Autres,Trifluorure d'azote,2
14,pol15,2009,0.007158530925,Autres,Trifluorure d'azote,2
14,pol15,2010,0.01186900533,Autres,Trifluorure d'azote,2
14,pol15,2011,0.0087309495,Autres,Trifluorure d'azote,2
14,pol15,2012,0.000507751335,Autres,Trifluorure d'azote,2
14,pol15,2013,0.000133083405,Autres,Trifluorure d'azote,2
14,pol15,2014,0.0005666640525,Autres,Trifluorure d'azote,2
14,pol15,2015,0.0006836418225,Autres,Trifluorure d'azote,2
14,pol15,2016,0.00071881992,Autres,Trifluorure d'azote,2
14,pol15,2017,0.00075217553775,Autres,Trifluorure d'azote,2
14,pol15,2018,0.000470454075,Autres,Trifluorure d'azote,2
14,pol15,2019,0.00050872614975,Autres,Trifluorure d'azote,2
14,pol15,2020,0.000385687575,Autres,Trifluorure d'azote,2
14,pol15,2021,0.0003700057725,Autres,Trifluorure d'azote,2
14,pol15,2022,0.0003051594,Autres,Trifluorure d'azote,2
14,pol15,2023,0.0006175239525,Autres,Trifluorure d'azote,2
14,pol15,2024,0.0002521803375,Autres,Trifluorure d'azote,2
14,pol16,1990,0.104767420788384,Autres,Hydrocarbures perfluorés,2
14,pol16,1991,0.0885902052255877,Autres,Hydrocarbures perfluorés,2
14,pol16,1992,0.0725298306865164,Autres,Hydrocarbures perfluorés,2
14,pol16,1993,0.0313036175560568,Autres,Hydrocarbures perfluorés,2
14,pol16,1994,0.0189593305374564,Autres,Hydrocarbures perfluorés,2
14,pol16,1995,0.0159787866156091,Autres,Hydrocarbures perfluorés,2
14,pol16,1996,0.018633144815059,Autres,Hydrocarbures perfluorés,2
14,pol16,1997,0.0191405762341767,Autres,Hydrocarbures perfluorés,2
14,pol16,1998,0.0215183096459536,Autres,Hydrocarbures perfluorés,2
14,pol16,1999,0.0288090296199249,Autres,Hydrocarbures perfluorés,2
14,pol16,2000,0.054339627506554,Autres,Hydrocarbures perfluorés,2
14,pol16,2001,0.0329828228500768,Autres,Hydrocarbures perfluorés,2
14,pol16,2002,0.0322527552386915,Autres,Hydrocarbures perfluorés,2
14,pol16,2003,0.0643331297749091,Autres,Hydrocarbures perfluorés,2
14,pol16,2004,0.0661317636188617,Autres,Hydrocarbures perfluorés,2
14,pol16,2005,0.0455598342554791,Autres,Hydrocarbures perfluorés,2
14,pol16,2006,0.0577627532845546,Autres,Hydrocarbures perfluorés,2
14,pol16,2007,0.0488973677426544,Autres,Hydrocarbures perfluorés,2
14,pol16,2008,0.0420525488569454,Autres,Hydrocarbures perfluorés,2
14,pol16,2009,0.0339465474006499,Autres,Hydrocarbures perfluorés,2
14,pol16,2010,0.0362653086878125,Autres,Hydrocarbures perfluorés,2
14,pol16,2011,0.0349969260363712,Autres,Hydrocarbures perfluorés,2
14,pol16,2012,0.037378006722488,Autres,Hydrocarbures perfluorés,2
14,pol16,2013,0.0268527806010091,Autres,Hydrocarbures perfluorés,2
14,pol16,2014,0.0212337913156774,Autres,Hydrocarbures perfluorés,2
14,pol16,2015,0.0238191685224871,Autres,Hydrocarbures perfluorés,2
14,pol16,2016,0.0181305207026518,Autres,Hydrocarbures perfluorés,2
14,pol16,2017,0.0292621050361346,Autres,Hydrocarbures perfluorés,2
14,pol16,2018,0.032914786244785,Autres,Hydrocarbures perfluorés,2
14,pol16,2019,0.0287143795266759,Autres,Hydrocarbures perfluorés,2
14,pol16,2020,0.0343599610226511,Autres,Hydrocarbures perfluorés,2
14,pol16,2021,0.0284372290756733,Autres,Hydrocarbures perfluorés,2
14,pol16,2022,0.02794112567747,Autres,Hydrocarbures perfluorés,2
14,pol16,2023,0.0339208904020334,Autres,Hydrocarbures perfluorés,2
14,pol16,2024,0.0374771409633054,Autres,Hydrocarbures perfluorés,2
14,pol20,1990,2.25283552e-05,Autres,Fluorocarbures partiellement halogénés,2
14,pol20,1991,0.0012877349847735,Autres,Fluorocarbures partiellement halogénés,2
14,pol20,1992,0.0142465089729446,Autres,Fluorocarbures partiellement halogénés,2
14,pol20,1993,0.0300770566622232,Autres,Fluorocarbures partiellement halogénés,2
14,pol20,1994,0.07447415933612,Autres,Fluorocarbures partiellement halogénés,2
14,pol20,1995,0.225754319650047,Autres,Fluorocarbures partiellement halogénés,2
14,pol20,1996,0.275333971401659,Autres,Fluorocarbures partiellement halogénés,2
14,pol20,1997,0.334893381725261,Autres,Fluorocarbures partiellement halogénés,2
14,pol20,1998,0.425076981435475,Autres,Fluorocarbures partiellement halogénés,2
14,pol20,1999,0.500350289675122,Autres,Fluorocarbures partiellement halogénés,2
14,pol20,2000,0.602108554040079,Autres,Fluorocarbures partiellement halogénés,2
14,pol20,2001,0.693957837444317,Autres,Fluorocarbures partiellement halogénés,2
14,pol20,2002,0.782228146631016,Autres,Fluorocarbures partiellement halogénés,2
14,pol20,2003,0.861394124005901,Autres,Fluorocarbures partiellement halogénés,2
14,pol20,2004,0.953977604243307,Autres,Fluorocarbures partiellement halogénés,2
14,pol20,2005,0.988711982721501,Autres,Fluorocarbures partiellement halogénés,2
14,pol20,2006,1.09405248771019,Autres,Fluorocarbures partiellement halogénés,2
14,pol20,2007,1.18387644075702,Autres,Fluorocarbures partiellement halogénés,2
14,pol20,2008,1.20079815910869,Autres,Fluorocarbures partiellement halogénés,2
14,pol20,2009,1.19616927949988,Autres,Fluorocarbures partiellement halogénés,2
14,pol20,2010,1.2289438541166,Autres,Fluorocarbures partiellement halogénés,2
14,pol20,2011,1.28578552953427,Autres,Fluorocarbures partiellement halogénés,2
14,pol20,2012,1.34083845957566,Autres,Fluorocarbures partiellement halogénés,2
14,pol20,2013,1.30915041794905,Autres,Fluorocarbures partiellement halogénés,2
14,pol20,2014,1.33820817698508,Autres,Fluorocarbures partiellement halogénés,2
14,pol20,2015,1.36687503211512,Autres,Fluorocarbures partiellement halogénés,2
14,pol20,2016,1.33130990415659,Autres,Fluorocarbures partiellement halogénés,2
14,pol20,2017,1.33879198409846,Autres,Fluorocarbures partiellement halogénés,2
14,pol20,2018,1.35940455435641,Autres,Fluorocarbures partiellement halogénés,2
14,pol20,2019,1.27760931335063,Autres,Fluorocarbures partiellement halogénés,2
14,pol20,2020,1.25893235284479,Autres,Fluorocarbures partiellement halogénés,2
14,pol20,2021,1.13023316379648,Autres,Fluorocarbures partiellement halogénés,2
14,pol20,2022,1.14260750094543,Autres,Fluorocarbures partiellement halogénés,2
14,pol20,2023,1.09914210267139,Autres,Fluorocarbures partiellement halogénés,2
14,pol20,2024,1.09138329651224,Autres,Fluorocarbures partiellement halogénés,2
14,pol9,1990,0.904047875445206,Autres,Dioxyde de carbone,2
14,pol9,1991,0.893229110388654,Autres,Dioxyde de carbone,2
14,pol9,1992,0.88796172131328,Autres,Dioxyde de carbone,2
14,pol9,1993,0.883375344897034,Autres,Dioxyde de carbone,2
14,pol9,1994,0.878135484295985,Autres,Dioxyde de carbone,2
14,pol9,1995,0.872923515108249,Autres,Dioxyde de carbone,2
14,pol9,1996,0.870166505984995,Autres,Dioxyde de carbone,2
14,pol9,1997,0.863302691605845,Autres,Dioxyde de carbone,2
14,pol9,1998,0.860115484061166,Autres,Dioxyde de carbone,2
14,pol9,1999,0.859514732557742,Autres,Dioxyde de carbone,2
14,pol9,2000,0.858898476729385,Autres,Dioxyde de carbone,2
14,pol9,2001,0.844424934085666,Autres,Dioxyde de carbone,2
14,pol9,2002,0.831188931977942,Autres,Dioxyde de carbone,2
14,pol9,2003,0.797376496472373,Autres,Dioxyde de carbone,2
14,pol9,2004,0.804883158667951,Autres,Dioxyde de carbone,2
14,pol9,2005,0.801328077552338,Autres,Dioxyde de carbone,2
14,pol9,2006,0.781171053821702,Autres,Dioxyde de carbone,2
14,pol9,2007,0.753627676996081,Autres,Dioxyde de carbone,2
14,pol9,2008,0.751614428603687,Autres,Dioxyde de carbone,2
14,pol9,2009,0.748639479262841,Autres,Dioxyde de carbone,2
14,pol9,2010,0.754510085242829,Autres,Dioxyde de carbone,2
14,pol9,2011,0.720759825306561,Autres,Dioxyde de carbone,2
14,pol9,2012,0.740128725670636,Autres,Dioxyde de carbone,2
14,pol9,2013,0.695306686464575,Autres,Dioxyde de carbone,2
14,pol9,2014,0.659189402237342,Autres,Dioxyde de carbone,2
14,pol9,2015,0.659967978701935,Autres,Dioxyde de carbone,2
14,pol9,2016,0.659578787788208,Autres,Dioxyde de carbone,2
14,pol9,2017,0.682763710261732,Autres,Dioxyde de carbone,2
14,pol9,2018,0.642873898487379,Autres,Dioxyde de carbone,2
14,pol9,2019,0.644067961904926,Autres,Dioxyde de carbone,2
14,pol9,2020,0.62833167209742,Autres,Dioxyde de carbone,2
14,pol9,2021,0.636435250316495,Autres,Dioxyde de carbone,2
14,pol9,2022,0.592363361621653,Autres,Dioxyde de carbone,2
14,pol9,2023,0.591157089391668,Autres,Dioxyde de carbone,2
14,pol9,2024,0.597737105329374,Autres,Dioxyde de carbone,2
14,polgroup2,1990,0.246002529330166,Autres,Gaz synthétiques,2
14,polgroup2,1991,0.233358114678411,Autres,Gaz synthétiques,2
14,polgroup2,1992,0.232509880716163,Autres,Gaz synthétiques,2
14,polgroup2,1993,0.185616146447749,Autres,Gaz synthétiques,2
14,polgroup2,1994,0.203601772214084,Autres,Gaz synthétiques,2
14,polgroup2,1995,0.337829816866092,Autres,Gaz synthétiques,2
14,polgroup2,1996,0.386804685044482,Autres,Gaz synthétiques,2
14,polgroup2,1997,0.482522471682258,Autres,Gaz synthétiques,2
14,polgroup2,1998,0.604105730230354,Autres,Gaz synthétiques,2
14,polgroup2,1999,0.673581217037483,Autres,Gaz synthétiques,2
14,polgroup2,2000,0.813237180906644,Autres,Gaz synthétiques,2
14,polgroup2,2001,0.882601811860805,Autres,Gaz synthétiques,2
14,polgroup2,2002,0.980275035170455,Autres,Gaz synthétiques,2
14,polgroup2,2003,1.09685960865855,Autres,Gaz synthétiques,2
14,polgroup2,2004,1.21204389574613,Autres,Gaz synthétiques,2
14,polgroup2,2005,1.24462448623217,Autres,Gaz synthétiques,2
14,polgroup2,2006,1.35579899847981,Autres,Gaz synthétiques,2
14,polgroup2,2007,1.41898619006094,Autres,Gaz synthétiques,2
14,polgroup2,2008,1.48862713803627,Autres,Gaz synthétiques,2
14,polgroup2,2009,1.42731278190841,Autres,Gaz synthétiques,2
14,polgroup2,2010,1.43184698385795,Autres,Gaz synthétiques,2
14,polgroup2,2011,1.49734937989202,Autres,Gaz synthétiques,2
14,polgroup2,2012,1.60366156075282,Autres,Gaz synthétiques,2
14,polgroup2,2013,1.60631382683821,Autres,Gaz synthétiques,2
14,polgroup2,2014,1.62999336615506,Autres,Gaz synthétiques,2
14,polgroup2,2015,1.6724677479496,Autres,Gaz synthétiques,2
14,polgroup2,2016,1.60459671502592,Autres,Gaz synthétiques,2
14,polgroup2,2017,1.60813210995718,Autres,Gaz synthétiques,2
14,polgroup2,2018,1.57690250841177,Autres,Gaz synthétiques,2
14,polgroup2,2019,1.48449155409281,Autres,Gaz synthétiques,2
14,polgroup2,2020,1.44951422334147,Autres,Gaz synthétiques,2
14,polgroup2,2021,1.28960846457342,Autres,Gaz synthétiques,2
14,polgroup2,2022,1.22660851897092,Autres,Gaz synthétiques,2
14,polgroup2,2023,1.19142682614074,Autres,Gaz synthétiques,2
14,polgroup2,2024,1.19933682586089,Autres,Gaz synthétiques,2
14,test1,1990,10.282724910102,Autres,Tous les gaz à effet de serre,2
14,test1,1991,10.091766640568,Autres,Tous les gaz à effet de serre,2
14,test1,1992,10.0037045833904,Autres,Tous les gaz à effet de serre,2
14,test1,1993,9.84768432640446,Autres,Tous les gaz à effet de serre,2
14,test1,1994,9.73606884308977,Autres,Tous les gaz à effet de serre,2
14,test1,1995,9.87387702034145,Autres,Tous les gaz à effet de serre,2
14,test1,1996,9.72629271386557,Autres,Tous les gaz à effet de serre,2
14,test1,1997,9.57968375236681,Autres,Tous les gaz à effet de serre,2
14,test1,1998,9.63036087569201,Autres,Tous les gaz à effet de serre,2
14,test1,1999,9.58005260696533,Autres,Tous les gaz à effet de serre,2
14,test1,2000,9.74752452386246,Autres,Tous les gaz à effet de serre,2
14,test1,2001,9.82225327172273,Autres,Tous les gaz à effet de serre,2
14,test1,2002,9.80949897769137,Autres,Tous les gaz à effet de serre,2
14,test1,2003,9.74543549128539,Autres,Tous les gaz à effet de serre,2
14,test1,2004,9.8435137438201,Autres,Tous les gaz à effet de serre,2
14,test1,2005,9.96142988748036,Autres,Tous les gaz à effet de serre,2
14,test1,2006,10.0076847722348,Autres,Tous les gaz à effet de serre,2
14,test1,2007,10.0905928901819,Autres,Tous les gaz à effet de serre,2
14,test1,2008,10.1939817567142,Autres,Tous les gaz à effet de serre,2
14,test1,2009,9.9959980265697,Autres,Tous les gaz à effet de serre,2
14,test1,2010,9.98713073938692,Autres,Tous les gaz à effet de serre,2
14,test1,2011,9.93124033334885,Autres,Tous les gaz à effet de serre,2
14,test1,2012,10.0896333508802,Autres,Tous les gaz à effet de serre,2
14,test1,2013,9.91386962644126,Autres,Tous les gaz à effet de serre,2
14,test1,2014,9.98136665816162,Autres,Tous les gaz à effet de serre,2
14,test1,2015,9.88522346615972,Autres,Tous les gaz à effet de serre,2
14,test1,2016,9.80574592768722,Autres,Tous les gaz à effet de serre,2
14,test1,2017,9.76660083033829,Autres,Tous les gaz à effet de serre,2
14,test1,2018,9.56333164270931,Autres,Tous les gaz à effet de serre,2
14,test1,2019,9.36154076089451,Autres,Tous les gaz à effet de serre,2
14,test1,2020,9.25893166915839,Autres,Tous les gaz à effet de serre,2
14,test1,2021,9.11963527058328,Autres,Tous les gaz à effet de serre,2
14,test1,2022,8.86295384093119,Autres,Tous les gaz à effet de serre,2
14,test1,2023,8.78978101098233,Autres,Tous les gaz à effet de serre,2
14,test1,2024,8.90636689009263,Autres,Tous les gaz à effet de serre,2
141,pol11,1990,4.71596812353312,Agriculture,Méthane,3
141,pol11,1991,4.71764823858676,Agriculture,Méthane,3
141,pol11,1992,4.64317808113713,Agriculture,Méthane,3
141,pol11,1993,4.59091941841266,Agriculture,Méthane,3
141,pol11,1994,4.60399713260782,Agriculture,Méthane,3
141,pol11,1995,4.61594632385408,Agriculture,Méthane,3
141,pol11,1996,4.57576085073077,Agriculture,Méthane,3
141,pol11,1997,4.46789787469211,Agriculture,Méthane,3
141,pol11,1998,4.44071346473658,Agriculture,Méthane,3
141,pol11,1999,4.38854565304208,Agriculture,Méthane,3
141,pol11,2000,4.36953747891847,Agriculture,Méthane,3
141,pol11,2001,4.40315846492601,Agriculture,Méthane,3
141,pol11,2002,4.36874047590521,Agriculture,Méthane,3
141,pol11,2003,4.32602562323403,Agriculture,Méthane,3
141,pol11,2004,4.31167853697033,Agriculture,Méthane,3
141,pol11,2005,4.38101857302926,Agriculture,Méthane,3
141,pol11,2006,4.41927277649259,Agriculture,Méthane,3
141,pol11,2007,4.44128172640874,Agriculture,Méthane,3
141,pol11,2008,4.55388187995586,Agriculture,Méthane,3
141,pol11,2009,4.47889392814807,Agriculture,Méthane,3
141,pol11,2010,4.45332256782101,Agriculture,Méthane,3
141,pol11,2011,4.44620937005016,Agriculture,Méthane,3
141,pol11,2012,4.45583371359805,Agriculture,Méthane,3
141,pol11,2013,4.4073529808518,Agriculture,Méthane,3
141,pol11,2014,4.43763130510146,Agriculture,Méthane,3
141,pol11,2015,4.42308049737688,Agriculture,Méthane,3
141,pol11,2016,4.39081983207961,Agriculture,Méthane,3
141,pol11,2017,4.34878065277378,Agriculture,Méthane,3
141,pol11,2018,4.33828371841064,Agriculture,Méthane,3
141,pol11,2019,4.26693699623837,Agriculture,Méthane,3
141,pol11,2020,4.23349996216159,Agriculture,Méthane,3
141,pol11,2021,4.24899572666988,Agriculture,Méthane,3
141,pol11,2022,4.22957505271454,Agriculture,Méthane,3
141,pol11,2023,4.20564729183198,Agriculture,Méthane,3
141,pol11,2024,4.18510201004926,Agriculture,Méthane,3
141,pol12,1990,2.20877063584984,Agriculture,Oxyde nitreux,3
141,pol12,1991,2.15707561040368,Agriculture,Oxyde nitreux,3
141,pol12,1992,2.16399996191749,Agriculture,Oxyde nitreux,3
141,pol12,1993,2.1831987100472,Agriculture,Oxyde nitreux,3
141,pol12,1994,2.13163984266483,Agriculture,Oxyde nitreux,3
141,pol12,1995,2.14034513698618,Agriculture,Oxyde nitreux,3
141,pol12,1996,2.01418515829547,Agriculture,Oxyde nitreux,3
141,pol12,1997,1.92500418025726,Agriculture,Oxyde nitreux,3
141,pol12,1998,1.92517150918662,Agriculture,Oxyde nitreux,3
141,pol12,1999,1.89191352981259,Agriculture,Oxyde nitreux,3
141,pol12,2000,1.95960136867731,Agriculture,Oxyde nitreux,3
141,pol12,2001,1.94552431804838,Agriculture,Oxyde nitreux,3
141,pol12,2002,1.88487583895413,Agriculture,Oxyde nitreux,3
141,pol12,2003,1.82255620491376,Agriculture,Oxyde nitreux,3
141,pol12,2004,1.80834372304508,Agriculture,Oxyde nitreux,3
141,pol12,2005,1.86236488649904,Agriculture,Oxyde nitreux,3
141,pol12,2006,1.80911548969935,Agriculture,Oxyde nitreux,3
141,pol12,2007,1.87690504400626,Agriculture,Oxyde nitreux,3
141,pol12,2008,1.84319050499365,Agriculture,Oxyde nitreux,3
141,pol12,2009,1.82932430520103,Agriculture,Oxyde nitreux,3
141,pol12,2010,1.87504290164104,Agriculture,Oxyde nitreux,3
141,pol12,2011,1.83083853299502,Agriculture,Oxyde nitreux,3
141,pol12,2012,1.89125562782168,Agriculture,Oxyde nitreux,3
141,pol12,2013,1.81103700753856,Agriculture,Oxyde nitreux,3
141,pol12,2014,1.88449881608406,Agriculture,Oxyde nitreux,3
141,pol12,2015,1.80183176860563,Agriculture,Oxyde nitreux,3
141,pol12,2016,1.8609511536157,Agriculture,Oxyde nitreux,3
141,pol12,2017,1.8808181570463,Agriculture,Oxyde nitreux,3
141,pol12,2018,1.79089298994922,Agriculture,Oxyde nitreux,3
141,pol12,2019,1.77646254906542,Agriculture,Oxyde nitreux,3
141,pol12,2020,1.77972670521029,Agriculture,Oxyde nitreux,3
141,pol12,2021,1.80067101973203,Agriculture,Oxyde nitreux,3
141,pol12,2022,1.69308296756263,Agriculture,Oxyde nitreux,3
141,pol12,2023,1.6936363150953,Agriculture,Oxyde nitreux,3
141,pol12,2024,1.83341512409184,Agriculture,Oxyde nitreux,3
141,pol9,1990,0.861579311785633,Agriculture,Dioxyde de carbone,3
141,pol9,1991,0.854127049177367,Agriculture,Dioxyde de carbone,3
141,pol9,1992,0.852151698513279,Agriculture,Dioxyde de carbone,3
141,pol9,1993,0.851170889942747,Agriculture,Dioxyde de carbone,3
141,pol9,1994,0.850287658263413,Agriculture,Dioxyde de carbone,3
141,pol9,1995,0.848704221077391,Agriculture,Dioxyde de carbone,3
141,pol9,1996,0.847733140320851,Agriculture,Dioxyde de carbone,3
141,pol9,1997,0.841855901850416,Agriculture,Dioxyde de carbone,3
141,pol9,1998,0.839723097492594,Agriculture,Dioxyde de carbone,3
141,pol9,1999,0.83984575095717,Agriculture,Dioxyde de carbone,3
141,pol9,2000,0.840433224016241,Agriculture,Dioxyde de carbone,3
141,pol9,2001,0.827547635344237,Agriculture,Dioxyde de carbone,3
141,pol9,2002,0.815734891862227,Agriculture,Dioxyde de carbone,3
141,pol9,2003,0.782590995124372,Agriculture,Dioxyde de carbone,3
141,pol9,2004,0.790607268303664,Agriculture,Dioxyde de carbone,3
141,pol9,2005,0.787628784299195,Agriculture,Dioxyde de carbone,3
141,pol9,2006,0.767039904030273,Agriculture,Dioxyde de carbone,3
141,pol9,2007,0.740067356199652,Agriculture,Dioxyde de carbone,3
141,pol9,2008,0.738066482651687,Agriculture,Dioxyde de carbone,3
141,pol9,2009,0.736328639819983,Agriculture,Dioxyde de carbone,3
141,pol9,2010,0.742067414328542,Agriculture,Dioxyde de carbone,3
141,pol9,2011,0.708811706986561,Agriculture,Dioxyde de carbone,3
141,pol9,2012,0.72837391208835,Agriculture,Dioxyde de carbone,3
141,pol9,2013,0.683800738086003,Agriculture,Dioxyde de carbone,3
141,pol9,2014,0.64783879271277,Agriculture,Dioxyde de carbone,3
141,pol9,2015,0.648517035653077,Agriculture,Dioxyde de carbone,3
141,pol9,2016,0.64812240825735,Agriculture,Dioxyde de carbone,3
141,pol9,2017,0.671654934672446,Agriculture,Dioxyde de carbone,3
141,pol9,2018,0.631963653457093,Agriculture,Dioxyde de carbone,3
141,pol9,2019,0.633410404321926,Agriculture,Dioxyde de carbone,3
141,pol9,2020,0.617851738750277,Agriculture,Dioxyde de carbone,3
141,pol9,2021,0.62613657161478,Agriculture,Dioxyde de carbone,3
141,pol9,2022,0.582650172786224,Agriculture,Dioxyde de carbone,3
141,pol9,2023,0.58170651434881,Agriculture,Dioxyde de carbone,3
141,pol9,2024,0.588682880868516,Agriculture,Dioxyde de carbone,3
141,test1,1990,7.78631807116859,Agriculture,Tous les gaz à effet de serre,3
141,test1,1991,7.7288508981678,Agriculture,Tous les gaz à effet de serre,3
141,test1,1992,7.65932974156789,Agriculture,Tous les gaz à effet de serre,3
141,test1,1993,7.6252890184026,Agriculture,Tous les gaz à effet de serre,3
141,test1,1994,7.58592463353606,Agriculture,Tous les gaz à effet de serre,3
141,test1,1995,7.60499568191765,Agriculture,Tous les gaz à effet de serre,3
141,test1,1996,7.43767914934708,Agriculture,Tous les gaz à effet de serre,3
141,test1,1997,7.23475795679978,Agriculture,Tous les gaz à effet de serre,3
141,test1,1998,7.20560807141579,Agriculture,Tous les gaz à effet de serre,3
141,test1,1999,7.12030493381183,Agriculture,Tous les gaz à effet de serre,3
141,test1,2000,7.16957207161202,Agriculture,Tous les gaz à effet de serre,3
141,test1,2001,7.17623041831862,Agriculture,Tous les gaz à effet de serre,3
141,test1,2002,7.06935120672157,Agriculture,Tous les gaz à effet de serre,3
141,test1,2003,6.93117282327216,Agriculture,Tous les gaz à effet de serre,3
141,test1,2004,6.91062952831908,Agriculture,Tous les gaz à effet de serre,3
141,test1,2005,7.03101224382749,Agriculture,Tous les gaz à effet de serre,3
141,test1,2006,6.99542817022221,Agriculture,Tous les gaz à effet de serre,3
141,test1,2007,7.05825412661465,Agriculture,Tous les gaz à effet de serre,3
141,test1,2008,7.1351388676012,Agriculture,Tous les gaz à effet de serre,3
141,test1,2009,7.04454687316908,Agriculture,Tous les gaz à effet de serre,3
141,test1,2010,7.07043288379059,Agriculture,Tous les gaz à effet de serre,3
141,test1,2011,6.98585961003174,Agriculture,Tous les gaz à effet de serre,3
141,test1,2012,7.07546325350808,Agriculture,Tous les gaz à effet de serre,3
141,test1,2013,6.90219072647635,Agriculture,Tous les gaz à effet de serre,3
141,test1,2014,6.96996891389829,Agriculture,Tous les gaz à effet de serre,3
141,test1,2015,6.87342930163558,Agriculture,Tous les gaz à effet de serre,3
141,test1,2016,6.89989339395265,Agriculture,Tous les gaz à effet de serre,3
141,test1,2017,6.90125374449252,Agriculture,Tous les gaz à effet de serre,3
141,test1,2018,6.76114036181695,Agriculture,Tous les gaz à effet de serre,3
141,test1,2019,6.67680994962572,Agriculture,Tous les gaz à effet de serre,3
141,test1,2020,6.63107840612216,Agriculture,Tous les gaz à effet de serre,3
141,test1,2021,6.67580331801669,Agriculture,Tous les gaz à effet de serre,3
141,test1,2022,6.5053081930634,Agriculture,Tous les gaz à effet de serre,3
141,test1,2023,6.48099012127609,Agriculture,Tous les gaz à effet de serre,3
141,test1,2024,6.60720001500961,Agriculture,Tous les gaz à effet de serre,3
142,pol11,1990,1.08255789082452,Déchets,Méthane,3
142,pol11,1991,0.977251538945097,Déchets,Méthane,3
142,pol11,1992,0.979654407191182,Déchets,Méthane,3
142,pol11,1993,0.927313147390332,Déchets,Méthane,3
142,pol11,1994,0.860135895718735,Déchets,Méthane,3
142,pol11,1995,0.859988145083026,Déchets,Méthane,3
142,pol11,1996,0.847984326985902,Déchets,Méthane,3
142,pol11,1997,0.830662491782768,Déchets,Méthane,3
142,pol11,1998,0.81057852909197,Déchets,Méthane,3
142,pol11,1999,0.799387593631456,Déchets,Méthane,3
142,pol11,2000,0.801030300737988,Déchets,Méthane,3
142,pol11,2001,0.817544881699201,Déchets,Méthane,3
142,pol11,2002,0.830041600120794,Déchets,Méthane,3
142,pol11,2003,0.79873007669762,Déchets,Méthane,3
142,pol11,2004,0.813638040265567,Déchets,Méthane,3
142,pol11,2005,0.804518182025219,Déchets,Méthane,3
142,pol11,2006,0.800178480646779,Déchets,Méthane,3
142,pol11,2007,0.779709788476881,Déchets,Méthane,3
142,pol11,2008,0.756049992084824,Déchets,Méthane,3
142,pol11,2009,0.731190975179643,Déchets,Méthane,3
142,pol11,2010,0.713276480082279,Déchets,Méthane,3
142,pol11,2011,0.694312735214556,Déchets,Méthane,3
142,pol11,2012,0.675631831984804,Déchets,Méthane,3
142,pol11,2013,0.660784079598609,Déchets,Méthane,3
142,pol11,2014,0.648111232941678,Déchets,Méthane,3
142,pol11,2015,0.632434116669637,Déchets,Méthane,3
142,pol11,2016,0.621095889975586,Déchets,Méthane,3
142,pol11,2017,0.606832266271615,Déchets,Méthane,3
142,pol11,2018,0.589927729306348,Déchets,Méthane,3
142,pol11,2019,0.575752375990985,Déchets,Méthane,3
142,pol11,2020,0.563587034357581,Déchets,Méthane,3
142,pol11,2021,0.550688870385265,Déchets,Méthane,3
142,pol11,2022,0.53922618784649,Déchets,Méthane,3
142,pol11,2023,0.529979534143044,Déchets,Méthane,3
142,pol11,2024,0.522153168134945,Déchets,Méthane,3
142,pol12,1990,1.12537785511916,Déchets,Oxyde nitreux,3
142,pol12,1991,1.11320402756543,Déchets,Oxyde nitreux,3
142,pol12,1992,1.09640053111521,Déchets,Oxyde nitreux,3
142,pol12,1993,1.07726155920949,Déchets,Oxyde nitreux,3
142,pol12,1994,1.05855871558833,Déchets,Oxyde nitreux,3
142,pol12,1995,1.04684408244383,Déchets,Oxyde nitreux,3
142,pol12,1996,1.03139118682396,Déchets,Oxyde nitreux,3
142,pol12,1997,1.01029404234658,Déchets,Oxyde nitreux,3
142,pol12,1998,0.989676158385321,Déchets,Oxyde nitreux,3
142,pol12,1999,0.967109880883981,Déchets,Oxyde nitreux,3
142,pol12,2000,0.945219717892657,Déchets,Oxyde nitreux,3
142,pol12,2001,0.928998861102677,Déchets,Oxyde nitreux,3
142,pol12,2002,0.914377095562839,Déchets,Oxyde nitreux,3
142,pol12,2003,0.903887481309065,Déchets,Oxyde nitreux,3
142,pol12,2004,0.892926389125034,Déchets,Oxyde nitreux,3
142,pol12,2005,0.86757568214233,Déchets,Oxyde nitreux,3
142,pol12,2006,0.842147973094538,Déchets,Oxyde nitreux,3
142,pol12,2007,0.820082464233019,Déchets,Oxyde nitreux,3
142,pol12,2008,0.800617813039936,Déchets,Oxyde nitreux,3
142,pol12,2009,0.780636556869708,Déchets,Oxyde nitreux,3
142,pol12,2010,0.759131720741802,Déchets,Oxyde nitreux,3
142,pol12,2011,0.741770489890525,Déchets,Oxyde nitreux,3
142,pol12,2012,0.723121891052243,Déchets,Oxyde nitreux,3
142,pol12,2013,0.733075045149521,Déchets,Oxyde nitreux,3
142,pol12,2014,0.721942535642022,Déchets,Oxyde nitreux,3
142,pol12,2015,0.695441356856041,Déchets,Oxyde nitreux,3
142,pol12,2016,0.668703549202202,Déchets,Oxyde nitreux,3
142,pol12,2017,0.63927393402768,Déchets,Oxyde nitreux,3
142,pol12,2018,0.624450798143963,Déchets,Oxyde nitreux,3
142,pol12,2019,0.613829323602,Déchets,Oxyde nitreux,3
142,pol12,2020,0.604272071990035,Déchets,Oxyde nitreux,3
142,pol12,2021,0.593235938906193,Déchets,Oxyde nitreux,3
142,pol12,2022,0.582097752214954,Déchets,Oxyde nitreux,3
142,pol12,2023,0.577933954379591,Déchets,Oxyde nitreux,3
142,pol12,2024,0.568622656626333,Déchets,Oxyde nitreux,3
142,pol9,1990,0.0424685636595726,Déchets,Dioxyde de carbone,3
142,pol9,1991,0.0391020612112869,Déchets,Dioxyde de carbone,3
142,pol9,1992,0.0358100228000012,Déchets,Dioxyde de carbone,3
142,pol9,1993,0.0322044549542868,Déchets,Dioxyde de carbone,3
142,pol9,1994,0.0278478260325724,Déchets,Dioxyde de carbone,3
142,pol9,1995,0.0242192940308581,Déchets,Dioxyde de carbone,3
142,pol9,1996,0.0224333656641438,Déchets,Dioxyde de carbone,3
142,pol9,1997,0.0214467897554295,Déchets,Dioxyde de carbone,3
142,pol9,1998,0.0203923865685723,Déchets,Dioxyde de carbone,3
142,pol9,1999,0.0196689816005724,Déchets,Dioxyde de carbone,3
142,pol9,2000,0.0184652527131438,Déchets,Dioxyde de carbone,3
142,pol9,2001,0.0168772987414295,Déchets,Dioxyde de carbone,3
142,pol9,2002,0.0154540401157152,Déchets,Dioxyde de carbone,3
142,pol9,2003,0.0147855013480008,Déchets,Dioxyde de carbone,3
142,pol9,2004,0.0142758903642865,Déchets,Dioxyde de carbone,3
142,pol9,2005,0.0136992932531436,Déchets,Dioxyde de carbone,3
142,pol9,2006,0.0141311497914294,Déchets,Dioxyde de carbone,3
142,pol9,2007,0.0135603207964294,Déchets,Dioxyde de carbone,3
142,pol9,2008,0.0135479459520008,Déchets,Dioxyde de carbone,3
142,pol9,2009,0.0123108394428579,Déchets,Dioxyde de carbone,3
142,pol9,2010,0.0124426709142864,Déchets,Dioxyde de carbone,3
142,pol9,2011,0.0119481183200007,Déchets,Dioxyde de carbone,3
142,pol9,2012,0.0117548135822864,Déchets,Dioxyde de carbone,3
142,pol9,2013,0.0115059483785721,Déchets,Dioxyde de carbone,3
142,pol9,2014,0.0113506095245721,Déchets,Dioxyde de carbone,3
142,pol9,2015,0.0114509430488578,Déchets,Dioxyde de carbone,3
142,pol9,2016,0.0114563795308578,Déchets,Dioxyde de carbone,3
142,pol9,2017,0.0111087755892864,Déchets,Dioxyde de carbone,3
142,pol9,2018,0.0109102450302863,Déchets,Dioxyde de carbone,3
142,pol9,2019,0.0106575575830006,Déchets,Dioxyde de carbone,3
142,pol9,2020,0.0104799333471435,Déchets,Dioxyde de carbone,3
142,pol9,2021,0.0102986787017149,Déchets,Dioxyde de carbone,3
142,pol9,2022,0.00971318883542913,Déchets,Dioxyde de carbone,3
142,pol9,2023,0.0094505750428577,Déchets,Dioxyde de carbone,3
142,pol9,2024,0.00905422446085767,Déchets,Dioxyde de carbone,3
142,test1,1990,2.25040430960326,Déchets,Tous les gaz à effet de serre,3
142,test1,1991,2.12955762772181,Déchets,Tous les gaz à effet de serre,3
142,test1,1992,2.11186496110639,Déchets,Tous les gaz à effet de serre,3
142,test1,1993,2.03677916155411,Déchets,Tous les gaz à effet de serre,3
142,test1,1994,1.94654243733963,Déchets,Tous les gaz à effet de serre,3
142,test1,1995,1.93105152155771,Déchets,Tous les gaz à effet de serre,3
142,test1,1996,1.901808879474,Déchets,Tous les gaz à effet de serre,3
142,test1,1997,1.86240332388477,Déchets,Tous les gaz à effet de serre,3
142,test1,1998,1.82064707404586,Déchets,Tous les gaz à effet de serre,3
142,test1,1999,1.78616645611601,Déchets,Tous les gaz à effet de serre,3
142,test1,2000,1.76471527134379,Déchets,Tous les gaz à effet de serre,3
142,test1,2001,1.76342104154331,Déchets,Tous les gaz à effet de serre,3
142,test1,2002,1.75987273579935,Déchets,Tous les gaz à effet de serre,3
142,test1,2003,1.71740305935469,Déchets,Tous les gaz à effet de serre,3
142,test1,2004,1.72084031975489,Déchets,Tous les gaz à effet de serre,3
142,test1,2005,1.68579315742069,Déchets,Tous les gaz à effet de serre,3
142,test1,2006,1.65645760353275,Déchets,Tous les gaz à effet de serre,3
142,test1,2007,1.61335257350633,Déchets,Tous les gaz à effet de serre,3
142,test1,2008,1.57021575107676,Déchets,Tous les gaz à effet de serre,3
142,test1,2009,1.52413837149221,Déchets,Tous les gaz à effet de serre,3
142,test1,2010,1.48485087173837,Déchets,Tous les gaz à effet de serre,3
142,test1,2011,1.44803134342508,Déchets,Tous les gaz à effet de serre,3
142,test1,2012,1.41050853661933,Déchets,Tous les gaz à effet de serre,3
142,test1,2013,1.4053650731267,Déchets,Tous les gaz à effet de serre,3
142,test1,2014,1.38140437810827,Déchets,Tous les gaz à effet de serre,3
142,test1,2015,1.33932641657454,Déchets,Tous les gaz à effet de serre,3
142,test1,2016,1.30125581870865,Déchets,Tous les gaz à effet de serre,3
142,test1,2017,1.25721497588858,Déchets,Tous les gaz à effet de serre,3
142,test1,2018,1.2252887724806,Déchets,Tous les gaz à effet de serre,3
142,test1,2019,1.20023925717599,Déchets,Tous les gaz à effet de serre,3
142,test1,2020,1.17833903969476,Déchets,Tous les gaz à effet de serre,3
142,test1,2021,1.15422348799317,Déchets,Tous les gaz à effet de serre,3
142,test1,2022,1.13103712889687,Déchets,Tous les gaz à effet de serre,3
142,test1,2023,1.11736406356549,Déchets,Tous les gaz à effet de serre,3
142,test1,2024,1.09983004922214,Déchets,Tous les gaz à effet de serre,3
1421,pol11,1990,0.8621088,Décharges,Méthane,4
1421,pol11,1991,0.7587804,Décharges,Méthane,4
1421,pol11,1992,0.760746,Décharges,Méthane,4
1421,pol11,1993,0.7091308,Décharges,Méthane,4
1421,pol11,1994,0.645148,Décharges,Méthane,4
1421,pol11,1995,0.6467636,Décharges,Méthane,4
1421,pol11,1996,0.6347152,Décharges,Méthane,4
1421,pol11,1997,0.6192956,Décharges,Méthane,4
1421,pol11,1998,0.6009108,Décharges,Méthane,4
1421,pol11,1999,0.5880504,Décharges,Méthane,4
1421,pol11,2000,0.5880252,Décharges,Méthane,4
1421,pol11,2001,0.6048364,Décharges,Méthane,4
1421,pol11,2002,0.6175876,Décharges,Méthane,4
1421,pol11,2003,0.5869388,Décharges,Méthane,4
1421,pol11,2004,0.6022296,Décharges,Méthane,4
1421,pol11,2005,0.5929364,Décharges,Méthane,4
1421,pol11,2006,0.586474,Décharges,Méthane,4
1421,pol11,2007,0.5650064,Décharges,Méthane,4
1421,pol11,2008,0.5387452,Décharges,Méthane,4
1421,pol11,2009,0.5124672,Décharges,Méthane,4
1421,pol11,2010,0.4914756,Décharges,Méthane,4
1421,pol11,2011,0.4692576,Décharges,Méthane,4
1421,pol11,2012,0.4485348,Décharges,Méthane,4
1421,pol11,2013,0.429268,Décharges,Méthane,4
1421,pol11,2014,0.4127704,Décharges,Méthane,4
1421,pol11,2015,0.3938284,Décharges,Méthane,4
1421,pol11,2016,0.3758832,Décharges,Méthane,4
1421,pol11,2017,0.3581256,Décharges,Méthane,4
1421,pol11,2018,0.338912,Décharges,Méthane,4
1421,pol11,2019,0.3195248,Décharges,Méthane,4
1421,pol11,2020,0.3046792,Décharges,Méthane,4
1421,pol11,2021,0.289422,Décharges,Méthane,4
1421,pol11,2022,0.2745176,Décharges,Méthane,4
1421,pol11,2023,0.2613156,Décharges,Méthane,4
1421,pol11,2024,0.248528,Décharges,Méthane,4
1421,pol12,1990,0.0,Décharges,Oxyde nitreux,4
1421,pol12,1991,0.0,Décharges,Oxyde nitreux,4
1421,pol12,1992,0.0,Décharges,Oxyde nitreux,4
1421,pol12,1993,0.0,Décharges,Oxyde nitreux,4
1421,pol12,1994,0.0,Décharges,Oxyde nitreux,4
1421,pol12,1995,0.0,Décharges,Oxyde nitreux,4
1421,pol12,1996,0.0,Décharges,Oxyde nitreux,4
1421,pol12,1997,0.0,Décharges,Oxyde nitreux,4
1421,pol12,1998,0.0,Décharges,Oxyde nitreux,4
1421,pol12,1999,0.0,Décharges,Oxyde nitreux,4
1421,pol12,2000,0.0,Décharges,Oxyde nitreux,4
1421,pol12,2001,0.0,Décharges,Oxyde nitreux,4
1421,pol12,2002,0.0,Décharges,Oxyde nitreux,4
1421,pol12,2003,0.0,Décharges,Oxyde nitreux,4
1421,pol12,2004,0.0,Décharges,Oxyde nitreux,4
1421,pol12,2005,0.0,Décharges,Oxyde nitreux,4
1421,pol12,2006,0.0,Décharges,Oxyde nitreux,4
1421,pol12,2007,0.0,Décharges,Oxyde nitreux,4
1421,pol12,2008,0.0,Décharges,Oxyde nitreux,4
1421,pol12,2009,0.0,Décharges,Oxyde nitreux,4
1421,pol12,2010,0.0,Décharges,Oxyde nitreux,4
1421,pol12,2011,0.0,Décharges,Oxyde nitreux,4
1421,pol12,2012,0.0,Décharges,Oxyde nitreux,4
1421,pol12,2013,0.0,Décharges,Oxyde nitreux,4
1421,pol12,2014,0.0,Décharges,Oxyde nitreux,4
1421,pol12,2015,0.0,Décharges,Oxyde nitreux,4
1421,pol12,2016,0.0,Décharges,Oxyde nitreux,4
1421,pol12,2017,0.0,Décharges,Oxyde nitreux,4
1421,pol12,2018,0.0,Décharges,Oxyde nitreux,4
1421,pol12,2019,0.0,Décharges,Oxyde nitreux,4
1421,pol12,2020,0.0,Décharges,Oxyde nitreux,4
1421,pol12,2021,0.0,Décharges,Oxyde nitreux,4
1421,pol12,2022,0.0,Décharges,Oxyde nitreux,4
1421,pol12,2023,0.0,Décharges,Oxyde nitreux,4
1421,pol12,2024,0.0,Décharges,Oxyde nitreux,4
1421,pol9,1990,0.0,Décharges,Dioxyde de carbone,4
1421,pol9,1991,0.0,Décharges,Dioxyde de carbone,4
1421,pol9,1992,0.0,Décharges,Dioxyde de carbone,4
1421,pol9,1993,0.0,Décharges,Dioxyde de carbone,4
1421,pol9,1994,0.0,Décharges,Dioxyde de carbone,4
1421,pol9,1995,0.0,Décharges,Dioxyde de carbone,4
1421,pol9,1996,0.0,Décharges,Dioxyde de carbone,4
1421,pol9,1997,0.0,Décharges,Dioxyde de carbone,4
1421,pol9,1998,0.0,Décharges,Dioxyde de carbone,4
1421,pol9,1999,0.0,Décharges,Dioxyde de carbone,4
1421,pol9,2000,0.0,Décharges,Dioxyde de carbone,4
1421,pol9,2001,0.0,Décharges,Dioxyde de carbone,4
1421,pol9,2002,0.0,Décharges,Dioxyde de carbone,4
1421,pol9,2003,0.0,Décharges,Dioxyde de carbone,4
1421,pol9,2004,0.0,Décharges,Dioxyde de carbone,4
1421,pol9,2005,0.0,Décharges,Dioxyde de carbone,4
1421,pol9,2006,0.0,Décharges,Dioxyde de carbone,4
1421,pol9,2007,0.0,Décharges,Dioxyde de carbone,4
1421,pol9,2008,0.0,Décharges,Dioxyde de carbone,4
1421,pol9,2009,0.0,Décharges,Dioxyde de carbone,4
1421,pol9,2010,0.0,Décharges,Dioxyde de carbone,4
1421,pol9,2011,0.0,Décharges,Dioxyde de carbone,4
1421,pol9,2012,0.0,Décharges,Dioxyde de carbone,4
1421,pol9,2013,0.0,Décharges,Dioxyde de carbone,4
1421,pol9,2014,0.0,Décharges,Dioxyde de carbone,4
1421,pol9,2015,0.0,Décharges,Dioxyde de carbone,4
1421,pol9,2016,0.0,Décharges,Dioxyde de carbone,4
1421,pol9,2017,0.0,Décharges,Dioxyde de carbone,4
1421,pol9,2018,0.0,Décharges,Dioxyde de carbone,4
1421,pol9,2019,0.0,Décharges,Dioxyde de carbone,4
1421,pol9,2020,0.0,Décharges,Dioxyde de carbone,4
1421,pol9,2021,0.0,Décharges,Dioxyde de carbone,4
1421,pol9,2022,0.0,Décharges,Dioxyde de carbone,4
1421,pol9,2023,0.0,Décharges,Dioxyde de carbone,4
1421,pol9,2024,0.0,Décharges,Dioxyde de carbone,4
1421,test1,1990,0.8621088,Décharges,Tous les gaz à effet de serre,4
1421,test1,1991,0.7587804,Décharges,Tous les gaz à effet de serre,4
1421,test1,1992,0.760746,Décharges,Tous les gaz à effet de serre,4
1421,test1,1993,0.7091308,Décharges,Tous les gaz à effet de serre,4
1421,test1,1994,0.645148,Décharges,Tous les gaz à effet de serre,4
1421,test1,1995,0.6467636,Décharges,Tous les gaz à effet de serre,4
1421,test1,1996,0.6347152,Décharges,Tous les gaz à effet de serre,4
1421,test1,1997,0.6192956,Décharges,Tous les gaz à effet de serre,4
1421,test1,1998,0.6009108,Décharges,Tous les gaz à effet de serre,4
1421,test1,1999,0.5880504,Décharges,Tous les gaz à effet de serre,4
1421,test1,2000,0.5880252,Décharges,Tous les gaz à effet de serre,4
1421,test1,2001,0.6048364,Décharges,Tous les gaz à effet de serre,4
1421,test1,2002,0.6175876,Décharges,Tous les gaz à effet de serre,4
1421,test1,2003,0.5869388,Décharges,Tous les gaz à effet de serre,4
1421,test1,2004,0.6022296,Décharges,Tous les gaz à effet de serre,4
1421,test1,2005,0.5929364,Décharges,Tous les gaz à effet de serre,4
1421,test1,2006,0.586474,Décharges,Tous les gaz à effet de serre,4
1421,test1,2007,0.5650064,Décharges,Tous les gaz à effet de serre,4
1421,test1,2008,0.5387452,Décharges,Tous les gaz à effet de serre,4
1421,test1,2009,0.5124672,Décharges,Tous les gaz à effet de serre,4
1421,test1,2010,0.4914756,Décharges,Tous les gaz à effet de serre,4
1421,test1,2011,0.4692576,Décharges,Tous les gaz à effet de serre,4
1421,test1,2012,0.4485348,Décharges,Tous les gaz à effet de serre,4
1421,test1,2013,0.429268,Décharges,Tous les gaz à effet de serre,4
1421,test1,2014,0.4127704,Décharges,Tous les gaz à effet de serre,4
1421,test1,2015,0.3938284,Décharges,Tous les gaz à effet de serre,4
1421,test1,2016,0.3758832,Décharges,Tous les gaz à effet de serre,4
1421,test1,2017,0.3581256,Décharges,Tous les gaz à effet de serre,4
1421,test1,2018,0.338912,Décharges,Tous les gaz à effet de serre,4
1421,test1,2019,0.3195248,Décharges,Tous les gaz à effet de serre,4
1421,test1,2020,0.3046792,Décharges,Tous les gaz à effet de serre,4
1421,test1,2021,0.289422,Décharges,Tous les gaz à effet de serre,4
1421,test1,2022,0.2745176,Décharges,Tous les gaz à effet de serre,4
1421,test1,2023,0.2613156,Décharges,Tous les gaz à effet de serre,4
1421,test1,2024,0.248528,Décharges,Tous les gaz à effet de serre,4
1422,pol11,1990,0.198203240157852,Épuration des eaux usées,Méthane,4
1422,pol11,1991,0.195624479561764,Épuration des eaux usées,Méthane,4
1422,pol11,1992,0.19533796880609,Épuration des eaux usées,Méthane,4
1422,pol11,1993,0.194562376644815,Épuration des eaux usées,Méthane,4
1422,pol11,1994,0.190850279342885,Épuration des eaux usées,Méthane,4
1422,pol11,1995,0.188411981615089,Épuration des eaux usées,Méthane,4
1422,pol11,1996,0.187655696701408,Épuration des eaux usées,Méthane,4
1422,pol11,1997,0.185394803817334,Épuration des eaux usées,Méthane,4
1422,pol11,1998,0.183330378417772,Épuration des eaux usées,Méthane,4
1422,pol11,1999,0.183134259609956,Épuration des eaux usées,Méthane,4
1422,pol11,2000,0.183057064583781,Épuration des eaux usées,Méthane,4
1422,pol11,2001,0.182436382608656,Épuration des eaux usées,Méthane,4
1422,pol11,2002,0.182265997916992,Épuration des eaux usées,Méthane,4
1422,pol11,2003,0.182022535324965,Épuration des eaux usées,Méthane,4
1422,pol11,2004,0.181665397871617,Épuration des eaux usées,Méthane,4
1422,pol11,2005,0.181832416617875,Épuration des eaux usées,Méthane,4
1422,pol11,2006,0.183845443480732,Épuration des eaux usées,Méthane,4
1422,pol11,2007,0.185078418981092,Épuration des eaux usées,Méthane,4
1422,pol11,2008,0.187644932407588,Épuration des eaux usées,Méthane,4
1422,pol11,2009,0.189280796417979,Épuration des eaux usées,Méthane,4
1422,pol11,2010,0.192221011212534,Épuration des eaux usées,Méthane,4
1422,pol11,2011,0.194709877409175,Épuration des eaux usées,Méthane,4
1422,pol11,2012,0.195833157722616,Épuration des eaux usées,Méthane,4
1422,pol11,2013,0.19950158411169,Épuration des eaux usées,Méthane,4
1422,pol11,2014,0.204371796416446,Épuration des eaux usées,Méthane,4
1422,pol11,2015,0.207948339361465,Épuration des eaux usées,Méthane,4
1422,pol11,2016,0.212090569255263,Épuration des eaux usées,Méthane,4
1422,pol11,2017,0.215578883860692,Épuration des eaux usées,Méthane,4
1422,pol11,2018,0.217992101968339,Épuration des eaux usées,Méthane,4
1422,pol11,2019,0.22021406395529,Épuration des eaux usées,Méthane,4
1422,pol11,2020,0.222731764900142,Épuration des eaux usées,Méthane,4
1422,pol11,2021,0.22399433805081,Épuration des eaux usées,Méthane,4
1422,pol11,2022,0.229109836260826,Épuration des eaux usées,Méthane,4
1422,pol11,2023,0.231229336600321,Épuration des eaux usées,Méthane,4
1422,pol11,2024,0.234991605918732,Épuration des eaux usées,Méthane,4
1422,pol12,1990,1.05646788228583,Épuration des eaux usées,Oxyde nitreux,4
1422,pol12,1991,1.04734438537376,Épuration des eaux usées,Oxyde nitreux,4
1422,pol12,1992,1.03359495606521,Épuration des eaux usées,Oxyde nitreux,4
1422,pol12,1993,1.01760950138449,Épuration des eaux usées,Oxyde nitreux,4
1422,pol12,1994,1.00195494348833,Épuration des eaux usées,Oxyde nitreux,4
1422,pol12,1995,0.983530249318826,Épuration des eaux usées,Oxyde nitreux,4
1422,pol12,1996,0.961373573173956,Épuration des eaux usées,Oxyde nitreux,4
1422,pol12,1997,0.936141650921577,Épuration des eaux usées,Oxyde nitreux,4
1422,pol12,1998,0.911392566685321,Épuration des eaux usées,Oxyde nitreux,4
1422,pol12,1999,0.887514066158981,Épuration des eaux usées,Oxyde nitreux,4
1422,pol12,2000,0.864352662392657,Épuration des eaux usées,Oxyde nitreux,4
1422,pol12,2001,0.841687108952677,Épuration des eaux usées,Oxyde nitreux,4
1422,pol12,2002,0.820600447137839,Épuration des eaux usées,Oxyde nitreux,4
1422,pol12,2003,0.798865912984065,Épuration des eaux usées,Oxyde nitreux,4
1422,pol12,2004,0.776642960775034,Épuration des eaux usées,Oxyde nitreux,4
1422,pol12,2005,0.75377613589233,Épuration des eaux usées,Oxyde nitreux,4
1422,pol12,2006,0.730768225319538,Épuration des eaux usées,Oxyde nitreux,4
1422,pol12,2007,0.709630776933018,Épuration des eaux usées,Oxyde nitreux,4
1422,pol12,2008,0.691058007089936,Épuration des eaux usées,Oxyde nitreux,4
1422,pol12,2009,0.672051120144708,Épuration des eaux usées,Oxyde nitreux,4
1422,pol12,2010,0.651488515366801,Épuration des eaux usées,Oxyde nitreux,4
1422,pol12,2011,0.641565377390525,Épuration des eaux usées,Oxyde nitreux,4
1422,pol12,2012,0.631345819052243,Épuration des eaux usées,Oxyde nitreux,4
1422,pol12,2013,0.621509826524521,Épuration des eaux usées,Oxyde nitreux,4
1422,pol12,2014,0.612098101142022,Épuration des eaux usées,Oxyde nitreux,4
1422,pol12,2015,0.601981315856041,Épuration des eaux usées,Oxyde nitreux,4
1422,pol12,2016,0.591557060577202,Épuration des eaux usées,Oxyde nitreux,4
1422,pol12,2017,0.58016449815268,Épuration des eaux usées,Oxyde nitreux,4
1422,pol12,2018,0.567542611268963,Épuration des eaux usées,Oxyde nitreux,4
1422,pol12,2019,0.554835911352,Épuration des eaux usées,Oxyde nitreux,4
1422,pol12,2020,0.547032124990035,Épuration des eaux usées,Oxyde nitreux,4
1422,pol12,2021,0.536134783271193,Épuration des eaux usées,Oxyde nitreux,4
1422,pol12,2022,0.525303629819954,Épuration des eaux usées,Oxyde nitreux,4
1422,pol12,2023,0.51654645209959,Épuration des eaux usées,Oxyde nitreux,4
1422,pol12,2024,0.507737969586333,Épuration des eaux usées,Oxyde nitreux,4
1422,pol9,1990,0.0,Épuration des eaux usées,Dioxyde de carbone,4
1422,pol9,1991,0.0,Épuration des eaux usées,Dioxyde de carbone,4
1422,pol9,1992,0.0,Épuration des eaux usées,Dioxyde de carbone,4
1422,pol9,1993,0.0,Épuration des eaux usées,Dioxyde de carbone,4
1422,pol9,1994,0.0,Épuration des eaux usées,Dioxyde de carbone,4
1422,pol9,1995,0.0,Épuration des eaux usées,Dioxyde de carbone,4
1422,pol9,1996,0.0,Épuration des eaux usées,Dioxyde de carbone,4
1422,pol9,1997,0.0,Épuration des eaux usées,Dioxyde de carbone,4
1422,pol9,1998,0.0,Épuration des eaux usées,Dioxyde de carbone,4
1422,pol9,1999,0.0,Épuration des eaux usées,Dioxyde de carbone,4
1422,pol9,2000,0.0,Épuration des eaux usées,Dioxyde de carbone,4
1422,pol9,2001,0.0,Épuration des eaux usées,Dioxyde de carbone,4
1422,pol9,2002,0.0,Épuration des eaux usées,Dioxyde de carbone,4
1422,pol9,2003,0.0,Épuration des eaux usées,Dioxyde de carbone,4
1422,pol9,2004,0.0,Épuration des eaux usées,Dioxyde de carbone,4
1422,pol9,2005,0.0,Épuration des eaux usées,Dioxyde de carbone,4
1422,pol9,2006,0.0,Épuration des eaux usées,Dioxyde de carbone,4
1422,pol9,2007,0.0,Épuration des eaux usées,Dioxyde de carbone,4
1422,pol9,2008,0.0,Épuration des eaux usées,Dioxyde de carbone,4
1422,pol9,2009,0.0,Épuration des eaux usées,Dioxyde de carbone,4
1422,pol9,2010,0.0,Épuration des eaux usées,Dioxyde de carbone,4
1422,pol9,2011,0.0,Épuration des eaux usées,Dioxyde de carbone,4
1422,pol9,2012,0.0,Épuration des eaux usées,Dioxyde de carbone,4
1422,pol9,2013,0.0,Épuration des eaux usées,Dioxyde de carbone,4
1422,pol9,2014,0.0,Épuration des eaux usées,Dioxyde de carbone,4
1422,pol9,2015,0.0,Épuration des eaux usées,Dioxyde de carbone,4
1422,pol9,2016,0.0,Épuration des eaux usées,Dioxyde de carbone,4
1422,pol9,2017,0.0,Épuration des eaux usées,Dioxyde de carbone,4
1422,pol9,2018,0.0,Épuration des eaux usées,Dioxyde de carbone,4
1422,pol9,2019,0.0,Épuration des eaux usées,Dioxyde de carbone,4
1422,pol9,2020,0.0,Épuration des eaux usées,Dioxyde de carbone,4
1422,pol9,2021,0.0,Épuration des eaux usées,Dioxyde de carbone,4
1422,pol9,2022,0.0,Épuration des eaux usées,Dioxyde de carbone,4
1422,pol9,2023,0.0,Épuration des eaux usées,Dioxyde de carbone,4
1422,pol9,2024,0.0,Épuration des eaux usées,Dioxyde de carbone,4
1422,test1,1990,1.25467112244368,Épuration des eaux usées,Tous les gaz à effet de serre,4
1422,test1,1991,1.24296886493553,Épuration des eaux usées,Tous les gaz à effet de serre,4
1422,test1,1992,1.2289329248713,Épuration des eaux usées,Tous les gaz à effet de serre,4
1422,test1,1993,1.21217187802931,Épuration des eaux usées,Tous les gaz à effet de serre,4
1422,test1,1994,1.19280522283121,Épuration des eaux usées,Tous les gaz à effet de serre,4
1422,test1,1995,1.17194223093391,Épuration des eaux usées,Tous les gaz à effet de serre,4
1422,test1,1996,1.14902926987536,Épuration des eaux usées,Tous les gaz à effet de serre,4
1422,test1,1997,1.12153645473891,Épuration des eaux usées,Tous les gaz à effet de serre,4
1422,test1,1998,1.09472294510309,Épuration des eaux usées,Tous les gaz à effet de serre,4
1422,test1,1999,1.07064832576894,Épuration des eaux usées,Tous les gaz à effet de serre,4
1422,test1,2000,1.04740972697644,Épuration des eaux usées,Tous les gaz à effet de serre,4
1422,test1,2001,1.02412349156133,Épuration des eaux usées,Tous les gaz à effet de serre,4
1422,test1,2002,1.00286644505483,Épuration des eaux usées,Tous les gaz à effet de serre,4
1422,test1,2003,0.98088844830903,Épuration des eaux usées,Tous les gaz à effet de serre,4
1422,test1,2004,0.958308358646651,Épuration des eaux usées,Tous les gaz à effet de serre,4
1422,test1,2005,0.935608552510205,Épuration des eaux usées,Tous les gaz à effet de serre,4
1422,test1,2006,0.914613668800271,Épuration des eaux usées,Tous les gaz à effet de serre,4
1422,test1,2007,0.89470919591411,Épuration des eaux usées,Tous les gaz à effet de serre,4
1422,test1,2008,0.878702939497524,Épuration des eaux usées,Tous les gaz à effet de serre,4
1422,test1,2009,0.861331916562687,Épuration des eaux usées,Tous les gaz à effet de serre,4
1422,test1,2010,0.843709526579335,Épuration des eaux usées,Tous les gaz à effet de serre,4
1422,test1,2011,0.8362752547997,Épuration des eaux usées,Tous les gaz à effet de serre,4
1422,test1,2012,0.827178976774859,Épuration des eaux usées,Tous les gaz à effet de serre,4
1422,test1,2013,0.821011410636211,Épuration des eaux usées,Tous les gaz à effet de serre,4
1422,test1,2014,0.816469897558468,Épuration des eaux usées,Tous les gaz à effet de serre,4
1422,test1,2015,0.809929655217506,Épuration des eaux usées,Tous les gaz à effet de serre,4
1422,test1,2016,0.803647629832465,Épuration des eaux usées,Tous les gaz à effet de serre,4
1422,test1,2017,0.795743382013372,Épuration des eaux usées,Tous les gaz à effet de serre,4
1422,test1,2018,0.785534713237302,Épuration des eaux usées,Tous les gaz à effet de serre,4
1422,test1,2019,0.77504997530729,Épuration des eaux usées,Tous les gaz à effet de serre,4
1422,test1,2020,0.769763889890177,Épuration des eaux usées,Tous les gaz à effet de serre,4
1422,test1,2021,0.760129121322002,Épuration des eaux usées,Tous les gaz à effet de serre,4
1422,test1,2022,0.754413466080781,Épuration des eaux usées,Tous les gaz à effet de serre,4
1422,test1,2023,0.747775788699911,Épuration des eaux usées,Tous les gaz à effet de serre,4
1422,test1,2024,0.742729575505065,Épuration des eaux usées,Tous les gaz à effet de serre,4
1423,pol11,1990,0.0133175466666667,Traitement biologique,Méthane,4
1423,pol11,1991,0.0140804533333333,Traitement biologique,Méthane,4
1423,pol11,1992,0.0149813137850917,Traitement biologique,Méthane,4
1423,pol11,1993,0.0153101030955169,Traitement biologique,Méthane,4
1423,pol11,1994,0.0163054451758494,Traitement biologique,Méthane,4
1423,pol11,1995,0.0171830091346036,Traitement biologique,Méthane,4
1423,pol11,1996,0.0182145254844943,Traitement biologique,Méthane,4
1423,pol11,1997,0.0186746570321011,Traitement biologique,Méthane,4
1423,pol11,1998,0.0191574376075314,Traitement biologique,Méthane,4
1423,pol11,1999,0.0209241180714997,Traitement biologique,Méthane,4
1423,pol11,2000,0.0227436664875395,Traitement biologique,Méthane,4
1423,pol11,2001,0.0232360667072113,Traitement biologique,Méthane,4
1423,pol11,2002,0.0232362966038018,Traitement biologique,Méthane,4
1423,pol11,2003,0.0229945669726547,Traitement biologique,Méthane,4
1423,pol11,2004,0.0230746631939498,Traitement biologique,Méthane,4
1423,pol11,2005,0.0232407504273443,Traitement biologique,Méthane,4
1423,pol11,2006,0.023239202406047,Traitement biologique,Méthane,4
1423,pol11,2007,0.0231417811407888,Traitement biologique,Méthane,4
1423,pol11,2008,0.0231602697272357,Traitement biologique,Méthane,4
1423,pol11,2009,0.0232757552166639,Traitement biologique,Méthane,4
1423,pol11,2010,0.0234130437297456,Traitement biologique,Méthane,4
1423,pol11,2011,0.0243384278853819,Traitement biologique,Méthane,4
1423,pol11,2012,0.0252864866221883,Traitement biologique,Méthane,4
1423,pol11,2013,0.026083754586919,Traitement biologique,Méthane,4
1423,pol11,2014,0.025158185885232,Traitement biologique,Méthane,4
1423,pol11,2015,0.0248578980281717,Traitement biologique,Méthane,4
1423,pol11,2016,0.0273798874403236,Traitement biologique,Méthane,4
1423,pol11,2017,0.0275224836909223,Traitement biologique,Méthane,4
1423,pol11,2018,0.0275218376180088,Traitement biologique,Méthane,4
1423,pol11,2019,0.0306147413156948,Traitement biologique,Méthane,4
1423,pol11,2020,0.0308675003174389,Traitement biologique,Méthane,4
1423,pol11,2021,0.032016908114456,Traitement biologique,Méthane,4
1423,pol11,2022,0.0305238357256636,Traitement biologique,Méthane,4
1423,pol11,2023,0.0323885090827235,Traitement biologique,Méthane,4
1423,pol11,2024,0.0336575436162126,Traitement biologique,Méthane,4
1423,pol12,1990,0.00463970833333334,Traitement biologique,Oxyde nitreux,4
1423,pol12,1991,0.00506591666666667,Traitement biologique,Oxyde nitreux,4
1423,pol12,1992,0.005492125,Traitement biologique,Oxyde nitreux,4
1423,pol12,1993,0.00584325,Traitement biologique,Oxyde nitreux,4
1423,pol12,1994,0.00634675,Traitement biologique,Oxyde nitreux,4
1423,pol12,1995,0.0068270625,Traitement biologique,Oxyde nitreux,4
1423,pol12,1996,0.007307375,Traitement biologique,Oxyde nitreux,4
1423,pol12,1997,0.00757635,Traitement biologique,Oxyde nitreux,4
1423,pol12,1998,0.007845325,Traitement biologique,Oxyde nitreux,4
1423,pol12,1999,0.008555525,Traitement biologique,Oxyde nitreux,4
1423,pol12,2000,0.009265725,Traitement biologique,Oxyde nitreux,4
1423,pol12,2001,0.009416609375,Traitement biologique,Oxyde nitreux,4
1423,pol12,2002,0.009567460625,Traitement biologique,Oxyde nitreux,4
1423,pol12,2003,0.009453345,Traitement biologique,Oxyde nitreux,4
1423,pol12,2004,0.00933919625,Traitement biologique,Oxyde nitreux,4
1423,pol12,2005,0.009225080625,Traitement biologique,Oxyde nitreux,4
1423,pol12,2006,0.009110931875,Traitement biologique,Oxyde nitreux,4
1423,pol12,2007,0.00899681625,Traitement biologique,Oxyde nitreux,4
1423,pol12,2008,0.0088826675,Traitement biologique,Oxyde nitreux,4
1423,pol12,2009,0.008768551875,Traitement biologique,Oxyde nitreux,4
1423,pol12,2010,0.008608028125,Traitement biologique,Oxyde nitreux,4
1423,pol12,2011,0.0085018625,Traitement biologique,Oxyde nitreux,4
1423,pol12,2012,0.00839566375,Traitement biologique,Oxyde nitreux,4
1423,pol12,2013,0.008421335625,Traitement biologique,Oxyde nitreux,4
1423,pol12,2014,0.00766413125,Traitement biologique,Oxyde nitreux,4
1423,pol12,2015,0.00702124125,Traitement biologique,Oxyde nitreux,4
1423,pol12,2016,0.007985145625,Traitement biologique,Oxyde nitreux,4
1423,pol12,2017,0.007814353125,Traitement biologique,Oxyde nitreux,4
1423,pol12,2018,0.007620836875,Traitement biologique,Oxyde nitreux,4
1423,pol12,2019,0.008531145,Traitement biologique,Oxyde nitreux,4
1423,pol12,2020,0.00825004625,Traitement biologique,Oxyde nitreux,4
1423,pol12,2021,0.008581130625,Traitement biologique,Oxyde nitreux,4
1423,pol12,2022,0.007738165625,Traitement biologique,Oxyde nitreux,4
1423,pol12,2023,0.00810906625,Traitement biologique,Oxyde nitreux,4
1423,pol12,2024,0.00810906625,Traitement biologique,Oxyde nitreux,4
1423,pol9,1990,0.0,Traitement biologique,Dioxyde de carbone,4
1423,pol9,1991,0.0,Traitement biologique,Dioxyde de carbone,4
1423,pol9,1992,0.0,Traitement biologique,Dioxyde de carbone,4
1423,pol9,1993,0.0,Traitement biologique,Dioxyde de carbone,4
1423,pol9,1994,0.0,Traitement biologique,Dioxyde de carbone,4
1423,pol9,1995,0.0,Traitement biologique,Dioxyde de carbone,4
1423,pol9,1996,0.0,Traitement biologique,Dioxyde de carbone,4
1423,pol9,1997,0.0,Traitement biologique,Dioxyde de carbone,4
1423,pol9,1998,0.0,Traitement biologique,Dioxyde de carbone,4
1423,pol9,1999,0.0,Traitement biologique,Dioxyde de carbone,4
1423,pol9,2000,0.0,Traitement biologique,Dioxyde de carbone,4
1423,pol9,2001,0.0,Traitement biologique,Dioxyde de carbone,4
1423,pol9,2002,0.0,Traitement biologique,Dioxyde de carbone,4
1423,pol9,2003,0.0,Traitement biologique,Dioxyde de carbone,4
1423,pol9,2004,0.0,Traitement biologique,Dioxyde de carbone,4
1423,pol9,2005,0.0,Traitement biologique,Dioxyde de carbone,4
1423,pol9,2006,0.0,Traitement biologique,Dioxyde de carbone,4
1423,pol9,2007,0.0,Traitement biologique,Dioxyde de carbone,4
1423,pol9,2008,0.0,Traitement biologique,Dioxyde de carbone,4
1423,pol9,2009,0.0,Traitement biologique,Dioxyde de carbone,4
1423,pol9,2010,0.0,Traitement biologique,Dioxyde de carbone,4
1423,pol9,2011,0.0,Traitement biologique,Dioxyde de carbone,4
1423,pol9,2012,0.0,Traitement biologique,Dioxyde de carbone,4
1423,pol9,2013,0.0,Traitement biologique,Dioxyde de carbone,4
1423,pol9,2014,0.0,Traitement biologique,Dioxyde de carbone,4
1423,pol9,2015,0.0,Traitement biologique,Dioxyde de carbone,4
1423,pol9,2016,0.0,Traitement biologique,Dioxyde de carbone,4
1423,pol9,2017,0.0,Traitement biologique,Dioxyde de carbone,4
1423,pol9,2018,0.0,Traitement biologique,Dioxyde de carbone,4
1423,pol9,2019,0.0,Traitement biologique,Dioxyde de carbone,4
1423,pol9,2020,0.0,Traitement biologique,Dioxyde de carbone,4
1423,pol9,2021,0.0,Traitement biologique,Dioxyde de carbone,4
1423,pol9,2022,0.0,Traitement biologique,Dioxyde de carbone,4
1423,pol9,2023,0.0,Traitement biologique,Dioxyde de carbone,4
1423,pol9,2024,0.0,Traitement biologique,Dioxyde de carbone,4
1423,test1,1990,0.017957255,Traitement biologique,Tous les gaz à effet de serre,4
1423,test1,1991,0.01914637,Traitement biologique,Tous les gaz à effet de serre,4
1423,test1,1992,0.0204734387850917,Traitement biologique,Tous les gaz à effet de serre,4
1423,test1,1993,0.0211533530955169,Traitement biologique,Tous les gaz à effet de serre,4
1423,test1,1994,0.0226521951758494,Traitement biologique,Tous les gaz à effet de serre,4
1423,test1,1995,0.0240100716346036,Traitement biologique,Tous les gaz à effet de serre,4
1423,test1,1996,0.0255219004844943,Traitement biologique,Tous les gaz à effet de serre,4
1423,test1,1997,0.0262510070321011,Traitement biologique,Tous les gaz à effet de serre,4
1423,test1,1998,0.0270027626075314,Traitement biologique,Tous les gaz à effet de serre,4
1423,test1,1999,0.0294796430714997,Traitement biologique,Tous les gaz à effet de serre,4
1423,test1,2000,0.0320093914875395,Traitement biologique,Tous les gaz à effet de serre,4
1423,test1,2001,0.0326526760822113,Traitement biologique,Tous les gaz à effet de serre,4
1423,test1,2002,0.0328037572288018,Traitement biologique,Tous les gaz à effet de serre,4
1423,test1,2003,0.0324479119726547,Traitement biologique,Tous les gaz à effet de serre,4
1423,test1,2004,0.0324138594439498,Traitement biologique,Tous les gaz à effet de serre,4
1423,test1,2005,0.0324658310523443,Traitement biologique,Tous les gaz à effet de serre,4
1423,test1,2006,0.032350134281047,Traitement biologique,Tous les gaz à effet de serre,4
1423,test1,2007,0.0321385973907888,Traitement biologique,Tous les gaz à effet de serre,4
1423,test1,2008,0.0320429372272357,Traitement biologique,Tous les gaz à effet de serre,4
1423,test1,2009,0.0320443070916639,Traitement biologique,Tous les gaz à effet de serre,4
1423,test1,2010,0.0320210718547456,Traitement biologique,Tous les gaz à effet de serre,4
1423,test1,2011,0.0328402903853819,Traitement biologique,Tous les gaz à effet de serre,4
1423,test1,2012,0.0336821503721883,Traitement biologique,Tous les gaz à effet de serre,4
1423,test1,2013,0.034505090211919,Traitement biologique,Tous les gaz à effet de serre,4
1423,test1,2014,0.032822317135232,Traitement biologique,Tous les gaz à effet de serre,4
1423,test1,2015,0.0318791392781717,Traitement biologique,Tous les gaz à effet de serre,4
1423,test1,2016,0.0353650330653236,Traitement biologique,Tous les gaz à effet de serre,4
1423,test1,2017,0.0353368368159223,Traitement biologique,Tous les gaz à effet de serre,4
1423,test1,2018,0.0351426744930088,Traitement biologique,Tous les gaz à effet de serre,4
1423,test1,2019,0.0391458863156948,Traitement biologique,Tous les gaz à effet de serre,4
1423,test1,2020,0.0391175465674389,Traitement biologique,Tous les gaz à effet de serre,4
1423,test1,2021,0.040598038739456,Traitement biologique,Tous les gaz à effet de serre,4
1423,test1,2022,0.0382620013506636,Traitement biologique,Tous les gaz à effet de serre,4
1423,test1,2023,0.0404975753327235,Traitement biologique,Tous les gaz à effet de serre,4
1423,test1,2024,0.0417666098662126,Traitement biologique,Tous les gaz à effet de serre,4
1424,pol11,1990,0.008928304,Autre incinération,Méthane,4
1424,pol11,1991,0.00876620605,Autre incinération,Méthane,4
1424,pol11,1992,0.0085891246,Autre incinération,Méthane,4
1424,pol11,1993,0.00830986765,Autre incinération,Méthane,4
1424,pol11,1994,0.0078321712,Autre incinération,Méthane,4
1424,pol11,1995,0.00762955433333333,Autre incinération,Méthane,4
1424,pol11,1996,0.0073989048,Autre incinération,Méthane,4
1424,pol11,1997,0.00729743093333333,Autre incinération,Méthane,4
1424,pol11,1998,0.00717991306666667,Autre incinération,Méthane,4
1424,pol11,1999,0.00727881595,Autre incinération,Méthane,4
1424,pol11,2000,0.00720436966666667,Autre incinération,Méthane,4
1424,pol11,2001,0.00703603238333333,Autre incinération,Méthane,4
1424,pol11,2002,0.0069517056,Autre incinération,Méthane,4
1424,pol11,2003,0.0067741744,Autre incinération,Méthane,4
1424,pol11,2004,0.0066683792,Autre incinération,Méthane,4
1424,pol11,2005,0.00650861498,Autre incinération,Méthane,4
1424,pol11,2006,0.00661983476,Autre incinération,Méthane,4
1424,pol11,2007,0.006483188355,Autre incinération,Méthane,4
1424,pol11,2008,0.00649958995,Autre incinération,Méthane,4
1424,pol11,2009,0.006167223545,Autre incinération,Méthane,4
1424,pol11,2010,0.00616682514,Autre incinération,Méthane,4
1424,pol11,2011,0.00600682992,Autre incinération,Méthane,4
1424,pol11,2012,0.00597738764,Autre incinération,Méthane,4
1424,pol11,2013,0.0059307409,Autre incinération,Méthane,4
1424,pol11,2014,0.00581085064,Autre incinération,Méthane,4
1424,pol11,2015,0.00579947928,Autre incinération,Méthane,4
1424,pol11,2016,0.00574223328,Autre incinération,Méthane,4
1424,pol11,2017,0.00560529872,Autre incinération,Méthane,4
1424,pol11,2018,0.00550178972,Autre incinération,Méthane,4
1424,pol11,2019,0.00539877072,Autre incinération,Méthane,4
1424,pol11,2020,0.00530856914,Autre incinération,Méthane,4
1424,pol11,2021,0.00525562422,Autre incinération,Méthane,4
1424,pol11,2022,0.00507491586,Autre incinération,Méthane,4
1424,pol11,2023,0.00504608846,Autre incinération,Méthane,4
1424,pol11,2024,0.0049760186,Autre incinération,Méthane,4
1424,pol12,1990,0.0642702645,Autre incinération,Oxyde nitreux,4
1424,pol12,1991,0.060793725525,Autre incinération,Oxyde nitreux,4
1424,pol12,1992,0.05731345005,Autre incinération,Oxyde nitreux,4
1424,pol12,1993,0.053808807825,Autre incinération,Oxyde nitreux,4
1424,pol12,1994,0.0502570221,Autre incinération,Oxyde nitreux,4
1424,pol12,1995,0.056486770625,Autre incinération,Oxyde nitreux,4
1424,pol12,1996,0.06271023865,Autre incinération,Oxyde nitreux,4
1424,pol12,1997,0.066576041425,Autre incinération,Oxyde nitreux,4
1424,pol12,1998,0.0704382667,Autre incinération,Oxyde nitreux,4
1424,pol12,1999,0.071040289725,Autre incinération,Oxyde nitreux,4
1424,pol12,2000,0.0716013305,Autre incinération,Oxyde nitreux,4
1424,pol12,2001,0.077895142775,Autre incinération,Oxyde nitreux,4
1424,pol12,2002,0.0842091878,Autre incinération,Oxyde nitreux,4
1424,pol12,2003,0.095568223325,Autre incinération,Oxyde nitreux,4
1424,pol12,2004,0.1069442321,Autre incinération,Oxyde nitreux,4
1424,pol12,2005,0.104574465625,Autre incinération,Oxyde nitreux,4
1424,pol12,2006,0.1022688159,Autre incinération,Oxyde nitreux,4
1424,pol12,2007,0.10145487105,Autre incinération,Oxyde nitreux,4
1424,pol12,2008,0.10067713845,Autre incinération,Oxyde nitreux,4
1424,pol12,2009,0.09981688485,Autre incinération,Oxyde nitreux,4
1424,pol12,2010,0.09903517725,Autre incinération,Oxyde nitreux,4
1424,pol12,2011,0.09170325,Autre incinération,Oxyde nitreux,4
1424,pol12,2012,0.08338040825,Autre incinération,Oxyde nitreux,4
1424,pol12,2013,0.103143883,Autre incinération,Oxyde nitreux,4
1424,pol12,2014,0.10218030325,Autre incinération,Oxyde nitreux,4
1424,pol12,2015,0.08643879975,Autre incinération,Oxyde nitreux,4
1424,pol12,2016,0.069161343,Autre incinération,Oxyde nitreux,4
1424,pol12,2017,0.05129508275,Autre incinération,Oxyde nitreux,4
1424,pol12,2018,0.04928735,Autre incinération,Oxyde nitreux,4
1424,pol12,2019,0.05046226725,Autre incinération,Oxyde nitreux,4
1424,pol12,2020,0.04898990075,Autre incinération,Oxyde nitreux,4
1424,pol12,2021,0.04852002501,Autre incinération,Oxyde nitreux,4
1424,pol12,2022,0.04905595677,Autre incinération,Oxyde nitreux,4
1424,pol12,2023,0.05327843603,Autre incinération,Oxyde nitreux,4
1424,pol12,2024,0.05277562079,Autre incinération,Oxyde nitreux,4
1424,pol9,1990,0.0424685636595726,Autre incinération,Dioxyde de carbone,4
1424,pol9,1991,0.0391020612112869,Autre incinération,Dioxyde de carbone,4
1424,pol9,1992,0.0358100228000011,Autre incinération,Dioxyde de carbone,4
1424,pol9,1993,0.0322044549542868,Autre incinération,Dioxyde de carbone,4
1424,pol9,1994,0.0278478260325724,Autre incinération,Dioxyde de carbone,4
1424,pol9,1995,0.0242192940308581,Autre incinération,Dioxyde de carbone,4
1424,pol9,1996,0.0224333656641438,Autre incinération,Dioxyde de carbone,4
1424,pol9,1997,0.0214467897554295,Autre incinération,Dioxyde de carbone,4
1424,pol9,1998,0.0203923865685723,Autre incinération,Dioxyde de carbone,4
1424,pol9,1999,0.0196689816005724,Autre incinération,Dioxyde de carbone,4
1424,pol9,2000,0.0184652527131438,Autre incinération,Dioxyde de carbone,4
1424,pol9,2001,0.0168772987414295,Autre incinération,Dioxyde de carbone,4
1424,pol9,2002,0.0154540401157152,Autre incinération,Dioxyde de carbone,4
1424,pol9,2003,0.0147855013480008,Autre incinération,Dioxyde de carbone,4
1424,pol9,2004,0.0142758903642865,Autre incinération,Dioxyde de carbone,4
1424,pol9,2005,0.0136992932531436,Autre incinération,Dioxyde de carbone,4
1424,pol9,2006,0.0141311497914294,Autre incinération,Dioxyde de carbone,4
1424,pol9,2007,0.0135603207964294,Autre incinération,Dioxyde de carbone,4
1424,pol9,2008,0.0135479459520008,Autre incinération,Dioxyde de carbone,4
1424,pol9,2009,0.0123108394428579,Autre incinération,Dioxyde de carbone,4
1424,pol9,2010,0.0124426709142864,Autre incinération,Dioxyde de carbone,4
1424,pol9,2011,0.0119481183200007,Autre incinération,Dioxyde de carbone,4
1424,pol9,2012,0.0117548135822864,Autre incinération,Dioxyde de carbone,4
1424,pol9,2013,0.0115059483785721,Autre incinération,Dioxyde de carbone,4
1424,pol9,2014,0.0113506095245721,Autre incinération,Dioxyde de carbone,4
1424,pol9,2015,0.0114509430488578,Autre incinération,Dioxyde de carbone,4
1424,pol9,2016,0.0114563795308578,Autre incinération,Dioxyde de carbone,4
1424,pol9,2017,0.0111087755892864,Autre incinération,Dioxyde de carbone,4
1424,pol9,2018,0.0109102450302863,Autre incinération,Dioxyde de carbone,4
1424,pol9,2019,0.0106575575830006,Autre incinération,Dioxyde de carbone,4
1424,pol9,2020,0.0104799333471435,Autre incinération,Dioxyde de carbone,4
1424,pol9,2021,0.0102986787017149,Autre incinération,Dioxyde de carbone,4
1424,pol9,2022,0.00971318883542913,Autre incinération,Dioxyde de carbone,4
1424,pol9,2023,0.00945057504285769,Autre incinération,Dioxyde de carbone,4
1424,pol9,2024,0.00905422446085767,Autre incinération,Dioxyde de carbone,4
1424,test1,1990,0.115667132159573,Autre incinération,Tous les gaz à effet de serre,4
1424,test1,1991,0.108661992786287,Autre incinération,Tous les gaz à effet de serre,4
1424,test1,1992,0.101712597450001,Autre incinération,Tous les gaz à effet de serre,4
1424,test1,1993,0.0943231304292868,Autre incinération,Tous les gaz à effet de serre,4
1424,test1,1994,0.0859370193325724,Autre incinération,Tous les gaz à effet de serre,4
1424,test1,1995,0.0883356189891914,Autre incinération,Tous les gaz à effet de serre,4
1424,test1,1996,0.0925425091141438,Autre incinération,Tous les gaz à effet de serre,4
1424,test1,1997,0.0953202621137628,Autre incinération,Tous les gaz à effet de serre,4
1424,test1,1998,0.098010566335239,Autre incinération,Tous les gaz à effet de serre,4
1424,test1,1999,0.0979880872755724,Autre incinération,Tous les gaz à effet de serre,4
1424,test1,2000,0.0972709528798105,Autre incinération,Tous les gaz à effet de serre,4
1424,test1,2001,0.101808473899763,Autre incinération,Tous les gaz à effet de serre,4
1424,test1,2002,0.106614933515715,Autre incinération,Tous les gaz à effet de serre,4
1424,test1,2003,0.117127899073001,Autre incinération,Tous les gaz à effet de serre,4
1424,test1,2004,0.127888501664287,Autre incinération,Tous les gaz à effet de serre,4
1424,test1,2005,0.124782373858144,Autre incinération,Tous les gaz à effet de serre,4
1424,test1,2006,0.123019800451429,Autre incinération,Tous les gaz à effet de serre,4
1424,test1,2007,0.121498380201429,Autre incinération,Tous les gaz à effet de serre,4
1424,test1,2008,0.120724674352001,Autre incinération,Tous les gaz à effet de serre,4
1424,test1,2009,0.118294947837858,Autre incinération,Tous les gaz à effet de serre,4
1424,test1,2010,0.117644673304286,Autre incinération,Tous les gaz à effet de serre,4
1424,test1,2011,0.109658198240001,Autre incinération,Tous les gaz à effet de serre,4
1424,test1,2012,0.101112609472286,Autre incinération,Tous les gaz à effet de serre,4
1424,test1,2013,0.120580572278572,Autre incinération,Tous les gaz à effet de serre,4
1424,test1,2014,0.119341763414572,Autre incinération,Tous les gaz à effet de serre,4
1424,test1,2015,0.103689222078858,Autre incinération,Tous les gaz à effet de serre,4
1424,test1,2016,0.0863599558108578,Autre incinération,Tous les gaz à effet de serre,4
1424,test1,2017,0.0680091570592864,Autre incinération,Tous les gaz à effet de serre,4
1424,test1,2018,0.0656993847502863,Autre incinération,Tous les gaz à effet de serre,4
1424,test1,2019,0.0665185955530006,Autre incinération,Tous les gaz à effet de serre,4
1424,test1,2020,0.0647784032371435,Autre incinération,Tous les gaz à effet de serre,4
1424,test1,2021,0.0640743279317149,Autre incinération,Tous les gaz à effet de serre,4
1424,test1,2022,0.0638440614654291,Autre incinération,Tous les gaz à effet de serre,4
1424,test1,2023,0.0677750995328577,Autre incinération,Tous les gaz à effet de serre,4
1424,test1,2024,0.0668058638508577,Autre incinération,Tous les gaz à effet de serre,4
143,pol14,1990,0.141212580186582,Gaz synthétiques,Hexafluorure de soufre,3
143,pol14,1991,0.143480174468049,Gaz synthétiques,Hexafluorure de soufre,3
143,pol14,1992,0.145733541056702,Gaz synthétiques,Hexafluorure de soufre,3
143,pol14,1993,0.124235472229469,Gaz synthétiques,Hexafluorure de soufre,3
143,pol14,1994,0.110168282340507,Gaz synthétiques,Hexafluorure de soufre,3
143,pol14,1995,0.0960967106004355,Gaz synthétiques,Hexafluorure de soufre,3
143,pol14,1996,0.0928375688277645,Gaz synthétiques,Hexafluorure de soufre,3
143,pol14,1997,0.12848851372282,Gaz synthétiques,Hexafluorure de soufre,3
143,pol14,1998,0.157510439148925,Gaz synthétiques,Hexafluorure de soufre,3
143,pol14,1999,0.144421897742436,Gaz synthétiques,Hexafluorure de soufre,3
143,pol14,2000,0.156788999360012,Gaz synthétiques,Hexafluorure de soufre,3
143,pol14,2001,0.155661151566412,Gaz synthétiques,Hexafluorure de soufre,3
143,pol14,2002,0.165794133300747,Gaz synthétiques,Hexafluorure de soufre,3
143,pol14,2003,0.17113235487774,Gaz synthétiques,Hexafluorure de soufre,3
143,pol14,2004,0.191934527883963,Gaz synthétiques,Hexafluorure de soufre,3
143,pol14,2005,0.210352669255193,Gaz synthétiques,Hexafluorure de soufre,3
143,pol14,2006,0.203983757485064,Gaz synthétiques,Hexafluorure de soufre,3
143,pol14,2007,0.186212381561273,Gaz synthétiques,Hexafluorure de soufre,3
143,pol14,2008,0.245660978097634,Gaz synthétiques,Hexafluorure de soufre,3
143,pol14,2009,0.190038424082885,Gaz synthétiques,Hexafluorure de soufre,3
143,pol14,2010,0.154768815723545,Gaz synthétiques,Hexafluorure de soufre,3
143,pol14,2011,0.167835974821388,Gaz synthétiques,Hexafluorure de soufre,3
143,pol14,2012,0.224937343119672,Gaz synthétiques,Hexafluorure de soufre,3
143,pol14,2013,0.270177544883152,Gaz synthétiques,Hexafluorure de soufre,3
143,pol14,2014,0.269984733801802,Gaz synthétiques,Hexafluorure de soufre,3
143,pol14,2015,0.281089905489496,Gaz synthétiques,Hexafluorure de soufre,3
143,pol14,2016,0.254437470246677,Gaz synthétiques,Hexafluorure de soufre,3
143,pol14,2017,0.239325845284837,Gaz synthétiques,Hexafluorure de soufre,3
143,pol14,2018,0.184112713735572,Gaz synthétiques,Hexafluorure de soufre,3
143,pol14,2019,0.177659135065748,Gaz synthétiques,Hexafluorure de soufre,3
143,pol14,2020,0.155836221899031,Gaz synthétiques,Hexafluorure de soufre,3
143,pol14,2021,0.130568065928761,Gaz synthétiques,Hexafluorure de soufre,3
143,pol14,2022,0.0557547329480245,Gaz synthétiques,Hexafluorure de soufre,3
143,pol14,2023,0.0577463091148159,Gaz synthétiques,Hexafluorure de soufre,3
143,pol14,2024,0.0702242080478399,Gaz synthétiques,Hexafluorure de soufre,3
143,pol15,1990,0.0,Gaz synthétiques,Trifluorure d'azote,3
143,pol15,1991,0.0,Gaz synthétiques,Trifluorure d'azote,3
143,pol15,1992,0.0,Gaz synthétiques,Trifluorure d'azote,3
143,pol15,1993,0.0,Gaz synthétiques,Trifluorure d'azote,3
143,pol15,1994,0.0,Gaz synthétiques,Trifluorure d'azote,3
143,pol15,1995,0.0,Gaz synthétiques,Trifluorure d'azote,3
143,pol15,1996,0.0,Gaz synthétiques,Trifluorure d'azote,3
143,pol15,1997,0.0,Gaz synthétiques,Trifluorure d'azote,3
143,pol15,1998,0.0,Gaz synthétiques,Trifluorure d'azote,3
143,pol15,1999,0.0,Gaz synthétiques,Trifluorure d'azote,3
143,pol15,2000,0.0,Gaz synthétiques,Trifluorure d'azote,3
143,pol15,2001,0.0,Gaz synthétiques,Trifluorure d'azote,3
143,pol15,2002,0.0,Gaz synthétiques,Trifluorure d'azote,3
143,pol15,2003,0.0,Gaz synthétiques,Trifluorure d'azote,3
143,pol15,2004,0.0,Gaz synthétiques,Trifluorure d'azote,3
143,pol15,2005,0.0,Gaz synthétiques,Trifluorure d'azote,3
143,pol15,2006,0.0,Gaz synthétiques,Trifluorure d'azote,3
143,pol15,2007,0.0,Gaz synthétiques,Trifluorure d'azote,3
143,pol15,2008,0.000115451973,Gaz synthétiques,Trifluorure d'azote,3
143,pol15,2009,0.007158530925,Gaz synthétiques,Trifluorure d'azote,3
143,pol15,2010,0.01186900533,Gaz synthétiques,Trifluorure d'azote,3
143,pol15,2011,0.0087309495,Gaz synthétiques,Trifluorure d'azote,3
143,pol15,2012,0.000507751335,Gaz synthétiques,Trifluorure d'azote,3
143,pol15,2013,0.000133083405,Gaz synthétiques,Trifluorure d'azote,3
143,pol15,2014,0.0005666640525,Gaz synthétiques,Trifluorure d'azote,3
143,pol15,2015,0.0006836418225,Gaz synthétiques,Trifluorure d'azote,3
143,pol15,2016,0.00071881992,Gaz synthétiques,Trifluorure d'azote,3
143,pol15,2017,0.00075217553775,Gaz synthétiques,Trifluorure d'azote,3
143,pol15,2018,0.000470454075,Gaz synthétiques,Trifluorure d'azote,3
143,pol15,2019,0.00050872614975,Gaz synthétiques,Trifluorure d'azote,3
143,pol15,2020,0.000385687575,Gaz synthétiques,Trifluorure d'azote,3
143,pol15,2021,0.0003700057725,Gaz synthétiques,Trifluorure d'azote,3
143,pol15,2022,0.0003051594,Gaz synthétiques,Trifluorure d'azote,3
143,pol15,2023,0.0006175239525,Gaz synthétiques,Trifluorure d'azote,3
143,pol15,2024,0.0002521803375,Gaz synthétiques,Trifluorure d'azote,3
143,pol16,1990,0.104767420788384,Gaz synthétiques,Hydrocarbures perfluorés,3
143,pol16,1991,0.0885902052255877,Gaz synthétiques,Hydrocarbures perfluorés,3
143,pol16,1992,0.0725298306865164,Gaz synthétiques,Hydrocarbures perfluorés,3
143,pol16,1993,0.0313036175560568,Gaz synthétiques,Hydrocarbures perfluorés,3
143,pol16,1994,0.0189593305374564,Gaz synthétiques,Hydrocarbures perfluorés,3
143,pol16,1995,0.0159787866156091,Gaz synthétiques,Hydrocarbures perfluorés,3
143,pol16,1996,0.018633144815059,Gaz synthétiques,Hydrocarbures perfluorés,3
143,pol16,1997,0.0191405762341767,Gaz synthétiques,Hydrocarbures perfluorés,3
143,pol16,1998,0.0215183096459536,Gaz synthétiques,Hydrocarbures perfluorés,3
143,pol16,1999,0.0288090296199249,Gaz synthétiques,Hydrocarbures perfluorés,3
143,pol16,2000,0.054339627506554,Gaz synthétiques,Hydrocarbures perfluorés,3
143,pol16,2001,0.0329828228500768,Gaz synthétiques,Hydrocarbures perfluorés,3
143,pol16,2002,0.0322527552386915,Gaz synthétiques,Hydrocarbures perfluorés,3
143,pol16,2003,0.0643331297749091,Gaz synthétiques,Hydrocarbures perfluorés,3
143,pol16,2004,0.0661317636188617,Gaz synthétiques,Hydrocarbures perfluorés,3
143,pol16,2005,0.0455598342554791,Gaz synthétiques,Hydrocarbures perfluorés,3
143,pol16,2006,0.0577627532845546,Gaz synthétiques,Hydrocarbures perfluorés,3
143,pol16,2007,0.0488973677426544,Gaz synthétiques,Hydrocarbures perfluorés,3
143,pol16,2008,0.0420525488569454,Gaz synthétiques,Hydrocarbures perfluorés,3
143,pol16,2009,0.0339465474006499,Gaz synthétiques,Hydrocarbures perfluorés,3
143,pol16,2010,0.0362653086878125,Gaz synthétiques,Hydrocarbures perfluorés,3
143,pol16,2011,0.0349969260363712,Gaz synthétiques,Hydrocarbures perfluorés,3
143,pol16,2012,0.037378006722488,Gaz synthétiques,Hydrocarbures perfluorés,3
143,pol16,2013,0.0268527806010091,Gaz synthétiques,Hydrocarbures perfluorés,3
143,pol16,2014,0.0212337913156774,Gaz synthétiques,Hydrocarbures perfluorés,3
143,pol16,2015,0.0238191685224871,Gaz synthétiques,Hydrocarbures perfluorés,3
143,pol16,2016,0.0181305207026518,Gaz synthétiques,Hydrocarbures perfluorés,3
143,pol16,2017,0.0292621050361346,Gaz synthétiques,Hydrocarbures perfluorés,3
143,pol16,2018,0.032914786244785,Gaz synthétiques,Hydrocarbures perfluorés,3
143,pol16,2019,0.0287143795266759,Gaz synthétiques,Hydrocarbures perfluorés,3
143,pol16,2020,0.0343599610226511,Gaz synthétiques,Hydrocarbures perfluorés,3
143,pol16,2021,0.0284372290756733,Gaz synthétiques,Hydrocarbures perfluorés,3
143,pol16,2022,0.02794112567747,Gaz synthétiques,Hydrocarbures perfluorés,3
143,pol16,2023,0.0339208904020334,Gaz synthétiques,Hydrocarbures perfluorés,3
143,pol16,2024,0.0374771409633054,Gaz synthétiques,Hydrocarbures perfluorés,3
143,pol20,1990,2.25283552e-05,Gaz synthétiques,Fluorocarbures partiellement halogénés,3
143,pol20,1991,0.0012877349847735,Gaz synthétiques,Fluorocarbures partiellement halogénés,3
143,pol20,1992,0.0142465089729446,Gaz synthétiques,Fluorocarbures partiellement halogénés,3
143,pol20,1993,0.0300770566622232,Gaz synthétiques,Fluorocarbures partiellement halogénés,3
143,pol20,1994,0.07447415933612,Gaz synthétiques,Fluorocarbures partiellement halogénés,3
143,pol20,1995,0.225754319650047,Gaz synthétiques,Fluorocarbures partiellement halogénés,3
143,pol20,1996,0.275333971401659,Gaz synthétiques,Fluorocarbures partiellement halogénés,3
143,pol20,1997,0.334893381725261,Gaz synthétiques,Fluorocarbures partiellement halogénés,3
143,pol20,1998,0.425076981435475,Gaz synthétiques,Fluorocarbures partiellement halogénés,3
143,pol20,1999,0.500350289675122,Gaz synthétiques,Fluorocarbures partiellement halogénés,3
143,pol20,2000,0.602108554040079,Gaz synthétiques,Fluorocarbures partiellement halogénés,3
143,pol20,2001,0.693957837444317,Gaz synthétiques,Fluorocarbures partiellement halogénés,3
143,pol20,2002,0.782228146631016,Gaz synthétiques,Fluorocarbures partiellement halogénés,3
143,pol20,2003,0.861394124005901,Gaz synthétiques,Fluorocarbures partiellement halogénés,3
143,pol20,2004,0.953977604243307,Gaz synthétiques,Fluorocarbures partiellement halogénés,3
143,pol20,2005,0.988711982721501,Gaz synthétiques,Fluorocarbures partiellement halogénés,3
143,pol20,2006,1.09405248771019,Gaz synthétiques,Fluorocarbures partiellement halogénés,3
143,pol20,2007,1.18387644075702,Gaz synthétiques,Fluorocarbures partiellement halogénés,3
143,pol20,2008,1.20079815910869,Gaz synthétiques,Fluorocarbures partiellement halogénés,3
143,pol20,2009,1.19616927949988,Gaz synthétiques,Fluorocarbures partiellement halogénés,3
143,pol20,2010,1.2289438541166,Gaz synthétiques,Fluorocarbures partiellement halogénés,3
143,pol20,2011,1.28578552953427,Gaz synthétiques,Fluorocarbures partiellement halogénés,3
143,pol20,2012,1.34083845957566,Gaz synthétiques,Fluorocarbures partiellement halogénés,3
143,pol20,2013,1.30915041794905,Gaz synthétiques,Fluorocarbures partiellement halogénés,3
143,pol20,2014,1.33820817698508,Gaz synthétiques,Fluorocarbures partiellement halogénés,3
143,pol20,2015,1.36687503211512,Gaz synthétiques,Fluorocarbures partiellement halogénés,3
143,pol20,2016,1.33130990415659,Gaz synthétiques,Fluorocarbures partiellement halogénés,3
143,pol20,2017,1.33879198409846,Gaz synthétiques,Fluorocarbures partiellement halogénés,3
143,pol20,2018,1.35940455435641,Gaz synthétiques,Fluorocarbures partiellement halogénés,3
143,pol20,2019,1.27760931335063,Gaz synthétiques,Fluorocarbures partiellement halogénés,3
143,pol20,2020,1.25893235284479,Gaz synthétiques,Fluorocarbures partiellement halogénés,3
143,pol20,2021,1.13023316379648,Gaz synthétiques,Fluorocarbures partiellement halogénés,3
143,pol20,2022,1.14260750094543,Gaz synthétiques,Fluorocarbures partiellement halogénés,3
143,pol20,2023,1.09914210267139,Gaz synthétiques,Fluorocarbures partiellement halogénés,3
143,pol20,2024,1.09138329651224,Gaz synthétiques,Fluorocarbures partiellement halogénés,3
143,polgroup2,1990,0.246002529330166,Gaz synthétiques,Gaz synthétiques,3
143,polgroup2,1991,0.233358114678411,Gaz synthétiques,Gaz synthétiques,3
143,polgroup2,1992,0.232509880716163,Gaz synthétiques,Gaz synthétiques,3
143,polgroup2,1993,0.185616146447749,Gaz synthétiques,Gaz synthétiques,3
143,polgroup2,1994,0.203601772214084,Gaz synthétiques,Gaz synthétiques,3
143,polgroup2,1995,0.337829816866092,Gaz synthétiques,Gaz synthétiques,3
143,polgroup2,1996,0.386804685044482,Gaz synthétiques,Gaz synthétiques,3
143,polgroup2,1997,0.482522471682258,Gaz synthétiques,Gaz synthétiques,3
143,polgroup2,1998,0.604105730230354,Gaz synthétiques,Gaz synthétiques,3
143,polgroup2,1999,0.673581217037483,Gaz synthétiques,Gaz synthétiques,3
143,polgroup2,2000,0.813237180906644,Gaz synthétiques,Gaz synthétiques,3
143,polgroup2,2001,0.882601811860805,Gaz synthétiques,Gaz synthétiques,3
143,polgroup2,2002,0.980275035170455,Gaz synthétiques,Gaz synthétiques,3
143,polgroup2,2003,1.09685960865855,Gaz synthétiques,Gaz synthétiques,3
143,polgroup2,2004,1.21204389574613,Gaz synthétiques,Gaz synthétiques,3
143,polgroup2,2005,1.24462448623217,Gaz synthétiques,Gaz synthétiques,3
143,polgroup2,2006,1.35579899847981,Gaz synthétiques,Gaz synthétiques,3
143,polgroup2,2007,1.41898619006094,Gaz synthétiques,Gaz synthétiques,3
143,polgroup2,2008,1.48862713803627,Gaz synthétiques,Gaz synthétiques,3
143,polgroup2,2009,1.42731278190841,Gaz synthétiques,Gaz synthétiques,3
143,polgroup2,2010,1.43184698385795,Gaz synthétiques,Gaz synthétiques,3
143,polgroup2,2011,1.49734937989202,Gaz synthétiques,Gaz synthétiques,3
143,polgroup2,2012,1.60366156075282,Gaz synthétiques,Gaz synthétiques,3
143,polgroup2,2013,1.60631382683821,Gaz synthétiques,Gaz synthétiques,3
143,polgroup2,2014,1.62999336615506,Gaz synthétiques,Gaz synthétiques,3
143,polgroup2,2015,1.6724677479496,Gaz synthétiques,Gaz synthétiques,3
143,polgroup2,2016,1.60459671502592,Gaz synthétiques,Gaz synthétiques,3
143,polgroup2,2017,1.60813210995718,Gaz synthétiques,Gaz synthétiques,3
143,polgroup2,2018,1.57690250841177,Gaz synthétiques,Gaz synthétiques,3
143,polgroup2,2019,1.48449155409281,Gaz synthétiques,Gaz synthétiques,3
143,polgroup2,2020,1.44951422334147,Gaz synthétiques,Gaz synthétiques,3
143,polgroup2,2021,1.28960846457342,Gaz synthétiques,Gaz synthétiques,3
143,polgroup2,2022,1.22660851897092,Gaz synthétiques,Gaz synthétiques,3
143,polgroup2,2023,1.19142682614074,Gaz synthétiques,Gaz synthétiques,3
143,polgroup2,2024,1.19933682586089,Gaz synthétiques,Gaz synthétiques,3
143,test1,1990,0.246002529330166,Gaz synthétiques,Tous les gaz à effet de serre,3
143,test1,1991,0.233358114678411,Gaz synthétiques,Tous les gaz à effet de serre,3
143,test1,1992,0.232509880716163,Gaz synthétiques,Tous les gaz à effet de serre,3
143,test1,1993,0.185616146447749,Gaz synthétiques,Tous les gaz à effet de serre,3
143,test1,1994,0.203601772214084,Gaz synthétiques,Tous les gaz à effet de serre,3
143,test1,1995,0.337829816866092,Gaz synthétiques,Tous les gaz à effet de serre,3
143,test1,1996,0.386804685044482,Gaz synthétiques,Tous les gaz à effet de serre,3
143,test1,1997,0.482522471682258,Gaz synthétiques,Tous les gaz à effet de serre,3
143,test1,1998,0.604105730230354,Gaz synthétiques,Tous les gaz à effet de serre,3
143,test1,1999,0.673581217037483,Gaz synthétiques,Tous les gaz à effet de serre,3
143,test1,2000,0.813237180906644,Gaz synthétiques,Tous les gaz à effet de serre,3
143,test1,2001,0.882601811860805,Gaz synthétiques,Tous les gaz à effet de serre,3
143,test1,2002,0.980275035170455,Gaz synthétiques,Tous les gaz à effet de serre,3
143,test1,2003,1.09685960865855,Gaz synthétiques,Tous les gaz à effet de serre,3
143,test1,2004,1.21204389574613,Gaz synthétiques,Tous les gaz à effet de serre,3
143,test1,2005,1.24462448623217,Gaz synthétiques,Tous les gaz à effet de serre,3
143,test1,2006,1.35579899847981,Gaz synthétiques,Tous les gaz à effet de serre,3
143,test1,2007,1.41898619006094,Gaz synthétiques,Tous les gaz à effet de serre,3
143,test1,2008,1.48862713803627,Gaz synthétiques,Tous les gaz à effet de serre,3
143,test1,2009,1.42731278190841,Gaz synthétiques,Tous les gaz à effet de serre,3
143,test1,2010,1.43184698385795,Gaz synthétiques,Tous les gaz à effet de serre,3
143,test1,2011,1.49734937989202,Gaz synthétiques,Tous les gaz à effet de serre,3
143,test1,2012,1.60366156075282,Gaz synthétiques,Tous les gaz à effet de serre,3
143,test1,2013,1.60631382683821,Gaz synthétiques,Tous les gaz à effet de serre,3
143,test1,2014,1.62999336615506,Gaz synthétiques,Tous les gaz à effet de serre,3
143,test1,2015,1.6724677479496,Gaz synthétiques,Tous les gaz à effet de serre,3
143,test1,2016,1.60459671502592,Gaz synthétiques,Tous les gaz à effet de serre,3
143,test1,2017,1.60813210995718,Gaz synthétiques,Tous les gaz à effet de serre,3
143,test1,2018,1.57690250841177,Gaz synthétiques,Tous les gaz à effet de serre,3
143,test1,2019,1.48449155409281,Gaz synthétiques,Tous les gaz à effet de serre,3
143,test1,2020,1.44951422334147,Gaz synthétiques,Tous les gaz à effet de serre,3
143,test1,2021,1.28960846457342,Gaz synthétiques,Tous les gaz à effet de serre,3
143,test1,2022,1.22660851897092,Gaz synthétiques,Tous les gaz à effet de serre,3
143,test1,2023,1.19142682614074,Gaz synthétiques,Tous les gaz à effet de serre,3
143,test1,2024,1.19933682586089,Gaz synthétiques,Tous les gaz à effet de serre,3
2,pol11,1990,0.000826538205404856,Transport aérien international (non inclus dans le total),Méthane,1
2,pol11,1991,0.000747004286394344,Transport aérien international (non inclus dans le total),Méthane,1
2,pol11,1992,0.000731610984008171,Transport aérien international (non inclus dans le total),Méthane,1
2,pol11,1993,0.000696518539825736,Transport aérien international (non inclus dans le total),Méthane,1
2,pol11,1994,0.000651255511317859,Transport aérien international (non inclus dans le total),Méthane,1
2,pol11,1995,0.00062128945567395,Transport aérien international (non inclus dans le total),Méthane,1
2,pol11,1996,0.000636907856765797,Transport aérien international (non inclus dans le total),Méthane,1
2,pol11,1997,0.000651151702598579,Transport aérien international (non inclus dans le total),Méthane,1
2,pol11,1998,0.000671831259723333,Transport aérien international (non inclus dans le total),Méthane,1
2,pol11,1999,0.000710084453492814,Transport aérien international (non inclus dans le total),Méthane,1
2,pol11,2000,0.000731500112533385,Transport aérien international (non inclus dans le total),Méthane,1
2,pol11,2001,0.000692521600570484,Transport aérien international (non inclus dans le total),Méthane,1
2,pol11,2002,0.000641247250156257,Transport aérien international (non inclus dans le total),Méthane,1
2,pol11,2003,0.000587404735955344,Transport aérien international (non inclus dans le total),Méthane,1
2,pol11,2004,0.000564917243484774,Transport aérien international (non inclus dans le total),Méthane,1
2,pol11,2005,0.000572644353403856,Transport aérien international (non inclus dans le total),Méthane,1
2,pol11,2006,0.000586690334329247,Transport aérien international (non inclus dans le total),Méthane,1
2,pol11,2007,0.000632695849032819,Transport aérien international (non inclus dans le total),Méthane,1
2,pol11,2008,0.000669800891830569,Transport aérien international (non inclus dans le total),Méthane,1
2,pol11,2009,0.000609907364182369,Transport aérien international (non inclus dans le total),Méthane,1
2,pol11,2010,0.000625466979477881,Transport aérien international (non inclus dans le total),Méthane,1
2,pol11,2011,0.000657309930810545,Transport aérien international (non inclus dans le total),Méthane,1
2,pol11,2012,0.000651413514111955,Transport aérien international (non inclus dans le total),Méthane,1
2,pol11,2013,0.000619852377630546,Transport aérien international (non inclus dans le total),Méthane,1
2,pol11,2014,0.000592954537310595,Transport aérien international (non inclus dans le total),Méthane,1
2,pol11,2015,0.000626877792937521,Transport aérien international (non inclus dans le total),Méthane,1
2,pol11,2016,0.000606350233140821,Transport aérien international (non inclus dans le total),Méthane,1
2,pol11,2017,0.000598030137180628,Transport aérien international (non inclus dans le total),Méthane,1
2,pol11,2018,0.000588776471185555,Transport aérien international (non inclus dans le total),Méthane,1
2,pol11,2019,0.00055587116450869,Transport aérien international (non inclus dans le total),Méthane,1
2,pol11,2020,0.000191222427110095,Transport aérien international (non inclus dans le total),Méthane,1
2,pol11,2021,0.000218468136202483,Transport aérien international (non inclus dans le total),Méthane,1
2,pol11,2022,0.000368424907346259,Transport aérien international (non inclus dans le total),Méthane,1
2,pol11,2023,0.00039522247552119,Transport aérien international (non inclus dans le total),Méthane,1
2,pol11,2024,0.000432598725234521,Transport aérien international (non inclus dans le total),Méthane,1
2,pol12,1990,0.022198623582396,Transport aérien international (non inclus dans le total),Oxyde nitreux,1
2,pol12,1991,0.0216623761328398,Transport aérien international (non inclus dans le total),Oxyde nitreux,1
2,pol12,1992,0.023054725563995,Transport aérien international (non inclus dans le total),Oxyde nitreux,1
2,pol12,1993,0.0240315137607585,Transport aérien international (non inclus dans le total),Oxyde nitreux,1
2,pol12,1994,0.0248253324445578,Transport aérien international (non inclus dans le total),Oxyde nitreux,1
2,pol12,1995,0.0264565465185998,Transport aérien international (non inclus dans le total),Oxyde nitreux,1
2,pol12,1996,0.0275466611670063,Transport aérien international (non inclus dans le total),Oxyde nitreux,1
2,pol12,1997,0.0286110801126962,Transport aérien international (non inclus dans le total),Oxyde nitreux,1
2,pol12,1998,0.0299973310863311,Transport aérien international (non inclus dans le total),Oxyde nitreux,1
2,pol12,1999,0.0322368339339919,Transport aérien international (non inclus dans le total),Oxyde nitreux,1
2,pol12,2000,0.03377479363387,Transport aérien international (non inclus dans le total),Oxyde nitreux,1
2,pol12,2001,0.031881022355641,Transport aérien international (non inclus dans le total),Oxyde nitreux,1
2,pol12,2002,0.0294343409403468,Transport aérien international (non inclus dans le total),Oxyde nitreux,1
2,pol12,2003,0.0264151427161271,Transport aérien international (non inclus dans le total),Oxyde nitreux,1
2,pol12,2004,0.0249011409092362,Transport aérien international (non inclus dans le total),Oxyde nitreux,1
2,pol12,2005,0.0253205154466609,Transport aérien international (non inclus dans le total),Oxyde nitreux,1
2,pol12,2006,0.0266234691732801,Transport aérien international (non inclus dans le total),Oxyde nitreux,1
2,pol12,2007,0.0284569388632409,Transport aérien international (non inclus dans le total),Oxyde nitreux,1
2,pol12,2008,0.0307523665630504,Transport aérien international (non inclus dans le total),Oxyde nitreux,1
2,pol12,2009,0.0293758483905762,Transport aérien international (non inclus dans le total),Oxyde nitreux,1
2,pol12,2010,0.0309169380327806,Transport aérien international (non inclus dans le total),Oxyde nitreux,1
2,pol12,2011,0.0331045331180443,Transport aérien international (non inclus dans le total),Oxyde nitreux,1
2,pol12,2012,0.0338687984717831,Transport aérien international (non inclus dans le total),Oxyde nitreux,1
2,pol12,2013,0.03429588607,Transport aérien international (non inclus dans le total),Oxyde nitreux,1
2,pol12,2014,0.03445313707,Transport aérien international (non inclus dans le total),Oxyde nitreux,1
2,pol12,2015,0.03568658805,Transport aérien international (non inclus dans le total),Oxyde nitreux,1
2,pol12,2016,0.03741934143,Transport aérien international (non inclus dans le total),Oxyde nitreux,1
2,pol12,2017,0.03859652178,Transport aérien international (non inclus dans le total),Oxyde nitreux,1
2,pol12,2018,0.04092329969,Transport aérien international (non inclus dans le total),Oxyde nitreux,1
2,pol12,2019,0.04144397116,Transport aérien international (non inclus dans le total),Oxyde nitreux,1
2,pol12,2020,0.01494293766,Transport aérien international (non inclus dans le total),Oxyde nitreux,1
2,pol12,2021,0.01689234444,Transport aérien international (non inclus dans le total),Oxyde nitreux,1
2,pol12,2022,0.03047447106,Transport aérien international (non inclus dans le total),Oxyde nitreux,1
2,pol12,2023,0.0365167138,Transport aérien international (non inclus dans le total),Oxyde nitreux,1
2,pol12,2024,0.0399849172,Transport aérien international (non inclus dans le total),Oxyde nitreux,1
2,pol9,1990,3.06592310609696,Transport aérien international (non inclus dans le total),Dioxyde de carbone,1
2,pol9,1991,2.99186025079976,Transport aérien international (non inclus dans le total),Dioxyde de carbone,1
2,pol9,1992,3.18416209676308,Transport aérien international (non inclus dans le total),Dioxyde de carbone,1
2,pol9,1993,3.31906944771231,Transport aérien international (non inclus dans le total),Dioxyde de carbone,1
2,pol9,1994,3.42870629234269,Transport aérien international (non inclus dans le total),Dioxyde de carbone,1
2,pol9,1995,3.65399850030473,Transport aérien international (non inclus dans le total),Dioxyde de carbone,1
2,pol9,1996,3.80455773099031,Transport aérien international (non inclus dans le total),Dioxyde de carbone,1
2,pol9,1997,3.95156804575351,Transport aérien international (non inclus dans le total),Dioxyde de carbone,1
2,pol9,1998,4.14302761418762,Transport aérien international (non inclus dans le total),Dioxyde de carbone,1
2,pol9,1999,4.45071055672321,Transport aérien international (non inclus dans le total),Dioxyde de carbone,1
2,pol9,2000,4.66134636164555,Transport aérien international (non inclus dans le total),Dioxyde de carbone,1
2,pol9,2001,4.39837802763108,Transport aérien international (non inclus dans le total),Dioxyde de carbone,1
2,pol9,2002,4.05934734679198,Transport aérien international (non inclus dans le total),Dioxyde de carbone,1
2,pol9,2003,3.64163476941828,Transport aérien international (non inclus dans le total),Dioxyde de carbone,1
2,pol9,2004,3.43165911700116,Transport aérien international (non inclus dans le total),Dioxyde de carbone,1
2,pol9,2005,3.48817968769598,Transport aérien international (non inclus dans le total),Dioxyde de carbone,1
2,pol9,2006,3.66633635860466,Transport aérien international (non inclus dans le total),Dioxyde de carbone,1
2,pol9,2007,3.91739294238124,Transport aérien international (non inclus dans le total),Dioxyde de carbone,1
2,pol9,2008,4.23183509685247,Transport aérien international (non inclus dans le total),Dioxyde de carbone,1
2,pol9,2009,4.04093431445712,Transport aérien international (non inclus dans le total),Dioxyde de carbone,1
2,pol9,2010,4.25137064873405,Transport aérien international (non inclus dans le total),Dioxyde de carbone,1
2,pol9,2011,4.55051997376086,Transport aérien international (non inclus dans le total),Dioxyde de carbone,1
2,pol9,2012,4.6538711258586,Transport aérien international (non inclus dans le total),Dioxyde de carbone,1
2,pol9,2013,4.7108311432,Transport aérien international (non inclus dans le total),Dioxyde de carbone,1
2,pol9,2014,4.7324309032,Transport aérien international (non inclus dans le total),Dioxyde de carbone,1
2,pol9,2015,4.901855868,Transport aérien international (non inclus dans le total),Dioxyde de carbone,1
2,pol9,2016,5.1398642568,Transport aérien international (non inclus dans le total),Dioxyde de carbone,1
2,pol9,2017,5.3015599728,Transport aérien international (non inclus dans le total),Dioxyde de carbone,1
2,pol9,2018,5.6211626744,Transport aérien international (non inclus dans le total),Dioxyde de carbone,1
2,pol9,2019,5.6926813216,Transport aérien international (non inclus dans le total),Dioxyde de carbone,1
2,pol9,2020,2.0525393616,Transport aérien international (non inclus dans le total),Dioxyde de carbone,1
2,pol9,2021,2.3184482776,Transport aérien international (non inclus dans le total),Dioxyde de carbone,1
2,pol9,2022,4.1859012832,Transport aérien international (non inclus dans le total),Dioxyde de carbone,1
2,pol9,2023,5.0145701424,Transport aérien international (non inclus dans le total),Dioxyde de carbone,1
2,pol9,2024,5.489201536,Transport aérien international (non inclus dans le total),Dioxyde de carbone,1
2,test1,1990,3.08894826788476,Transport aérien international (non inclus dans le total),Tous les gaz à effet de serre,1
2,test1,1991,3.014269631219,Transport aérien international (non inclus dans le total),Tous les gaz à effet de serre,1
2,test1,1992,3.20794843331109,Transport aérien international (non inclus dans le total),Tous les gaz à effet de serre,1
2,test1,1993,3.34379748001289,Transport aérien international (non inclus dans le total),Tous les gaz à effet de serre,1
2,test1,1994,3.45418288029857,Transport aérien international (non inclus dans le total),Tous les gaz à effet de serre,1
2,test1,1995,3.68107633627901,Transport aérien international (non inclus dans le total),Tous les gaz à effet de serre,1
2,test1,1996,3.83274130001408,Transport aérien international (non inclus dans le total),Tous les gaz à effet de serre,1
2,test1,1997,3.9808302775688,Transport aérien international (non inclus dans le total),Tous les gaz à effet de serre,1
2,test1,1998,4.17369677653368,Transport aérien international (non inclus dans le total),Tous les gaz à effet de serre,1
2,test1,1999,4.48365747511069,Transport aérien international (non inclus dans le total),Tous les gaz à effet de serre,1
2,test1,2000,4.69585265539196,Transport aérien international (non inclus dans le total),Tous les gaz à effet de serre,1
2,test1,2001,4.43095157158729,Transport aérien international (non inclus dans le total),Tous les gaz à effet de serre,1
2,test1,2002,4.08942293498248,Transport aérien international (non inclus dans le total),Tous les gaz à effet de serre,1
2,test1,2003,3.66863731687036,Transport aérien international (non inclus dans le total),Tous les gaz à effet de serre,1
2,test1,2004,3.45712517515388,Transport aérien international (non inclus dans le total),Tous les gaz à effet de serre,1
2,test1,2005,3.51407284749604,Transport aérien international (non inclus dans le total),Tous les gaz à effet de serre,1
2,test1,2006,3.69354651811226,Transport aérien international (non inclus dans le total),Tous les gaz à effet de serre,1
2,test1,2007,3.94648257709351,Transport aérien international (non inclus dans le total),Tous les gaz à effet de serre,1
2,test1,2008,4.26325726430735,Transport aérien international (non inclus dans le total),Tous les gaz à effet de serre,1
2,test1,2009,4.07092007021188,Transport aérien international (non inclus dans le total),Tous les gaz à effet de serre,1
2,test1,2010,4.28291305374631,Transport aérien international (non inclus dans le total),Tous les gaz à effet de serre,1
2,test1,2011,4.58428181680971,Transport aérien international (non inclus dans le total),Tous les gaz à effet de serre,1
2,test1,2012,4.68839133784449,Transport aérien international (non inclus dans le total),Tous les gaz à effet de serre,1
2,test1,2013,4.74574688164763,Transport aérien international (non inclus dans le total),Tous les gaz à effet de serre,1
2,test1,2014,4.76747699480731,Transport aérien international (non inclus dans le total),Tous les gaz à effet de serre,1
2,test1,2015,4.93816933384294,Transport aérien international (non inclus dans le total),Tous les gaz à effet de serre,1
2,test1,2016,5.17788994846314,Transport aérien international (non inclus dans le total),Tous les gaz à effet de serre,1
2,test1,2017,5.34075452471718,Transport aérien international (non inclus dans le total),Tous les gaz à effet de serre,1
2,test1,2018,5.66267475056119,Transport aérien international (non inclus dans le total),Tous les gaz à effet de serre,1
2,test1,2019,5.73468116392451,Transport aérien international (non inclus dans le total),Tous les gaz à effet de serre,1
2,test1,2020,2.06767352168711,Transport aérien international (non inclus dans le total),Tous les gaz à effet de serre,1
2,test1,2021,2.3355590901762,Transport aérien international (non inclus dans le total),Tous les gaz à effet de serre,1
2,test1,2022,4.21674417916735,Transport aérien international (non inclus dans le total),Tous les gaz à effet de serre,1
2,test1,2023,5.05148207867552,Transport aérien international (non inclus dans le total),Tous les gaz à effet de serre,1
2,test1,2024,5.52961905192523,Transport aérien international (non inclus dans le total),Tous les gaz à effet de serre,1
3,pol11,1990,0.03554639869676,Bilan lié à l’utilisation des terres (non inclus dans le total),Méthane,1
3,pol11,1991,0.0186234933556,Bilan lié à l’utilisation des terres (non inclus dans le total),Méthane,1
3,pol11,1992,0.01773334848376,Bilan lié à l’utilisation des terres (non inclus dans le total),Méthane,1
3,pol11,1993,0.01732297240184,Bilan lié à l’utilisation des terres (non inclus dans le total),Méthane,1
3,pol11,1994,0.0208719433888,Bilan lié à l’utilisation des terres (non inclus dans le total),Méthane,1
3,pol11,1995,0.02271620989344,Bilan lié à l’utilisation des terres (non inclus dans le total),Méthane,1
3,pol11,1996,0.02045371021792,Bilan lié à l’utilisation des terres (non inclus dans le total),Méthane,1
3,pol11,1997,0.03944324849248,Bilan lié à l’utilisation des terres (non inclus dans le total),Méthane,1
3,pol11,1998,0.01935209524808,Bilan lié à l’utilisation des terres (non inclus dans le total),Méthane,1
3,pol11,1999,0.01593192986112,Bilan lié à l’utilisation des terres (non inclus dans le total),Méthane,1
3,pol11,2000,0.01649381119064,Bilan lié à l’utilisation des terres (non inclus dans le total),Méthane,1
3,pol11,2001,0.0155194928252,Bilan lié à l’utilisation des terres (non inclus dans le total),Méthane,1
3,pol11,2002,0.02236486502768,Bilan lié à l’utilisation des terres (non inclus dans le total),Méthane,1
3,pol11,2003,0.023854067836144,Bilan lié à l’utilisation des terres (non inclus dans le total),Méthane,1
3,pol11,2004,0.0150707141396,Bilan lié à l’utilisation des terres (non inclus dans le total),Méthane,1
3,pol11,2005,0.01515370404632,Bilan lié à l’utilisation des terres (non inclus dans le total),Méthane,1
3,pol11,2006,0.01611486390192,Bilan lié à l’utilisation des terres (non inclus dans le total),Méthane,1
3,pol11,2007,0.01809715218444,Bilan lié à l’utilisation des terres (non inclus dans le total),Méthane,1
3,pol11,2008,0.01447400977008,Bilan lié à l’utilisation des terres (non inclus dans le total),Méthane,1
3,pol11,2009,0.01445064123776,Bilan lié à l’utilisation des terres (non inclus dans le total),Méthane,1
3,pol11,2010,0.01385934496464,Bilan lié à l’utilisation des terres (non inclus dans le total),Méthane,1
3,pol11,2011,0.01612305671088,Bilan lié à l’utilisation des terres (non inclus dans le total),Méthane,1
3,pol11,2012,0.01378623430184,Bilan lié à l’utilisation des terres (non inclus dans le total),Méthane,1
3,pol11,2013,0.01373120947688,Bilan lié à l’utilisation des terres (non inclus dans le total),Méthane,1
3,pol11,2014,0.01403394212164,Bilan lié à l’utilisation des terres (non inclus dans le total),Méthane,1
3,pol11,2015,0.0140622605843552,Bilan lié à l’utilisation des terres (non inclus dans le total),Méthane,1
3,pol11,2016,0.0178218884362512,Bilan lié à l’utilisation des terres (non inclus dans le total),Méthane,1
3,pol11,2017,0.015142584689848,Bilan lié à l’utilisation des terres (non inclus dans le total),Méthane,1
3,pol11,2018,0.014241229445912,Bilan lié à l’utilisation des terres (non inclus dans le total),Méthane,1
3,pol11,2019,0.0135029490058372,Bilan lié à l’utilisation des terres (non inclus dans le total),Méthane,1
3,pol11,2020,0.0134762052474,Bilan lié à l’utilisation des terres (non inclus dans le total),Méthane,1
3,pol11,2021,0.01364223400176,Bilan lié à l’utilisation des terres (non inclus dans le total),Méthane,1
3,pol11,2022,0.01783862660076,Bilan lié à l’utilisation des terres (non inclus dans le total),Méthane,1
3,pol11,2023,0.01454693391732,Bilan lié à l’utilisation des terres (non inclus dans le total),Méthane,1
3,pol11,2024,0.0137221713664,Bilan lié à l’utilisation des terres (non inclus dans le total),Méthane,1
3,pol12,1990,0.0448647968371,Bilan lié à l’utilisation des terres (non inclus dans le total),Oxyde nitreux,1
3,pol12,1991,0.0366386960087505,Bilan lié à l’utilisation des terres (non inclus dans le total),Oxyde nitreux,1
3,pol12,1992,0.0370322820260605,Bilan lié à l’utilisation des terres (non inclus dans le total),Oxyde nitreux,1
3,pol12,1993,0.037651358849427,Bilan lié à l’utilisation des terres (non inclus dans le total),Oxyde nitreux,1
3,pol12,1994,0.04018905936541,Bilan lié à l’utilisation des terres (non inclus dans le total),Oxyde nitreux,1
3,pol12,1995,0.04250248274245,Bilan lié à l’utilisation des terres (non inclus dans le total),Oxyde nitreux,1
3,pol12,1996,0.04045527681145,Bilan lié à l’utilisation des terres (non inclus dans le total),Oxyde nitreux,1
3,pol12,1997,0.0499050563398,Bilan lié à l’utilisation des terres (non inclus dans le total),Oxyde nitreux,1
3,pol12,1998,0.039174179836595,Bilan lié à l’utilisation des terres (non inclus dans le total),Oxyde nitreux,1
3,pol12,1999,0.038145910364195,Bilan lié à l’utilisation des terres (non inclus dans le total),Oxyde nitreux,1
3,pol12,2000,0.03951629827285,Bilan lié à l’utilisation des terres (non inclus dans le total),Oxyde nitreux,1
3,pol12,2001,0.03747849778545,Bilan lié à l’utilisation des terres (non inclus dans le total),Oxyde nitreux,1
3,pol12,2002,0.04241961827065,Bilan lié à l’utilisation des terres (non inclus dans le total),Oxyde nitreux,1
3,pol12,2003,0.042188203195905,Bilan lié à l’utilisation des terres (non inclus dans le total),Oxyde nitreux,1
3,pol12,2004,0.03664272877035,Bilan lié à l’utilisation des terres (non inclus dans le total),Oxyde nitreux,1
3,pol12,2005,0.0377051596397949,Bilan lié à l’utilisation des terres (non inclus dans le total),Oxyde nitreux,1
3,pol12,2006,0.0381901922397,Bilan lié à l’utilisation des terres (non inclus dans le total),Oxyde nitreux,1
3,pol12,2007,0.03889569404145,Bilan lié à l’utilisation des terres (non inclus dans le total),Oxyde nitreux,1
3,pol12,2008,0.03922933063675,Bilan lié à l’utilisation des terres (non inclus dans le total),Oxyde nitreux,1
3,pol12,2009,0.0388215732473,Bilan lié à l’utilisation des terres (non inclus dans le total),Oxyde nitreux,1
3,pol12,2010,0.0392602133737,Bilan lié à l’utilisation des terres (non inclus dans le total),Oxyde nitreux,1
3,pol12,2011,0.03961124009845,Bilan lié à l’utilisation des terres (non inclus dans le total),Oxyde nitreux,1
3,pol12,2012,0.0398164037689,Bilan lié à l’utilisation des terres (non inclus dans le total),Oxyde nitreux,1
3,pol12,2013,0.03906257992205,Bilan lié à l’utilisation des terres (non inclus dans le total),Oxyde nitreux,1
3,pol12,2014,0.03978078192565,Bilan lié à l’utilisation des terres (non inclus dans le total),Oxyde nitreux,1
3,pol12,2015,0.038966711148074,Bilan lié à l’utilisation des terres (non inclus dans le total),Oxyde nitreux,1
3,pol12,2016,0.0442845324759575,Bilan lié à l’utilisation des terres (non inclus dans le total),Oxyde nitreux,1
3,pol12,2017,0.04159189458082,Bilan lié à l’utilisation des terres (non inclus dans le total),Oxyde nitreux,1
3,pol12,2018,0.0425083619503,Bilan lié à l’utilisation des terres (non inclus dans le total),Oxyde nitreux,1
3,pol12,2019,0.0393023067869585,Bilan lié à l’utilisation des terres (non inclus dans le total),Oxyde nitreux,1
3,pol12,2020,0.03965196416955,Bilan lié à l’utilisation des terres (non inclus dans le total),Oxyde nitreux,1
3,pol12,2021,0.03954017289347,Bilan lié à l’utilisation des terres (non inclus dans le total),Oxyde nitreux,1
3,pol12,2022,0.042445506394024,Bilan lié à l’utilisation des terres (non inclus dans le total),Oxyde nitreux,1
3,pol12,2023,0.038471010237305,Bilan lié à l’utilisation des terres (non inclus dans le total),Oxyde nitreux,1
3,pol12,2024,0.040987794068445,Bilan lié à l’utilisation des terres (non inclus dans le total),Oxyde nitreux,1
3,pol9,1990,-2.07456952038234,Bilan lié à l’utilisation des terres (non inclus dans le total),Dioxyde de carbone,1
3,pol9,1991,-6.22834212667271,Bilan lié à l’utilisation des terres (non inclus dans le total),Dioxyde de carbone,1
3,pol9,1992,-4.38742411508304,Bilan lié à l’utilisation des terres (non inclus dans le total),Dioxyde de carbone,1
3,pol9,1993,-4.68929038511851,Bilan lié à l’utilisation des terres (non inclus dans le total),Dioxyde de carbone,1
3,pol9,1994,-2.45387348281128,Bilan lié à l’utilisation des terres (non inclus dans le total),Dioxyde de carbone,1
3,pol9,1995,-3.66604054165491,Bilan lié à l’utilisation des terres (non inclus dans le total),Dioxyde de carbone,1
3,pol9,1996,-6.79560470565405,Bilan lié à l’utilisation des terres (non inclus dans le total),Dioxyde de carbone,1
3,pol9,1997,-4.24062092689596,Bilan lié à l’utilisation des terres (non inclus dans le total),Dioxyde de carbone,1
3,pol9,1998,-3.08812042358878,Bilan lié à l’utilisation des terres (non inclus dans le total),Dioxyde de carbone,1
3,pol9,1999,-2.25427209613774,Bilan lié à l’utilisation des terres (non inclus dans le total),Dioxyde de carbone,1
3,pol9,2000,4.79434185689576,Bilan lié à l’utilisation des terres (non inclus dans le total),Dioxyde de carbone,1
3,pol9,2001,-0.777624186567756,Bilan lié à l’utilisation des terres (non inclus dans le total),Dioxyde de carbone,1
3,pol9,2002,-2.38458167896655,Bilan lié à l’utilisation des terres (non inclus dans le total),Dioxyde de carbone,1
3,pol9,2003,-2.54551639820044,Bilan lié à l’utilisation des terres (non inclus dans le total),Dioxyde de carbone,1
3,pol9,2004,-3.90347936011169,Bilan lié à l’utilisation des terres (non inclus dans le total),Dioxyde de carbone,1
3,pol9,2005,-2.77228655722599,Bilan lié à l’utilisation des terres (non inclus dans le total),Dioxyde de carbone,1
3,pol9,2006,-0.89578647704221,Bilan lié à l’utilisation des terres (non inclus dans le total),Dioxyde de carbone,1
3,pol9,2007,-1.07981427024377,Bilan lié à l’utilisation des terres (non inclus dans le total),Dioxyde de carbone,1
3,pol9,2008,-2.04884010541614,Bilan lié à l’utilisation des terres (non inclus dans le total),Dioxyde de carbone,1
3,pol9,2009,-2.14752524906249,Bilan lié à l’utilisation des terres (non inclus dans le total),Dioxyde de carbone,1
3,pol9,2010,-2.79056407509158,Bilan lié à l’utilisation des terres (non inclus dans le total),Dioxyde de carbone,1
3,pol9,2011,-2.34056042633854,Bilan lié à l’utilisation des terres (non inclus dans le total),Dioxyde de carbone,1
3,pol9,2012,-1.02714989633993,Bilan lié à l’utilisation des terres (non inclus dans le total),Dioxyde de carbone,1
3,pol9,2013,-1.33507664805707,Bilan lié à l’utilisation des terres (non inclus dans le total),Dioxyde de carbone,1
3,pol9,2014,-2.23717767316778,Bilan lié à l’utilisation des terres (non inclus dans le total),Dioxyde de carbone,1
3,pol9,2015,-0.548044325266753,Bilan lié à l’utilisation des terres (non inclus dans le total),Dioxyde de carbone,1
3,pol9,2016,-3.21417456843286,Bilan lié à l’utilisation des terres (non inclus dans le total),Dioxyde de carbone,1
3,pol9,2017,-0.779091403919121,Bilan lié à l’utilisation des terres (non inclus dans le total),Dioxyde de carbone,1
3,pol9,2018,0.707087498276482,Bilan lié à l’utilisation des terres (non inclus dans le total),Dioxyde de carbone,1
3,pol9,2019,-1.57933942716913,Bilan lié à l’utilisation des terres (non inclus dans le total),Dioxyde de carbone,1
3,pol9,2020,-0.347190495299885,Bilan lié à l’utilisation des terres (non inclus dans le total),Dioxyde de carbone,1
3,pol9,2021,-0.693229219099301,Bilan lié à l’utilisation des terres (non inclus dans le total),Dioxyde de carbone,1
3,pol9,2022,0.404270088713505,Bilan lié à l’utilisation des terres (non inclus dans le total),Dioxyde de carbone,1
3,pol9,2023,0.830538677613729,Bilan lié à l’utilisation des terres (non inclus dans le total),Dioxyde de carbone,1
3,pol9,2024,1.13429394608599,Bilan lié à l’utilisation des terres (non inclus dans le total),Dioxyde de carbone,1
3,test1,1990,-1.99415832484848,Bilan lié à l’utilisation des terres (non inclus dans le total),Tous les gaz à effet de serre,1
3,test1,1991,-6.17307993730836,Bilan lié à l’utilisation des terres (non inclus dans le total),Tous les gaz à effet de serre,1
3,test1,1992,-4.33265848457322,Bilan lié à l’utilisation des terres (non inclus dans le total),Tous les gaz à effet de serre,1
3,test1,1993,-4.63431605386724,Bilan lié à l’utilisation des terres (non inclus dans le total),Tous les gaz à effet de serre,1
3,test1,1994,-2.39281248005707,Bilan lié à l’utilisation des terres (non inclus dans le total),Tous les gaz à effet de serre,1
3,test1,1995,-3.60082184901902,Bilan lié à l’utilisation des terres (non inclus dans le total),Tous les gaz à effet de serre,1
3,test1,1996,-6.73469571862468,Bilan lié à l’utilisation des terres (non inclus dans le total),Tous les gaz à effet de serre,1
3,test1,1997,-4.15127262206368,Bilan lié à l’utilisation des terres (non inclus dans le total),Tous les gaz à effet de serre,1
3,test1,1998,-3.02959414850411,Bilan lié à l’utilisation des terres (non inclus dans le total),Tous les gaz à effet de serre,1
3,test1,1999,-2.20019425591243,Bilan lié à l’utilisation des terres (non inclus dans le total),Tous les gaz à effet de serre,1
3,test1,2000,4.85035196635925,Bilan lié à l’utilisation des terres (non inclus dans le total),Tous les gaz à effet de serre,1
3,test1,2001,-0.724626195957106,Bilan lié à l’utilisation des terres (non inclus dans le total),Tous les gaz à effet de serre,1
3,test1,2002,-2.31979719566822,Bilan lié à l’utilisation des terres (non inclus dans le total),Tous les gaz à effet de serre,1
3,test1,2003,-2.47947412716839,Bilan lié à l’utilisation des terres (non inclus dans le total),Tous les gaz à effet de serre,1
3,test1,2004,-3.85176591720174,Bilan lié à l’utilisation des terres (non inclus dans le total),Tous les gaz à effet de serre,1
3,test1,2005,-2.71942769353988,Bilan lié à l’utilisation des terres (non inclus dans le total),Tous les gaz à effet de serre,1
3,test1,2006,-0.84148142090059,Bilan lié à l’utilisation des terres (non inclus dans le total),Tous les gaz à effet de serre,1
3,test1,2007,-1.02282142401788,Bilan lié à l’utilisation des terres (non inclus dans le total),Tous les gaz à effet de serre,1
3,test1,2008,-1.99513676500931,Bilan lié à l’utilisation des terres (non inclus dans le total),Tous les gaz à effet de serre,1
3,test1,2009,-2.09425303457743,Bilan lié à l’utilisation des terres (non inclus dans le total),Tous les gaz à effet de serre,1
3,test1,2010,-2.73744451675324,Bilan lié à l’utilisation des terres (non inclus dans le total),Tous les gaz à effet de serre,1
3,test1,2011,-2.28482612952921,Bilan lié à l’utilisation des terres (non inclus dans le total),Tous les gaz à effet de serre,1
3,test1,2012,-0.973547258269191,Bilan lié à l’utilisation des terres (non inclus dans le total),Tous les gaz à effet de serre,1
3,test1,2013,-1.28228285865814,Bilan lié à l’utilisation des terres (non inclus dans le total),Tous les gaz à effet de serre,1
3,test1,2014,-2.18336294912049,Bilan lié à l’utilisation des terres (non inclus dans le total),Tous les gaz à effet de serre,1
3,test1,2015,-0.495015353534323,Bilan lié à l’utilisation des terres (non inclus dans le total),Tous les gaz à effet de serre,1
3,test1,2016,-3.15206814752065,Bilan lié à l’utilisation des terres (non inclus dans le total),Tous les gaz à effet de serre,1
3,test1,2017,-0.722356924648453,Bilan lié à l’utilisation des terres (non inclus dans le total),Tous les gaz à effet de serre,1
3,test1,2018,0.763837089672694,Bilan lié à l’utilisation des terres (non inclus dans le total),Tous les gaz à effet de serre,1
3,test1,2019,-1.52653417137633,Bilan lié à l’utilisation des terres (non inclus dans le total),Tous les gaz à effet de serre,1
3,test1,2020,-0.294062325882935,Bilan lié à l’utilisation des terres (non inclus dans le total),Tous les gaz à effet de serre,1
3,test1,2021,-0.640046812204071,Bilan lié à l’utilisation des terres (non inclus dans le total),Tous les gaz à effet de serre,1
3,test1,2022,0.464554221708289,Bilan lié à l’utilisation des terres (non inclus dans le total),Tous les gaz à effet de serre,1
3,test1,2023,0.883556621768354,Bilan lié à l’utilisation des terres (non inclus dans le total),Tous les gaz à effet de serre,1
3,test1,2024,1.18900391152084,Bilan lié à l’utilisation des terres (non inclus dans le total),Tous les gaz à effet de serre,1
31,pol11,1990,0.02368520649292,Terres forestières,Méthane,2
31,pol11,1991,0.0074003493452,Terres forestières,Méthane,2
31,pol11,1992,0.0065271006388,Terres forestières,Méthane,2
31,pol11,1993,0.0061033259392,Terres forestières,Méthane,2
31,pol11,1994,0.00949079739888,Terres forestières,Méthane,2
31,pol11,1995,0.01143114787136,Terres forestières,Méthane,2
31,pol11,1996,0.00920932145896,Terres forestières,Méthane,2
31,pol11,1997,0.027856380272,Terres forestières,Méthane,2
31,pol11,1998,0.00807732867816,Terres forestières,Méthane,2
31,pol11,1999,0.0047121692352,Terres forestières,Méthane,2
31,pol11,2000,0.0052711549688,Terres forestières,Méthane,2
31,pol11,2001,0.0043116051804,Terres forestières,Méthane,2
31,pol11,2002,0.01089769181704,Terres forestières,Méthane,2
31,pol11,2003,0.012508966307264,Terres forestières,Méthane,2
31,pol11,2004,0.0038662513932,Terres forestières,Méthane,2
31,pol11,2005,0.0039331650344,Terres forestières,Méthane,2
31,pol11,2006,0.00490001229704,Terres forestières,Méthane,2
31,pol11,2007,0.00679559875764,Terres forestières,Méthane,2
31,pol11,2008,0.00324370460848,Terres forestières,Méthane,2
31,pol11,2009,0.00324654173816,Terres forestières,Méthane,2
31,pol11,2010,0.0026579646268,Terres forestières,Méthane,2
31,pol11,2011,0.0048429763592,Terres forestières,Méthane,2
31,pol11,2012,0.00257209881208,Terres forestières,Méthane,2
31,pol11,2013,0.00252747322408,Terres forestières,Méthane,2
31,pol11,2014,0.00283125409532,Terres forestières,Méthane,2
31,pol11,2015,0.002847812806132,Terres forestières,Méthane,2
31,pol11,2016,0.00640058872992,Terres forestières,Méthane,2
31,pol11,2017,0.00390295861536,Terres forestières,Méthane,2
31,pol11,2018,0.003008506098472,Terres forestières,Méthane,2
31,pol11,2019,0.0022858558568468,Terres forestières,Méthane,2
31,pol11,2020,0.0022445508834,Terres forestières,Méthane,2
31,pol11,2021,0.00243200082048,Terres forestières,Méthane,2
31,pol11,2022,0.0065736884514,Terres forestières,Méthane,2
31,pol11,2023,0.003337499879,Terres forestières,Méthane,2
31,pol11,2024,0.00251053709032,Terres forestières,Méthane,2
31,pol12,1990,0.0111524535878,Terres forestières,Oxyde nitreux,2
31,pol12,1991,0.0026318805243,Terres forestières,Oxyde nitreux,2
31,pol12,1992,0.002232625265,Terres forestières,Oxyde nitreux,2
31,pol12,1993,0.0020483218672,Terres forestières,Oxyde nitreux,2
31,pol12,1994,0.0038712235514,Terres forestières,Oxyde nitreux,2
31,pol12,1995,0.0049414341551,Terres forestières,Oxyde nitreux,2
31,pol12,1996,0.00383580886925,Terres forestières,Oxyde nitreux,2
31,pol12,1997,0.0136624459576,Terres forestières,Oxyde nitreux,2
31,pol12,1998,0.0033739181331,Terres forestières,Oxyde nitreux,2
31,pol12,1999,0.001679436387,Terres forestières,Oxyde nitreux,2
31,pol12,2000,0.0020417811425,Terres forestières,Oxyde nitreux,2
31,pol12,2001,0.0016015216223,Terres forestières,Oxyde nitreux,2
31,pol12,2002,0.005110880736,Terres forestières,Oxyde nitreux,2
31,pol12,2003,0.00600530510179,Terres forestières,Oxyde nitreux,2
31,pol12,2004,0.0015341732185,Terres forestières,Oxyde nitreux,2
31,pol12,2005,0.00161786388875,Terres forestières,Oxyde nitreux,2
31,pol12,2006,0.0021749450523,Terres forestières,Oxyde nitreux,2
31,pol12,2007,0.0032184674106,Terres forestières,Oxyde nitreux,2
31,pol12,2008,0.0014147259896,Terres forestières,Oxyde nitreux,2
31,pol12,2009,0.0014715755174,Terres forestières,Oxyde nitreux,2
31,pol12,2010,0.001219151474,Terres forestières,Oxyde nitreux,2
31,pol12,2011,0.0023689033435,Terres forestières,Oxyde nitreux,2
31,pol12,2012,0.0011823256059,Terres forestières,Oxyde nitreux,2
31,pol12,2013,0.0011595459833,Terres forestières,Oxyde nitreux,2
31,pol12,2014,0.00133065370345,Terres forestières,Oxyde nitreux,2
31,pol12,2015,0.00134255118214,Terres forestières,Oxyde nitreux,2
31,pol12,2016,0.0032132310159,Terres forestières,Oxyde nitreux,2
31,pol12,2017,0.0019128422284,Terres forestières,Oxyde nitreux,2
31,pol12,2018,0.00144812457295,Terres forestières,Oxyde nitreux,2
31,pol12,2019,0.0010657062014605,Terres forestières,Oxyde nitreux,2
31,pol12,2020,0.0010419438275,Terres forestières,Oxyde nitreux,2
31,pol12,2021,0.0011393805221,Terres forestières,Oxyde nitreux,2
31,pol12,2022,0.0033163142669,Terres forestières,Oxyde nitreux,2
31,pol12,2023,0.0016195322625,Terres forestières,Oxyde nitreux,2
31,pol12,2024,0.0011796204276,Terres forestières,Oxyde nitreux,2
31,pol9,1990,-1.93291779611334,Terres forestières,Dioxyde de carbone,2
31,pol9,1991,-5.64843428466535,Terres forestières,Dioxyde de carbone,2
31,pol9,1992,-4.59794502639245,Terres forestières,Dioxyde de carbone,2
31,pol9,1993,-5.71472628611511,Terres forestières,Dioxyde de carbone,2
31,pol9,1994,-3.53319956613982,Terres forestières,Dioxyde de carbone,2
31,pol9,1995,-4.89553971930596,Terres forestières,Dioxyde de carbone,2
31,pol9,1996,-6.96880203673079,Terres forestières,Dioxyde de carbone,2
31,pol9,1997,-4.65024761250111,Terres forestières,Dioxyde de carbone,2
31,pol9,1998,-3.80735223064041,Terres forestières,Dioxyde de carbone,2
31,pol9,1999,-2.78479449811372,Terres forestières,Dioxyde de carbone,2
31,pol9,2000,3.70214088387275,Terres forestières,Dioxyde de carbone,2
31,pol9,2001,-1.89967410968588,Terres forestières,Dioxyde de carbone,2
31,pol9,2002,-3.4046935820216,Terres forestières,Dioxyde de carbone,2
31,pol9,2003,-2.90624431447095,Terres forestières,Dioxyde de carbone,2
31,pol9,2004,-3.91072336285334,Terres forestières,Dioxyde de carbone,2
31,pol9,2005,-3.53617911324755,Terres forestières,Dioxyde de carbone,2
31,pol9,2006,-1.00536200382775,Terres forestières,Dioxyde de carbone,2
31,pol9,2007,-1.73946615809993,Terres forestières,Dioxyde de carbone,2
31,pol9,2008,-2.87617206196429,Terres forestières,Dioxyde de carbone,2
31,pol9,2009,-2.96423732944348,Terres forestières,Dioxyde de carbone,2
31,pol9,2010,-3.9466116650152,Terres forestières,Dioxyde de carbone,2
31,pol9,2011,-2.439312685773,Terres forestières,Dioxyde de carbone,2
31,pol9,2012,-2.71616564655213,Terres forestières,Dioxyde de carbone,2
31,pol9,2013,-3.61467574871974,Terres forestières,Dioxyde de carbone,2
31,pol9,2014,-2.59250572444907,Terres forestières,Dioxyde de carbone,2
31,pol9,2015,-3.25996756219831,Terres forestières,Dioxyde de carbone,2
31,pol9,2016,-3.68096658602858,Terres forestières,Dioxyde de carbone,2
31,pol9,2017,-3.20382741570816,Terres forestières,Dioxyde de carbone,2
31,pol9,2018,-0.750831535810088,Terres forestières,Dioxyde de carbone,2
31,pol9,2019,-2.09448233868312,Terres forestières,Dioxyde de carbone,2
31,pol9,2020,-2.07689502750943,Terres forestières,Dioxyde de carbone,2
31,pol9,2021,-2.32862620522219,Terres forestières,Dioxyde de carbone,2
31,pol9,2022,-0.298303463727632,Terres forestières,Dioxyde de carbone,2
31,pol9,2023,-0.0242879711516832,Terres forestières,Dioxyde de carbone,2
31,pol9,2024,-1.10753522177728,Terres forestières,Dioxyde de carbone,2
31,test1,1990,-1.89808013603262,Terres forestières,Tous les gaz à effet de serre,2
31,test1,1991,-5.63840205479585,Terres forestières,Tous les gaz à effet de serre,2
31,test1,1992,-4.58918530048865,Terres forestières,Tous les gaz à effet de serre,2
31,test1,1993,-5.70657463830871,Terres forestières,Tous les gaz à effet de serre,2
31,test1,1994,-3.51983754518954,Terres forestières,Tous les gaz à effet de serre,2
31,test1,1995,-4.8791671372795,Terres forestières,Tous les gaz à effet de serre,2
31,test1,1996,-6.95575690640258,Terres forestières,Tous les gaz à effet de serre,2
31,test1,1997,-4.60872878627151,Terres forestières,Tous les gaz à effet de serre,2
31,test1,1998,-3.79590098382915,Terres forestières,Tous les gaz à effet de serre,2
31,test1,1999,-2.77840289249152,Terres forestières,Tous les gaz à effet de serre,2
31,test1,2000,3.70945381998405,Terres forestières,Tous les gaz à effet de serre,2
31,test1,2001,-1.89376098288318,Terres forestières,Tous les gaz à effet de serre,2
31,test1,2002,-3.38868500946856,Terres forestières,Tous les gaz à effet de serre,2
31,test1,2003,-2.8877300430619,Terres forestières,Tous les gaz à effet de serre,2
31,test1,2004,-3.90532293824164,Terres forestières,Tous les gaz à effet de serre,2
31,test1,2005,-3.5306280843244,Terres forestières,Tous les gaz à effet de serre,2
31,test1,2006,-0.998287046478406,Terres forestières,Tous les gaz à effet de serre,2
31,test1,2007,-1.72945209193169,Terres forestières,Tous les gaz à effet de serre,2
31,test1,2008,-2.87151363136621,Terres forestières,Tous les gaz à effet de serre,2
31,test1,2009,-2.95951921218792,Terres forestières,Tous les gaz à effet de serre,2
31,test1,2010,-3.9427345489144,Terres forestières,Tous les gaz à effet de serre,2
31,test1,2011,-2.4321008060703,Terres forestières,Tous les gaz à effet de serre,2
31,test1,2012,-2.71241122213415,Terres forestières,Tous les gaz à effet de serre,2
31,test1,2013,-3.61098872951236,Terres forestières,Tous les gaz à effet de serre,2
31,test1,2014,-2.5883438166503,Terres forestières,Tous les gaz à effet de serre,2
31,test1,2015,-3.25577719821004,Terres forestières,Tous les gaz à effet de serre,2
31,test1,2016,-3.67135276628276,Terres forestières,Tous les gaz à effet de serre,2
31,test1,2017,-3.1980116148644,Terres forestières,Tous les gaz à effet de serre,2
31,test1,2018,-0.746374905138666,Terres forestières,Tous les gaz à effet de serre,2
31,test1,2019,-2.09113077662481,Terres forestières,Tous les gaz à effet de serre,2
31,test1,2020,-2.07360853279853,Terres forestières,Tous les gaz à effet de serre,2
31,test1,2021,-2.32505482387961,Terres forestières,Tous les gaz à effet de serre,2
31,test1,2022,-0.288413461009332,Terres forestières,Tous les gaz à effet de serre,2
31,test1,2023,-0.0193309390101832,Terres forestières,Tous les gaz à effet de serre,2
31,test1,2024,-1.10384506425936,Terres forestières,Tous les gaz à effet de serre,2
32,pol11,1990,0.0,Terres cultivées,Méthane,2
32,pol11,1991,0.0,Terres cultivées,Méthane,2
32,pol11,1992,0.0,Terres cultivées,Méthane,2
32,pol11,1993,0.0,Terres cultivées,Méthane,2
32,pol11,1994,0.0,Terres cultivées,Méthane,2
32,pol11,1995,0.0,Terres cultivées,Méthane,2
32,pol11,1996,0.0,Terres cultivées,Méthane,2
32,pol11,1997,0.0,Terres cultivées,Méthane,2
32,pol11,1998,0.0,Terres cultivées,Méthane,2
32,pol11,1999,0.0,Terres cultivées,Méthane,2
32,pol11,2000,0.0,Terres cultivées,Méthane,2
32,pol11,2001,0.0,Terres cultivées,Méthane,2
32,pol11,2002,0.0,Terres cultivées,Méthane,2
32,pol11,2003,0.0,Terres cultivées,Méthane,2
32,pol11,2004,0.0,Terres cultivées,Méthane,2
32,pol11,2005,0.0,Terres cultivées,Méthane,2
32,pol11,2006,0.0,Terres cultivées,Méthane,2
32,pol11,2007,0.0,Terres cultivées,Méthane,2
32,pol11,2008,0.0,Terres cultivées,Méthane,2
32,pol11,2009,0.0,Terres cultivées,Méthane,2
32,pol11,2010,0.0,Terres cultivées,Méthane,2
32,pol11,2011,0.0,Terres cultivées,Méthane,2
32,pol11,2012,0.0,Terres cultivées,Méthane,2
32,pol11,2013,0.0,Terres cultivées,Méthane,2
32,pol11,2014,0.0,Terres cultivées,Méthane,2
32,pol11,2015,0.0,Terres cultivées,Méthane,2
32,pol11,2016,0.0,Terres cultivées,Méthane,2
32,pol11,2017,0.0,Terres cultivées,Méthane,2
32,pol11,2018,0.0,Terres cultivées,Méthane,2
32,pol11,2019,0.0,Terres cultivées,Méthane,2
32,pol11,2020,0.0,Terres cultivées,Méthane,2
32,pol11,2021,0.0,Terres cultivées,Méthane,2
32,pol11,2022,0.0,Terres cultivées,Méthane,2
32,pol11,2023,0.0,Terres cultivées,Méthane,2
32,pol11,2024,0.0,Terres cultivées,Méthane,2
32,pol12,1990,0.001427026113,Terres cultivées,Oxyde nitreux,2
32,pol12,1991,0.0014263054455,Terres cultivées,Oxyde nitreux,2
32,pol12,1992,0.00161473925891,Terres cultivées,Oxyde nitreux,2
32,pol12,1993,0.00189675730345,Terres cultivées,Oxyde nitreux,2
32,pol12,1994,0.002030533508735,Terres cultivées,Oxyde nitreux,2
32,pol12,1995,0.0021587179734,Terres cultivées,Oxyde nitreux,2
32,pol12,1996,0.0020004027705,Terres cultivées,Oxyde nitreux,2
32,pol12,1997,0.00188113237345,Terres cultivées,Oxyde nitreux,2
32,pol12,1998,0.001614899241795,Terres cultivées,Oxyde nitreux,2
32,pol12,1999,0.001553308924945,Terres cultivées,Oxyde nitreux,2
32,pol12,2000,0.00186252205415,Terres cultivées,Oxyde nitreux,2
32,pol12,2001,0.00197765247015,Terres cultivées,Oxyde nitreux,2
32,pol12,2002,0.00196335806275,Terres cultivées,Oxyde nitreux,2
32,pol12,2003,0.001462372443965,Terres cultivées,Oxyde nitreux,2
32,pol12,2004,0.00114546061055,Terres cultivées,Oxyde nitreux,2
32,pol12,2005,0.00133349205014492,Terres cultivées,Oxyde nitreux,2
32,pol12,2006,0.0010717421553,Terres cultivées,Oxyde nitreux,2
32,pol12,2007,0.00112907012735,Terres cultivées,Oxyde nitreux,2
32,pol12,2008,0.00108831928065,Terres cultivées,Oxyde nitreux,2
32,pol12,2009,0.0010847158239,Terres cultivées,Oxyde nitreux,2
32,pol12,2010,0.0011329864219,Terres cultivées,Oxyde nitreux,2
32,pol12,2011,0.00083273814385,Terres cultivées,Oxyde nitreux,2
32,pol12,2012,0.0010779544973,Terres cultivées,Oxyde nitreux,2
32,pol12,2013,0.00121023193175,Terres cultivées,Oxyde nitreux,2
32,pol12,2014,0.0012151292298,Terres cultivées,Oxyde nitreux,2
32,pol12,2015,0.00122081379515,Terres cultivées,Oxyde nitreux,2
32,pol12,2016,0.0016987191003135,Terres cultivées,Oxyde nitreux,2
32,pol12,2017,0.00197494374986,Terres cultivées,Oxyde nitreux,2
32,pol12,2018,0.00127348250805,Terres cultivées,Oxyde nitreux,2
32,pol12,2019,0.00099349409215,Terres cultivées,Oxyde nitreux,2
32,pol12,2020,0.00111519702225,Terres cultivées,Oxyde nitreux,2
32,pol12,2021,0.00171729916777,Terres cultivées,Oxyde nitreux,2
32,pol12,2022,0.001517025651924,Terres cultivées,Oxyde nitreux,2
32,pol12,2023,0.0009739201348,Terres cultivées,Oxyde nitreux,2
32,pol12,2024,0.001625196854535,Terres cultivées,Oxyde nitreux,2
32,pol9,1990,0.498511922828334,Terres cultivées,Dioxyde de carbone,2
32,pol9,1991,0.366289138253281,Terres cultivées,Dioxyde de carbone,2
32,pol9,1992,0.577086966695881,Terres cultivées,Dioxyde de carbone,2
32,pol9,1993,0.775877499990731,Terres cultivées,Dioxyde de carbone,2
32,pol9,1994,0.709412149077049,Terres cultivées,Dioxyde de carbone,2
32,pol9,1995,0.748140892318691,Terres cultivées,Dioxyde de carbone,2
32,pol9,1996,0.412071821687314,Terres cultivées,Dioxyde de carbone,2
32,pol9,1997,0.390667597269067,Terres cultivées,Dioxyde de carbone,2
32,pol9,1998,0.168521917852999,Terres cultivées,Dioxyde de carbone,2
32,pol9,1999,0.334852701617136,Terres cultivées,Dioxyde de carbone,2
32,pol9,2000,0.812028757853272,Terres cultivées,Dioxyde de carbone,2
32,pol9,2001,0.653937602159716,Terres cultivées,Dioxyde de carbone,2
32,pol9,2002,0.529770281753448,Terres cultivées,Dioxyde de carbone,2
32,pol9,2003,-0.0855889691991952,Terres cultivées,Dioxyde de carbone,2
32,pol9,2004,-0.0654596141871364,Terres cultivées,Dioxyde de carbone,2
32,pol9,2005,0.545884879340443,Terres cultivées,Dioxyde de carbone,2
32,pol9,2006,0.0506629695906234,Terres cultivées,Dioxyde de carbone,2
32,pol9,2007,0.377110276022986,Terres cultivées,Dioxyde de carbone,2
32,pol9,2008,0.28118294561297,Terres cultivées,Dioxyde de carbone,2
32,pol9,2009,0.316528179872011,Terres cultivées,Dioxyde de carbone,2
32,pol9,2010,0.38492127218893,Terres cultivées,Dioxyde de carbone,2
32,pol9,2011,-0.0365989947629818,Terres cultivées,Dioxyde de carbone,2
32,pol9,2012,0.57912089378298,Terres cultivées,Dioxyde de carbone,2
32,pol9,2013,0.495023425446805,Terres cultivées,Dioxyde de carbone,2
32,pol9,2014,0.403073589459031,Terres cultivées,Dioxyde de carbone,2
32,pol9,2015,0.384015286772438,Terres cultivées,Dioxyde de carbone,2
32,pol9,2016,0.824606588747162,Terres cultivées,Dioxyde de carbone,2
32,pol9,2017,0.679650205123632,Terres cultivées,Dioxyde de carbone,2
32,pol9,2018,-0.105232722419797,Terres cultivées,Dioxyde de carbone,2
32,pol9,2019,0.0814110950262912,Terres cultivées,Dioxyde de carbone,2
32,pol9,2020,0.430059449045038,Terres cultivées,Dioxyde de carbone,2
32,pol9,2021,0.834016676494497,Terres cultivées,Dioxyde de carbone,2
32,pol9,2022,0.326075328593303,Terres cultivées,Dioxyde de carbone,2
32,pol9,2023,0.0100054074539152,Terres cultivées,Dioxyde de carbone,2
32,pol9,2024,0.797398185123887,Terres cultivées,Dioxyde de carbone,2
32,test1,1990,0.499938948941334,Terres cultivées,Tous les gaz à effet de serre,2
32,test1,1991,0.367715443698781,Terres cultivées,Tous les gaz à effet de serre,2
32,test1,1992,0.578701705954791,Terres cultivées,Tous les gaz à effet de serre,2
32,test1,1993,0.777774257294181,Terres cultivées,Tous les gaz à effet de serre,2
32,test1,1994,0.711442682585784,Terres cultivées,Tous les gaz à effet de serre,2
32,test1,1995,0.750299610292091,Terres cultivées,Tous les gaz à effet de serre,2
32,test1,1996,0.414072224457814,Terres cultivées,Tous les gaz à effet de serre,2
32,test1,1997,0.392548729642517,Terres cultivées,Tous les gaz à effet de serre,2
32,test1,1998,0.170136817094794,Terres cultivées,Tous les gaz à effet de serre,2
32,test1,1999,0.336406010542081,Terres cultivées,Tous les gaz à effet de serre,2
32,test1,2000,0.813891279907422,Terres cultivées,Tous les gaz à effet de serre,2
32,test1,2001,0.655915254629866,Terres cultivées,Tous les gaz à effet de serre,2
32,test1,2002,0.531733639816198,Terres cultivées,Tous les gaz à effet de serre,2
32,test1,2003,-0.0841265967552302,Terres cultivées,Tous les gaz à effet de serre,2
32,test1,2004,-0.0643141535765864,Terres cultivées,Tous les gaz à effet de serre,2
32,test1,2005,0.547218371390588,Terres cultivées,Tous les gaz à effet de serre,2
32,test1,2006,0.0517347117459234,Terres cultivées,Tous les gaz à effet de serre,2
32,test1,2007,0.378239346150336,Terres cultivées,Tous les gaz à effet de serre,2
32,test1,2008,0.28227126489362,Terres cultivées,Tous les gaz à effet de serre,2
32,test1,2009,0.317612895695911,Terres cultivées,Tous les gaz à effet de serre,2
32,test1,2010,0.38605425861083,Terres cultivées,Tous les gaz à effet de serre,2
32,test1,2011,-0.0357662566191318,Terres cultivées,Tous les gaz à effet de serre,2
32,test1,2012,0.58019884828028,Terres cultivées,Tous les gaz à effet de serre,2
32,test1,2013,0.496233657378555,Terres cultivées,Tous les gaz à effet de serre,2
32,test1,2014,0.404288718688831,Terres cultivées,Tous les gaz à effet de serre,2
32,test1,2015,0.385236100567588,Terres cultivées,Tous les gaz à effet de serre,2
32,test1,2016,0.826305307847475,Terres cultivées,Tous les gaz à effet de serre,2
32,test1,2017,0.681625148873492,Terres cultivées,Tous les gaz à effet de serre,2
32,test1,2018,-0.103959239911747,Terres cultivées,Tous les gaz à effet de serre,2
32,test1,2019,0.0824045891184412,Terres cultivées,Tous les gaz à effet de serre,2
32,test1,2020,0.431174646067288,Terres cultivées,Tous les gaz à effet de serre,2
32,test1,2021,0.835733975662266,Terres cultivées,Tous les gaz à effet de serre,2
32,test1,2022,0.327592354245227,Terres cultivées,Tous les gaz à effet de serre,2
32,test1,2023,0.0109793275887152,Terres cultivées,Tous les gaz à effet de serre,2
32,test1,2024,0.799023381978422,Terres cultivées,Tous les gaz à effet de serre,2
33,pol11,1990,0.00066119220384,Prairies,Méthane,2
33,pol11,1991,2.31440104e-05,Prairies,Méthane,2
33,pol11,1992,6.24784496e-06,Prairies,Méthane,2
33,pol11,1993,1.964646264e-05,Prairies,Méthane,2
33,pol11,1994,0.00018114598992,Prairies,Méthane,2
33,pol11,1995,8.506202208e-05,Prairies,Méthane,2
33,pol11,1996,4.438875896e-05,Prairies,Méthane,2
33,pol11,1997,0.00038686822048,Prairies,Méthane,2
33,pol11,1998,7.476656992e-05,Prairies,Méthane,2
33,pol11,1999,1.976062592e-05,Prairies,Méthane,2
33,pol11,2000,2.265622184e-05,Prairies,Méthane,2
33,pol11,2001,7.8876448e-06,Prairies,Méthane,2
33,pol11,2002,0.00026717321064,Prairies,Méthane,2
33,pol11,2003,0.00014510152888,Prairies,Méthane,2
33,pol11,2004,4.4627464e-06,Prairies,Méthane,2
33,pol11,2005,2.053901192e-05,Prairies,Méthane,2
33,pol11,2006,1.485160488e-05,Prairies,Méthane,2
33,pol11,2007,0.0001015534268,Prairies,Méthane,2
33,pol11,2008,3.03051616e-05,Prairies,Méthane,2
33,pol11,2009,4.0994996e-06,Prairies,Méthane,2
33,pol11,2010,1.38033784e-06,Prairies,Méthane,2
33,pol11,2011,8.008035168e-05,Prairies,Méthane,2
33,pol11,2012,1.413548976e-05,Prairies,Méthane,2
33,pol11,2013,3.7362528e-06,Prairies,Méthane,2
33,pol11,2014,2.68802632e-06,Prairies,Méthane,2
33,pol11,2015,1.44477782232e-05,Prairies,Méthane,2
33,pol11,2016,0.0002212997063312,Prairies,Méthane,2
33,pol11,2017,3.9626074488e-05,Prairies,Méthane,2
33,pol11,2018,3.272334744e-05,Prairies,Méthane,2
33,pol11,2019,1.70931489904e-05,Prairies,Méthane,2
33,pol11,2020,3.1654364e-05,Prairies,Méthane,2
33,pol11,2021,1.023318128e-05,Prairies,Méthane,2
33,pol11,2022,6.493814936e-05,Prairies,Méthane,2
33,pol11,2023,9.43403832e-06,Prairies,Méthane,2
33,pol11,2024,1.163427608e-05,Prairies,Méthane,2
33,pol12,1990,0.0106707801008,Prairies,Oxyde nitreux,2
33,pol12,1991,0.0104004887450735,Prairies,Oxyde nitreux,2
33,pol12,1992,0.0106456689922735,Prairies,Oxyde nitreux,2
33,pol12,1993,0.0108533394064,Prairies,Oxyde nitreux,2
33,pol12,1994,0.0111365469893,Prairies,Oxyde nitreux,2
33,pol12,1995,0.0114044138971,Prairies,Oxyde nitreux,2
33,pol12,1996,0.0110391541257,Prairies,Oxyde nitreux,2
33,pol12,1997,0.0111590875236,Prairies,Oxyde nitreux,2
33,pol12,1998,0.0109248721814,Prairies,Oxyde nitreux,2
33,pol12,1999,0.0111013591339,Prairies,Oxyde nitreux,2
33,pol12,2000,0.0114429276403,Prairies,Oxyde nitreux,2
33,pol12,2001,0.011233809616,Prairies,Oxyde nitreux,2
33,pol12,2002,0.0117636510718,Prairies,Oxyde nitreux,2
33,pol12,2003,0.0114228006306,Prairies,Oxyde nitreux,2
33,pol12,2004,0.011168961413,Prairies,Oxyde nitreux,2
33,pol12,2005,0.0114921119954,Prairies,Oxyde nitreux,2
33,pol12,2006,0.0115351903106,Prairies,Oxyde nitreux,2
33,pol12,2007,0.011802908511,Prairies,Oxyde nitreux,2
33,pol12,2008,0.012306441742,Prairies,Oxyde nitreux,2
33,pol12,2009,0.012425139747,Prairies,Oxyde nitreux,2
33,pol12,2010,0.0128204304208,Prairies,Oxyde nitreux,2
33,pol12,2011,0.0129865037266,Prairies,Oxyde nitreux,2
33,pol12,2012,0.0135918044412,Prairies,Oxyde nitreux,2
33,pol12,2013,0.013766109866,Prairies,Oxyde nitreux,2
33,pol12,2014,0.0144592539784,Prairies,Oxyde nitreux,2
33,pol12,2015,0.014369503716284,Prairies,Oxyde nitreux,2
33,pol12,2016,0.015121350576744,Prairies,Oxyde nitreux,2
33,pol12,2017,0.01524651225356,Prairies,Oxyde nitreux,2
33,pol12,2018,0.0157466075378,Prairies,Oxyde nitreux,2
33,pol12,2019,0.015600149797848,Prairies,Oxyde nitreux,2
33,pol12,2020,0.01609816594,Prairies,Oxyde nitreux,2
33,pol12,2021,0.0158796599886,Prairies,Oxyde nitreux,2
33,pol12,2022,0.0159359323782,Prairies,Oxyde nitreux,2
33,pol12,2023,0.0156910216784,Prairies,Oxyde nitreux,2
33,pol12,2024,0.0167647007346,Prairies,Oxyde nitreux,2
33,pol9,1990,0.168564519365,Prairies,Dioxyde de carbone,2
33,pol9,1991,-0.539263817102876,Prairies,Dioxyde de carbone,2
33,pol9,1992,-0.193414889155164,Prairies,Dioxyde de carbone,2
33,pol9,1993,0.310087932081913,Prairies,Dioxyde de carbone,2
33,pol9,1994,0.280179262557228,Prairies,Dioxyde de carbone,2
33,pol9,1995,0.479548772954793,Prairies,Dioxyde de carbone,2
33,pol9,1996,-0.390607080053317,Prairies,Dioxyde de carbone,2
33,pol9,1997,-0.173233496407443,Prairies,Dioxyde de carbone,2
33,pol9,1998,0.370321954385806,Prairies,Dioxyde de carbone,2
33,pol9,1999,0.115238856017644,Prairies,Dioxyde de carbone,2
33,pol9,2000,0.524388170747262,Prairies,Dioxyde de carbone,2
33,pol9,2001,0.438972580902206,Prairies,Dioxyde de carbone,2
33,pol9,2002,0.307404174949353,Prairies,Dioxyde de carbone,2
33,pol9,2003,0.359208899564611,Prairies,Dioxyde de carbone,2
33,pol9,2004,0.165807237522914,Prairies,Dioxyde de carbone,2
33,pol9,2005,0.384211241266557,Prairies,Dioxyde de carbone,2
33,pol9,2006,0.00532987504843579,Prairies,Dioxyde de carbone,2
33,pol9,2007,0.506212668763703,Prairies,Dioxyde de carbone,2
33,pol9,2008,0.412154404522873,Prairies,Dioxyde de carbone,2
33,pol9,2009,0.369389120232759,Prairies,Dioxyde de carbone,2
33,pol9,2010,0.673528209310214,Prairies,Dioxyde de carbone,2
33,pol9,2011,-0.00682162213243089,Prairies,Dioxyde de carbone,2
33,pol9,2012,0.737150911531064,Prairies,Dioxyde de carbone,2
33,pol9,2013,1.22253996364371,Prairies,Dioxyde de carbone,2
33,pol9,2014,-0.390413014732953,Prairies,Dioxyde de carbone,2
33,pol9,2015,1.98326096107443,Prairies,Dioxyde de carbone,2
33,pol9,2016,-0.760639112717465,Prairies,Dioxyde de carbone,2
33,pol9,2017,1.34497216900711,Prairies,Dioxyde de carbone,2
33,pol9,2018,1.24115130157726,Prairies,Dioxyde de carbone,2
33,pol9,2019,0.00332884978665826,Prairies,Dioxyde de carbone,2
33,pol9,2020,0.980342901737527,Prairies,Dioxyde de carbone,2
33,pol9,2021,0.604382488306768,Prairies,Dioxyde de carbone,2
33,pol9,2022,0.100143970133141,Prairies,Dioxyde de carbone,2
33,pol9,2023,0.481101242317961,Prairies,Dioxyde de carbone,2
33,pol9,2024,1.1883214316316,Prairies,Dioxyde de carbone,2
33,test1,1990,0.17989649166964,Prairies,Tous les gaz à effet de serre,2
33,test1,1991,-0.528840184347403,Prairies,Tous les gaz à effet de serre,2
33,test1,1992,-0.18276297231793,Prairies,Tous les gaz à effet de serre,2
33,test1,1993,0.320960917950953,Prairies,Tous les gaz à effet de serre,2
33,test1,1994,0.291496955536448,Prairies,Tous les gaz à effet de serre,2
33,test1,1995,0.491038248873973,Prairies,Tous les gaz à effet de serre,2
33,test1,1996,-0.379523537168657,Prairies,Tous les gaz à effet de serre,2
33,test1,1997,-0.161687540663363,Prairies,Tous les gaz à effet de serre,2
33,test1,1998,0.381321593137126,Prairies,Tous les gaz à effet de serre,2
33,test1,1999,0.126359975777464,Prairies,Tous les gaz à effet de serre,2
33,test1,2000,0.535853754609402,Prairies,Tous les gaz à effet de serre,2
33,test1,2001,0.450214278163006,Prairies,Tous les gaz à effet de serre,2
33,test1,2002,0.319434999231793,Prairies,Tous les gaz à effet de serre,2
33,test1,2003,0.370776801724091,Prairies,Tous les gaz à effet de serre,2
33,test1,2004,0.176980661682314,Prairies,Tous les gaz à effet de serre,2
33,test1,2005,0.395723892273877,Prairies,Tous les gaz à effet de serre,2
33,test1,2006,0.0168799169639158,Prairies,Tous les gaz à effet de serre,2
33,test1,2007,0.518117130701503,Prairies,Tous les gaz à effet de serre,2
33,test1,2008,0.424491151426473,Prairies,Tous les gaz à effet de serre,2
33,test1,2009,0.381818359479359,Prairies,Tous les gaz à effet de serre,2
33,test1,2010,0.686350020068854,Prairies,Tous les gaz à effet de serre,2
33,test1,2011,0.00624496194584911,Prairies,Tous les gaz à effet de serre,2
33,test1,2012,0.750756851462024,Prairies,Tous les gaz à effet de serre,2
33,test1,2013,1.23630980976251,Prairies,Tous les gaz à effet de serre,2
33,test1,2014,-0.375951072728233,Prairies,Tous les gaz à effet de serre,2
33,test1,2015,1.99764491256894,Prairies,Tous les gaz à effet de serre,2
33,test1,2016,-0.74529646243439,Prairies,Tous les gaz à effet de serre,2
33,test1,2017,1.36025830733516,Prairies,Tous les gaz à effet de serre,2
33,test1,2018,1.2569306324625,Prairies,Tous les gaz à effet de serre,2
33,test1,2019,0.0189460927334967,Prairies,Tous les gaz à effet de serre,2
33,test1,2020,0.996472722041527,Prairies,Tous les gaz à effet de serre,2
33,test1,2021,0.620272381476648,Prairies,Tous les gaz à effet de serre,2
33,test1,2022,0.116144840660701,Prairies,Tous les gaz à effet de serre,2
33,test1,2023,0.496801698034681,Prairies,Tous les gaz à effet de serre,2
33,test1,2024,1.20509776664228,Prairies,Tous les gaz à effet de serre,2
34,pol11,1990,0.0112,Terres humides,Méthane,2
34,pol11,1991,0.0112,Terres humides,Méthane,2
34,pol11,1992,0.0112,Terres humides,Méthane,2
34,pol11,1993,0.0112,Terres humides,Méthane,2
34,pol11,1994,0.0112,Terres humides,Méthane,2
34,pol11,1995,0.0112,Terres humides,Méthane,2
34,pol11,1996,0.0112,Terres humides,Méthane,2
34,pol11,1997,0.0112,Terres humides,Méthane,2
34,pol11,1998,0.0112,Terres humides,Méthane,2
34,pol11,1999,0.0112,Terres humides,Méthane,2
34,pol11,2000,0.0112,Terres humides,Méthane,2
34,pol11,2001,0.0112,Terres humides,Méthane,2
34,pol11,2002,0.0112,Terres humides,Méthane,2
34,pol11,2003,0.0112,Terres humides,Méthane,2
34,pol11,2004,0.0112,Terres humides,Méthane,2
34,pol11,2005,0.0112,Terres humides,Méthane,2
34,pol11,2006,0.0112,Terres humides,Méthane,2
34,pol11,2007,0.0112,Terres humides,Méthane,2
34,pol11,2008,0.0112,Terres humides,Méthane,2
34,pol11,2009,0.0112,Terres humides,Méthane,2
34,pol11,2010,0.0112,Terres humides,Méthane,2
34,pol11,2011,0.0112,Terres humides,Méthane,2
34,pol11,2012,0.0112,Terres humides,Méthane,2
34,pol11,2013,0.0112,Terres humides,Méthane,2
34,pol11,2014,0.0112,Terres humides,Méthane,2
34,pol11,2015,0.0112,Terres humides,Méthane,2
34,pol11,2016,0.0112,Terres humides,Méthane,2
34,pol11,2017,0.0112,Terres humides,Méthane,2
34,pol11,2018,0.0112,Terres humides,Méthane,2
34,pol11,2019,0.0112,Terres humides,Méthane,2
34,pol11,2020,0.0112,Terres humides,Méthane,2
34,pol11,2021,0.0112,Terres humides,Méthane,2
34,pol11,2022,0.0112,Terres humides,Méthane,2
34,pol11,2023,0.0112,Terres humides,Méthane,2
34,pol11,2024,0.0112,Terres humides,Méthane,2
34,pol12,1990,0.0053872804,Terres humides,Oxyde nitreux,2
34,pol12,1991,0.005180381385,Terres humides,Oxyde nitreux,2
34,pol12,1992,0.005049595458,Terres humides,Oxyde nitreux,2
34,pol12,1993,0.005392233568,Terres humides,Oxyde nitreux,2
34,pol12,1994,0.005494722431155,Terres humides,Oxyde nitreux,2
34,pol12,1995,0.005917700955,Terres humides,Oxyde nitreux,2
34,pol12,1996,0.005786481382,Terres humides,Oxyde nitreux,2
34,pol12,1997,0.0058391295415,Terres humides,Oxyde nitreux,2
34,pol12,1998,0.005917441785,Terres humides,Oxyde nitreux,2
34,pol12,1999,0.006008763435,Terres humides,Oxyde nitreux,2
34,pol12,2000,0.006650819109,Terres humides,Oxyde nitreux,2
34,pol12,2001,0.00586845415,Terres humides,Oxyde nitreux,2
34,pol12,2002,0.00623135893,Terres humides,Oxyde nitreux,2
34,pol12,2003,0.00626499538,Terres humides,Oxyde nitreux,2
34,pol12,2004,0.005792756635,Terres humides,Oxyde nitreux,2
34,pol12,2005,0.005860872023,Terres humides,Oxyde nitreux,2
34,pol12,2006,0.00618250618,Terres humides,Oxyde nitreux,2
34,pol12,2007,0.005581295115,Terres humides,Oxyde nitreux,2
34,pol12,2008,0.00645348829,Terres humides,Oxyde nitreux,2
34,pol12,2009,0.0061609840725,Terres humides,Oxyde nitreux,2
34,pol12,2010,0.006229217465,Terres humides,Oxyde nitreux,2
34,pol12,2011,0.00578870028,Terres humides,Oxyde nitreux,2
34,pol12,2012,0.00644044923,Terres humides,Oxyde nitreux,2
34,pol12,2013,0.006071929948,Terres humides,Oxyde nitreux,2
34,pol12,2014,0.0057969474775,Terres humides,Oxyde nitreux,2
34,pol12,2015,0.005690018255,Terres humides,Oxyde nitreux,2
34,pol12,2016,0.00661184222,Terres humides,Oxyde nitreux,2
34,pol12,2017,0.005775028665,Terres humides,Oxyde nitreux,2
34,pol12,2018,0.006091350155,Terres humides,Oxyde nitreux,2
34,pol12,2019,0.0056838050385,Terres humides,Oxyde nitreux,2
34,pol12,2020,0.0057540149123,Terres humides,Oxyde nitreux,2
34,pol12,2021,0.0052369766665,Terres humides,Oxyde nitreux,2
34,pol12,2022,0.0063299444155,Terres humides,Oxyde nitreux,2
34,pol12,2023,0.005274964140105,Terres humides,Oxyde nitreux,2
34,pol12,2024,0.00534323584021,Terres humides,Oxyde nitreux,2
34,pol9,1990,0.141164029691667,Terres humides,Dioxyde de carbone,2
34,pol9,1991,0.135817775162667,Terres humides,Dioxyde de carbone,2
34,pol9,1992,0.133513443627667,Terres humides,Dioxyde de carbone,2
34,pol9,1993,0.142963789163257,Terres humides,Dioxyde de carbone,2
34,pol9,1994,0.148827486218773,Terres humides,Dioxyde de carbone,2
34,pol9,1995,0.155417552522369,Terres humides,Dioxyde de carbone,2
34,pol9,1996,0.153898159649041,Terres humides,Dioxyde de carbone,2
34,pol9,1997,0.156194804286021,Terres humides,Dioxyde de carbone,2
34,pol9,1998,0.161452194085178,Terres humides,Dioxyde de carbone,2
34,pol9,1999,0.159943414079602,Terres humides,Dioxyde de carbone,2
34,pol9,2000,0.159492531578845,Terres humides,Dioxyde de carbone,2
34,pol9,2001,0.155350043395395,Terres humides,Dioxyde de carbone,2
34,pol9,2002,0.155562307777621,Terres humides,Dioxyde de carbone,2
34,pol9,2003,0.161362531087113,Terres humides,Dioxyde de carbone,2
34,pol9,2004,0.157759211699899,Terres humides,Dioxyde de carbone,2
34,pol9,2005,0.158537490164241,Terres humides,Dioxyde de carbone,2
34,pol9,2006,0.162644930463355,Terres humides,Dioxyde de carbone,2
34,pol9,2007,0.153398024400508,Terres humides,Dioxyde de carbone,2
34,pol9,2008,0.167474824003481,Terres humides,Dioxyde de carbone,2
34,pol9,2009,0.166974693379483,Terres humides,Dioxyde de carbone,2
34,pol9,2010,0.167000419316928,Terres humides,Dioxyde de carbone,2
34,pol9,2011,0.15369159577578,Terres humides,Dioxyde de carbone,2
34,pol9,2012,0.169962769349532,Terres humides,Dioxyde de carbone,2
34,pol9,2013,0.167042868643449,Terres humides,Dioxyde de carbone,2
34,pol9,2014,0.154429317495558,Terres humides,Dioxyde de carbone,2
34,pol9,2015,0.150545063744927,Terres humides,Dioxyde de carbone,2
34,pol9,2016,0.165147157220212,Terres humides,Dioxyde de carbone,2
34,pol9,2017,0.153974583215009,Terres humides,Dioxyde de carbone,2
34,pol9,2018,0.157324228528582,Terres humides,Dioxyde de carbone,2
34,pol9,2019,0.1511197583264,Terres humides,Dioxyde de carbone,2
34,pol9,2020,0.147126351340752,Terres humides,Dioxyde de carbone,2
34,pol9,2021,0.143451559164778,Terres humides,Dioxyde de carbone,2
34,pol9,2022,0.158517829651689,Terres humides,Dioxyde de carbone,2
34,pol9,2023,0.140981319774002,Terres humides,Dioxyde de carbone,2
34,pol9,2024,0.142319050733995,Terres humides,Dioxyde de carbone,2
34,test1,1990,0.157751310091667,Terres humides,Tous les gaz à effet de serre,2
34,test1,1991,0.152198156547667,Terres humides,Tous les gaz à effet de serre,2
34,test1,1992,0.149763039085667,Terres humides,Tous les gaz à effet de serre,2
34,test1,1993,0.159556022731257,Terres humides,Tous les gaz à effet de serre,2
34,test1,1994,0.165522208649928,Terres humides,Tous les gaz à effet de serre,2
34,test1,1995,0.172535253477369,Terres humides,Tous les gaz à effet de serre,2
34,test1,1996,0.170884641031041,Terres humides,Tous les gaz à effet de serre,2
34,test1,1997,0.173233933827521,Terres humides,Tous les gaz à effet de serre,2
34,test1,1998,0.178569635870178,Terres humides,Tous les gaz à effet de serre,2
34,test1,1999,0.177152177514602,Terres humides,Tous les gaz à effet de serre,2
34,test1,2000,0.177343350687845,Terres humides,Tous les gaz à effet de serre,2
34,test1,2001,0.172418497545395,Terres humides,Tous les gaz à effet de serre,2
34,test1,2002,0.172993666707621,Terres humides,Tous les gaz à effet de serre,2
34,test1,2003,0.178827526467113,Terres humides,Tous les gaz à effet de serre,2
34,test1,2004,0.174751968334899,Terres humides,Tous les gaz à effet de serre,2
34,test1,2005,0.175598362187241,Terres humides,Tous les gaz à effet de serre,2
34,test1,2006,0.180027436643355,Terres humides,Tous les gaz à effet de serre,2
34,test1,2007,0.170179319515508,Terres humides,Tous les gaz à effet de serre,2
34,test1,2008,0.185128312293481,Terres humides,Tous les gaz à effet de serre,2
34,test1,2009,0.184335677451983,Terres humides,Tous les gaz à effet de serre,2
34,test1,2010,0.184429636781928,Terres humides,Tous les gaz à effet de serre,2
34,test1,2011,0.17068029605578,Terres humides,Tous les gaz à effet de serre,2
34,test1,2012,0.187603218579532,Terres humides,Tous les gaz à effet de serre,2
34,test1,2013,0.184314798591449,Terres humides,Tous les gaz à effet de serre,2
34,test1,2014,0.171426264973058,Terres humides,Tous les gaz à effet de serre,2
34,test1,2015,0.167435081999927,Terres humides,Tous les gaz à effet de serre,2
34,test1,2016,0.182958999440212,Terres humides,Tous les gaz à effet de serre,2
34,test1,2017,0.170949611880009,Terres humides,Tous les gaz à effet de serre,2
34,test1,2018,0.174615578683582,Terres humides,Tous les gaz à effet de serre,2
34,test1,2019,0.1680035633649,Terres humides,Tous les gaz à effet de serre,2
34,test1,2020,0.164080366253052,Terres humides,Tous les gaz à effet de serre,2
34,test1,2021,0.159888535831278,Terres humides,Tous les gaz à effet de serre,2
34,test1,2022,0.176047774067189,Terres humides,Tous les gaz à effet de serre,2
34,test1,2023,0.157456283914107,Terres humides,Tous les gaz à effet de serre,2
34,test1,2024,0.158862286574205,Terres humides,Tous les gaz à effet de serre,2
35,pol11,1990,0.0,Établissements,Méthane,2
35,pol11,1991,0.0,Établissements,Méthane,2
35,pol11,1992,0.0,Établissements,Méthane,2
35,pol11,1993,0.0,Établissements,Méthane,2
35,pol11,1994,0.0,Établissements,Méthane,2
35,pol11,1995,0.0,Établissements,Méthane,2
35,pol11,1996,0.0,Établissements,Méthane,2
35,pol11,1997,0.0,Établissements,Méthane,2
35,pol11,1998,0.0,Établissements,Méthane,2
35,pol11,1999,0.0,Établissements,Méthane,2
35,pol11,2000,0.0,Établissements,Méthane,2
35,pol11,2001,0.0,Établissements,Méthane,2
35,pol11,2002,0.0,Établissements,Méthane,2
35,pol11,2003,0.0,Établissements,Méthane,2
35,pol11,2004,0.0,Établissements,Méthane,2
35,pol11,2005,0.0,Établissements,Méthane,2
35,pol11,2006,0.0,Établissements,Méthane,2
35,pol11,2007,0.0,Établissements,Méthane,2
35,pol11,2008,0.0,Établissements,Méthane,2
35,pol11,2009,0.0,Établissements,Méthane,2
35,pol11,2010,0.0,Établissements,Méthane,2
35,pol11,2011,0.0,Établissements,Méthane,2
35,pol11,2012,0.0,Établissements,Méthane,2
35,pol11,2013,0.0,Établissements,Méthane,2
35,pol11,2014,0.0,Établissements,Méthane,2
35,pol11,2015,0.0,Établissements,Méthane,2
35,pol11,2016,0.0,Établissements,Méthane,2
35,pol11,2017,0.0,Établissements,Méthane,2
35,pol11,2018,0.0,Établissements,Méthane,2
35,pol11,2019,0.0,Établissements,Méthane,2
35,pol11,2020,0.0,Établissements,Méthane,2
35,pol11,2021,0.0,Établissements,Méthane,2
35,pol11,2022,0.0,Établissements,Méthane,2
35,pol11,2023,0.0,Établissements,Méthane,2
35,pol11,2024,0.0,Établissements,Méthane,2
35,pol12,1990,0.0121381725455,Établissements,Oxyde nitreux,2
35,pol12,1991,0.012779102038877,Établissements,Oxyde nitreux,2
35,pol12,1992,0.013186061796877,Établissements,Oxyde nitreux,2
35,pol12,1993,0.013095878984377,Établissements,Oxyde nitreux,2
35,pol12,1994,0.01329271725482,Établissements,Oxyde nitreux,2
35,pol12,1995,0.01375906507685,Établissements,Oxyde nitreux,2
35,pol12,1996,0.013570230664,Établissements,Oxyde nitreux,2
35,pol12,1997,0.01321241568865,Établissements,Oxyde nitreux,2
35,pol12,1998,0.0132454610853,Établissements,Oxyde nitreux,2
35,pol12,1999,0.01377410411835,Établissements,Oxyde nitreux,2
35,pol12,2000,0.0134665133369,Établissements,Oxyde nitreux,2
35,pol12,2001,0.012748638497,Établissements,Oxyde nitreux,2
35,pol12,2002,0.0132587376701,Établissements,Oxyde nitreux,2
35,pol12,2003,0.01283524014455,Établissements,Oxyde nitreux,2
35,pol12,2004,0.0127473443483,Établissements,Oxyde nitreux,2
35,pol12,2005,0.0130679260525,Établissements,Oxyde nitreux,2
35,pol12,2006,0.0128367444515,Établissements,Oxyde nitreux,2
35,pol12,2007,0.0126991756375,Établissements,Oxyde nitreux,2
35,pol12,2008,0.0135038099245,Établissements,Oxyde nitreux,2
35,pol12,2009,0.0132586967965,Établissements,Oxyde nitreux,2
35,pol12,2010,0.013436430892,Établissements,Oxyde nitreux,2
35,pol12,2011,0.0132437723145,Établissements,Oxyde nitreux,2
35,pol12,2012,0.0131497450145,Établissements,Oxyde nitreux,2
35,pol12,2013,0.012485526463,Établissements,Oxyde nitreux,2
35,pol12,2014,0.0126368000965,Établissements,Oxyde nitreux,2
35,pol12,2015,0.0120005645645,Établissements,Oxyde nitreux,2
35,pol12,2016,0.013292454908,Établissements,Oxyde nitreux,2
35,pol12,2017,0.012200880794,Établissements,Oxyde nitreux,2
35,pol12,2018,0.0133298212065,Établissements,Oxyde nitreux,2
35,pol12,2019,0.011251451037,Établissements,Oxyde nitreux,2
35,pol12,2020,0.0109068931875,Établissements,Oxyde nitreux,2
35,pol12,2021,0.0107603146385,Établissements,Oxyde nitreux,2
35,pol12,2022,0.0104147578715,Établissements,Oxyde nitreux,2
35,pol12,2023,0.0098693422915,Établissements,Oxyde nitreux,2
35,pol12,2024,0.0109004019065,Établissements,Oxyde nitreux,2
35,pol9,1990,0.145166870431,Établissements,Dioxyde de carbone,2
35,pol9,1991,0.162307474867817,Établissements,Dioxyde de carbone,2
35,pol9,1992,0.178587871800937,Établissements,Dioxyde de carbone,2
35,pol9,1993,0.183026899362393,Établissements,Dioxyde de carbone,2
35,pol9,1994,0.189148971640592,Établissements,Dioxyde de carbone,2
35,pol9,1995,0.203116364672066,Établissements,Dioxyde de carbone,2
35,pol9,1996,0.185035735826939,Établissements,Dioxyde de carbone,2
35,pol9,1997,0.180983818448411,Établissements,Dioxyde de carbone,2
35,pol9,1998,0.191956622042481,Établissements,Dioxyde de carbone,2
35,pol9,1999,0.192877314130981,Établissements,Dioxyde de carbone,2
35,pol9,2000,0.217138511616568,Établissements,Dioxyde de carbone,2
35,pol9,2001,0.186776199088305,Établissements,Dioxyde de carbone,2
35,pol9,2002,0.204911055105984,Établissements,Dioxyde de carbone,2
35,pol9,2003,0.178939771185928,Établissements,Dioxyde de carbone,2
35,pol9,2004,0.187656070957942,Établissements,Dioxyde de carbone,2
35,pol9,2005,0.20804340801758,Établissements,Dioxyde de carbone,2
35,pol9,2006,0.182516017950869,Établissements,Dioxyde de carbone,2
35,pol9,2007,0.197453141253105,Établissements,Dioxyde de carbone,2
35,pol9,2008,0.168192949878495,Établissements,Dioxyde de carbone,2
35,pol9,2009,0.168510050920164,Établissements,Dioxyde de carbone,2
35,pol9,2010,0.182196151309878,Établissements,Dioxyde de carbone,2
35,pol9,2011,0.168553313143085,Établissements,Dioxyde de carbone,2
35,pol9,2012,0.178198363640099,Établissements,Dioxyde de carbone,2
35,pol9,2013,0.173425215199728,Établissements,Dioxyde de carbone,2
35,pol9,2014,0.155395795379289,Établissements,Dioxyde de carbone,2
35,pol9,2015,0.149821747093451,Établissements,Dioxyde de carbone,2
35,pol9,2016,0.143731879509625,Établissements,Dioxyde de carbone,2
35,pol9,2017,0.161454237589341,Établissements,Dioxyde de carbone,2
35,pol9,2018,0.138111532887231,Établissements,Dioxyde de carbone,2
35,pol9,2019,0.135837627168061,Établissements,Dioxyde de carbone,2
35,pol9,2020,0.120321963617956,Établissements,Dioxyde de carbone,2
35,pol9,2021,0.129193797204829,Établissements,Dioxyde de carbone,2
35,pol9,2022,0.0782488819022469,Établissements,Dioxyde de carbone,2
35,pol9,2023,0.0970093009607746,Établissements,Dioxyde de carbone,2
35,pol9,2024,0.064562395180213,Établissements,Dioxyde de carbone,2
35,test1,1990,0.1573050429765,Établissements,Tous les gaz à effet de serre,2
35,test1,1991,0.175086576906694,Établissements,Tous les gaz à effet de serre,2
35,test1,1992,0.191773933597814,Établissements,Tous les gaz à effet de serre,2
35,test1,1993,0.19612277834677,Établissements,Tous les gaz à effet de serre,2
35,test1,1994,0.202441688895412,Établissements,Tous les gaz à effet de serre,2
35,test1,1995,0.216875429748916,Établissements,Tous les gaz à effet de serre,2
35,test1,1996,0.198605966490939,Établissements,Tous les gaz à effet de serre,2
35,test1,1997,0.194196234137061,Établissements,Tous les gaz à effet de serre,2
35,test1,1998,0.205202083127781,Établissements,Tous les gaz à effet de serre,2
35,test1,1999,0.206651418249331,Établissements,Tous les gaz à effet de serre,2
35,test1,2000,0.230605024953468,Établissements,Tous les gaz à effet de serre,2
35,test1,2001,0.199524837585305,Établissements,Tous les gaz à effet de serre,2
35,test1,2002,0.218169792776084,Établissements,Tous les gaz à effet de serre,2
35,test1,2003,0.191775011330478,Établissements,Tous les gaz à effet de serre,2
35,test1,2004,0.200403415306242,Établissements,Tous les gaz à effet de serre,2
35,test1,2005,0.22111133407008,Établissements,Tous les gaz à effet de serre,2
35,test1,2006,0.195352762402369,Établissements,Tous les gaz à effet de serre,2
35,test1,2007,0.210152316890605,Établissements,Tous les gaz à effet de serre,2
35,test1,2008,0.181696759802995,Établissements,Tous les gaz à effet de serre,2
35,test1,2009,0.181768747716664,Établissements,Tous les gaz à effet de serre,2
35,test1,2010,0.195632582201878,Établissements,Tous les gaz à effet de serre,2
35,test1,2011,0.181797085457585,Établissements,Tous les gaz à effet de serre,2
35,test1,2012,0.191348108654599,Établissements,Tous les gaz à effet de serre,2
35,test1,2013,0.185910741662728,Établissements,Tous les gaz à effet de serre,2
35,test1,2014,0.168032595475789,Établissements,Tous les gaz à effet de serre,2
35,test1,2015,0.161822311657951,Établissements,Tous les gaz à effet de serre,2
35,test1,2016,0.157024334417625,Établissements,Tous les gaz à effet de serre,2
35,test1,2017,0.173655118383341,Établissements,Tous les gaz à effet de serre,2
35,test1,2018,0.151441354093731,Établissements,Tous les gaz à effet de serre,2
35,test1,2019,0.147089078205061,Établissements,Tous les gaz à effet de serre,2
35,test1,2020,0.131228856805456,Établissements,Tous les gaz à effet de serre,2
35,test1,2021,0.139954111843329,Établissements,Tous les gaz à effet de serre,2
35,test1,2022,0.0886636397737469,Établissements,Tous les gaz à effet de serre,2
35,test1,2023,0.106878643252275,Établissements,Tous les gaz à effet de serre,2
35,test1,2024,0.075462797086713,Établissements,Tous les gaz à effet de serre,2
36,pol11,1990,0.0,Autres terres,Méthane,2
36,pol11,1991,0.0,Autres terres,Méthane,2
36,pol11,1992,0.0,Autres terres,Méthane,2
36,pol11,1993,0.0,Autres terres,Méthane,2
36,pol11,1994,0.0,Autres terres,Méthane,2
36,pol11,1995,0.0,Autres terres,Méthane,2
36,pol11,1996,0.0,Autres terres,Méthane,2
36,pol11,1997,0.0,Autres terres,Méthane,2
36,pol11,1998,0.0,Autres terres,Méthane,2
36,pol11,1999,0.0,Autres terres,Méthane,2
36,pol11,2000,0.0,Autres terres,Méthane,2
36,pol11,2001,0.0,Autres terres,Méthane,2
36,pol11,2002,0.0,Autres terres,Méthane,2
36,pol11,2003,0.0,Autres terres,Méthane,2
36,pol11,2004,0.0,Autres terres,Méthane,2
36,pol11,2005,0.0,Autres terres,Méthane,2
36,pol11,2006,0.0,Autres terres,Méthane,2
36,pol11,2007,0.0,Autres terres,Méthane,2
36,pol11,2008,0.0,Autres terres,Méthane,2
36,pol11,2009,0.0,Autres terres,Méthane,2
36,pol11,2010,0.0,Autres terres,Méthane,2
36,pol11,2011,0.0,Autres terres,Méthane,2
36,pol11,2012,0.0,Autres terres,Méthane,2
36,pol11,2013,0.0,Autres terres,Méthane,2
36,pol11,2014,0.0,Autres terres,Méthane,2
36,pol11,2015,0.0,Autres terres,Méthane,2
36,pol11,2016,0.0,Autres terres,Méthane,2
36,pol11,2017,0.0,Autres terres,Méthane,2
36,pol11,2018,0.0,Autres terres,Méthane,2
36,pol11,2019,0.0,Autres terres,Méthane,2
36,pol11,2020,0.0,Autres terres,Méthane,2
36,pol11,2021,0.0,Autres terres,Méthane,2
36,pol11,2022,0.0,Autres terres,Méthane,2
36,pol11,2023,0.0,Autres terres,Méthane,2
36,pol11,2024,0.0,Autres terres,Méthane,2
36,pol12,1990,0.00408908409,Autres terres,Oxyde nitreux,2
36,pol12,1991,0.00422053787,Autres terres,Oxyde nitreux,2
36,pol12,1992,0.004303591255,Autres terres,Oxyde nitreux,2
36,pol12,1993,0.00436482772,Autres terres,Oxyde nitreux,2
36,pol12,1994,0.00436331563,Autres terres,Oxyde nitreux,2
36,pol12,1995,0.004321150685,Autres terres,Oxyde nitreux,2
36,pol12,1996,0.004223199,Autres terres,Oxyde nitreux,2
36,pol12,1997,0.004150845255,Autres terres,Oxyde nitreux,2
36,pol12,1998,0.00409758741,Autres terres,Oxyde nitreux,2
36,pol12,1999,0.004028938365,Autres terres,Oxyde nitreux,2
36,pol12,2000,0.00405173499,Autres terres,Oxyde nitreux,2
36,pol12,2001,0.00404842143,Autres terres,Oxyde nitreux,2
36,pol12,2002,0.0040916318,Autres terres,Oxyde nitreux,2
36,pol12,2003,0.004197489495,Autres terres,Oxyde nitreux,2
36,pol12,2004,0.004254032545,Autres terres,Oxyde nitreux,2
36,pol12,2005,0.00433289363,Autres terres,Oxyde nitreux,2
36,pol12,2006,0.00438906409,Autres terres,Oxyde nitreux,2
36,pol12,2007,0.00446477724,Autres terres,Oxyde nitreux,2
36,pol12,2008,0.00446254541,Autres terres,Oxyde nitreux,2
36,pol12,2009,0.00442046129,Autres terres,Oxyde nitreux,2
36,pol12,2010,0.0044219967,Autres terres,Oxyde nitreux,2
36,pol12,2011,0.00439062229,Autres terres,Oxyde nitreux,2
36,pol12,2012,0.00437412498,Autres terres,Oxyde nitreux,2
36,pol12,2013,0.00436923573,Autres terres,Oxyde nitreux,2
36,pol12,2014,0.00434199744,Autres terres,Oxyde nitreux,2
36,pol12,2015,0.004343259635,Autres terres,Oxyde nitreux,2
36,pol12,2016,0.004346934655,Autres terres,Oxyde nitreux,2
36,pol12,2017,0.00448168689,Autres terres,Oxyde nitreux,2
36,pol12,2018,0.00461897597,Autres terres,Oxyde nitreux,2
36,pol12,2019,0.00470770062,Autres terres,Oxyde nitreux,2
36,pol12,2020,0.00473574928,Autres terres,Oxyde nitreux,2
36,pol12,2021,0.00480654191,Autres terres,Oxyde nitreux,2
36,pol12,2022,0.00493153181,Autres terres,Oxyde nitreux,2
36,pol12,2023,0.00504222973,Autres terres,Oxyde nitreux,2
36,pol12,2024,0.005174638305,Autres terres,Oxyde nitreux,2
36,pol9,1990,0.0778996434150001,Autres terres,Dioxyde de carbone,2
36,pol9,1991,0.0717011968117501,Autres terres,Dioxyde de carbone,2
36,pol9,1992,0.0716048083400834,Autres terres,Dioxyde de carbone,2
36,pol9,1993,0.0728336570649723,Autres terres,Dioxyde de carbone,2
36,pol9,1994,0.0915835971682382,Autres terres,Dioxyde de carbone,2
36,pol9,1995,0.0906388118497885,Autres terres,Dioxyde de carbone,2
36,pol9,1996,0.0809855506334303,Autres terres,Dioxyde de carbone,2
36,pol9,1997,0.0924210586757567,Autres terres,Dioxyde de carbone,2
36,pol9,1998,0.0965645520184914,Autres terres,Dioxyde de carbone,2
36,pol9,1999,0.085165629463945,Autres terres,Dioxyde de carbone,2
36,pol9,2000,0.0832801978937231,Autres terres,Dioxyde de carbone,2
36,pol9,2001,0.0961843109058304,Autres terres,Dioxyde de carbone,2
36,pol9,2002,0.101186116801978,Autres terres,Dioxyde de carbone,2
36,pol9,2003,0.0963498236320548,Autres terres,Dioxyde de carbone,2
36,pol9,2004,0.0815626367480283,Autres terres,Dioxyde de carbone,2
36,pol9,2005,0.0922940205660689,Autres terres,Dioxyde de carbone,2
36,pol9,2006,0.0946461437322531,Autres terres,Dioxyde de carbone,2
36,pol9,2007,0.102833100749192,Autres terres,Dioxyde de carbone,2
36,pol9,2008,0.0950435091970002,Autres terres,Dioxyde de carbone,2
36,pol9,2009,0.089588929309909,Autres terres,Dioxyde de carbone,2
36,pol9,2010,0.0956268044643299,Autres terres,Dioxyde de carbone,2
36,pol9,2011,0.0834299607443452,Autres terres,Dioxyde de carbone,2
36,pol9,2012,0.095179381908523,Autres terres,Dioxyde de carbone,2
36,pol9,2013,0.0966386110623119,Autres terres,Dioxyde de carbone,2
36,pol9,2014,0.093384383680365,Autres terres,Dioxyde de carbone,2
36,pol9,2015,0.0915533382463077,Autres terres,Dioxyde de carbone,2
36,pol9,2016,0.0962842148361973,Autres terres,Dioxyde de carbone,2
36,pol9,2017,0.100733010187287,Autres terres,Dioxyde de carbone,2
36,pol9,2018,0.103023346846629,Autres terres,Dioxyde de carbone,2
36,pol9,2019,0.0967216512065829,Autres terres,Dioxyde de carbone,2
36,pol9,2020,0.0900418331349382,Autres terres,Dioxyde de carbone,2
36,pol9,2021,0.0857766216186802,Autres terres,Dioxyde de carbone,2
36,pol9,2022,0.097893372160757,Autres terres,Dioxyde de carbone,2
36,pol9,2023,0.0936696582587586,Autres terres,Dioxyde de carbone,2
36,pol9,2024,0.0950576985269095,Autres terres,Dioxyde de carbone,2
36,test1,1990,0.0819887275050001,Autres terres,Tous les gaz à effet de serre,2
36,test1,1991,0.07592173468175,Autres terres,Tous les gaz à effet de serre,2
36,test1,1992,0.0759083995950834,Autres terres,Tous les gaz à effet de serre,2
36,test1,1993,0.0771984847849723,Autres terres,Tous les gaz à effet de serre,2
36,test1,1994,0.0959469127982382,Autres terres,Tous les gaz à effet de serre,2
36,test1,1995,0.0949599625347884,Autres terres,Tous les gaz à effet de serre,2
36,test1,1996,0.0852087496334303,Autres terres,Tous les gaz à effet de serre,2
36,test1,1997,0.0965719039307567,Autres terres,Tous les gaz à effet de serre,2
36,test1,1998,0.100662139428491,Autres terres,Tous les gaz à effet de serre,2
36,test1,1999,0.089194567828945,Autres terres,Tous les gaz à effet de serre,2
36,test1,2000,0.0873319328837231,Autres terres,Tous les gaz à effet de serre,2
36,test1,2001,0.10023273233583,Autres terres,Tous les gaz à effet de serre,2
36,test1,2002,0.105277748601978,Autres terres,Tous les gaz à effet de serre,2
36,test1,2003,0.100547313127055,Autres terres,Tous les gaz à effet de serre,2
36,test1,2004,0.0858166692930283,Autres terres,Tous les gaz à effet de serre,2
36,test1,2005,0.0966269141960689,Autres terres,Tous les gaz à effet de serre,2
36,test1,2006,0.0990352078222531,Autres terres,Tous les gaz à effet de serre,2
36,test1,2007,0.107297877989192,Autres terres,Tous les gaz à effet de serre,2
36,test1,2008,0.0995060546070002,Autres terres,Tous les gaz à effet de serre,2
36,test1,2009,0.094009390599909,Autres terres,Tous les gaz à effet de serre,2
36,test1,2010,0.10004880116433,Autres terres,Tous les gaz à effet de serre,2
36,test1,2011,0.0878205830343452,Autres terres,Tous les gaz à effet de serre,2
36,test1,2012,0.099553506888523,Autres terres,Tous les gaz à effet de serre,2
36,test1,2013,0.101007846792312,Autres terres,Tous les gaz à effet de serre,2
36,test1,2014,0.097726381120365,Autres terres,Tous les gaz à effet de serre,2
36,test1,2015,0.0958965978813077,Autres terres,Tous les gaz à effet de serre,2
36,test1,2016,0.100631149491197,Autres terres,Tous les gaz à effet de serre,2
36,test1,2017,0.105214697077287,Autres terres,Tous les gaz à effet de serre,2
36,test1,2018,0.107642322816629,Autres terres,Tous les gaz à effet de serre,2
36,test1,2019,0.101429351826583,Autres terres,Tous les gaz à effet de serre,2
36,test1,2020,0.0947775824149382,Autres terres,Tous les gaz à effet de serre,2
36,test1,2021,0.0905831635286802,Autres terres,Tous les gaz à effet de serre,2
36,test1,2022,0.102824903970757,Autres terres,Tous les gaz à effet de serre,2
36,test1,2023,0.0987118879887586,Autres terres,Tous les gaz à effet de serre,2
36,test1,2024,0.10023233683191,Autres terres,Tous les gaz à effet de serre,2
37,pol11,1990,0.0,Produits ligneux,Méthane,2
37,pol11,1991,0.0,Produits ligneux,Méthane,2
37,pol11,1992,0.0,Produits ligneux,Méthane,2
37,pol11,1993,0.0,Produits ligneux,Méthane,2
37,pol11,1994,0.0,Produits ligneux,Méthane,2
37,pol11,1995,0.0,Produits ligneux,Méthane,2
37,pol11,1996,0.0,Produits ligneux,Méthane,2
37,pol11,1997,0.0,Produits ligneux,Méthane,2
37,pol11,1998,0.0,Produits ligneux,Méthane,2
37,pol11,1999,0.0,Produits ligneux,Méthane,2
37,pol11,2000,0.0,Produits ligneux,Méthane,2
37,pol11,2001,0.0,Produits ligneux,Méthane,2
37,pol11,2002,0.0,Produits ligneux,Méthane,2
37,pol11,2003,0.0,Produits ligneux,Méthane,2
37,pol11,2004,0.0,Produits ligneux,Méthane,2
37,pol11,2005,0.0,Produits ligneux,Méthane,2
37,pol11,2006,0.0,Produits ligneux,Méthane,2
37,pol11,2007,0.0,Produits ligneux,Méthane,2
37,pol11,2008,0.0,Produits ligneux,Méthane,2
37,pol11,2009,0.0,Produits ligneux,Méthane,2
37,pol11,2010,0.0,Produits ligneux,Méthane,2
37,pol11,2011,0.0,Produits ligneux,Méthane,2
37,pol11,2012,0.0,Produits ligneux,Méthane,2
37,pol11,2013,0.0,Produits ligneux,Méthane,2
37,pol11,2014,0.0,Produits ligneux,Méthane,2
37,pol11,2015,0.0,Produits ligneux,Méthane,2
37,pol11,2016,0.0,Produits ligneux,Méthane,2
37,pol11,2017,0.0,Produits ligneux,Méthane,2
37,pol11,2018,0.0,Produits ligneux,Méthane,2
37,pol11,2019,0.0,Produits ligneux,Méthane,2
37,pol11,2020,0.0,Produits ligneux,Méthane,2
37,pol11,2021,0.0,Produits ligneux,Méthane,2
37,pol11,2022,0.0,Produits ligneux,Méthane,2
37,pol11,2023,0.0,Produits ligneux,Méthane,2
37,pol11,2024,0.0,Produits ligneux,Méthane,2
37,pol12,1990,0.0,Produits ligneux,Oxyde nitreux,2
37,pol12,1991,0.0,Produits ligneux,Oxyde nitreux,2
37,pol12,1992,0.0,Produits ligneux,Oxyde nitreux,2
37,pol12,1993,0.0,Produits ligneux,Oxyde nitreux,2
37,pol12,1994,0.0,Produits ligneux,Oxyde nitreux,2
37,pol12,1995,0.0,Produits ligneux,Oxyde nitreux,2
37,pol12,1996,0.0,Produits ligneux,Oxyde nitreux,2
37,pol12,1997,0.0,Produits ligneux,Oxyde nitreux,2
37,pol12,1998,0.0,Produits ligneux,Oxyde nitreux,2
37,pol12,1999,0.0,Produits ligneux,Oxyde nitreux,2
37,pol12,2000,0.0,Produits ligneux,Oxyde nitreux,2
37,pol12,2001,0.0,Produits ligneux,Oxyde nitreux,2
37,pol12,2002,0.0,Produits ligneux,Oxyde nitreux,2
37,pol12,2003,0.0,Produits ligneux,Oxyde nitreux,2
37,pol12,2004,0.0,Produits ligneux,Oxyde nitreux,2
37,pol12,2005,0.0,Produits ligneux,Oxyde nitreux,2
37,pol12,2006,0.0,Produits ligneux,Oxyde nitreux,2
37,pol12,2007,0.0,Produits ligneux,Oxyde nitreux,2
37,pol12,2008,0.0,Produits ligneux,Oxyde nitreux,2
37,pol12,2009,0.0,Produits ligneux,Oxyde nitreux,2
37,pol12,2010,0.0,Produits ligneux,Oxyde nitreux,2
37,pol12,2011,0.0,Produits ligneux,Oxyde nitreux,2
37,pol12,2012,0.0,Produits ligneux,Oxyde nitreux,2
37,pol12,2013,0.0,Produits ligneux,Oxyde nitreux,2
37,pol12,2014,0.0,Produits ligneux,Oxyde nitreux,2
37,pol12,2015,0.0,Produits ligneux,Oxyde nitreux,2
37,pol12,2016,0.0,Produits ligneux,Oxyde nitreux,2
37,pol12,2017,0.0,Produits ligneux,Oxyde nitreux,2
37,pol12,2018,0.0,Produits ligneux,Oxyde nitreux,2
37,pol12,2019,0.0,Produits ligneux,Oxyde nitreux,2
37,pol12,2020,0.0,Produits ligneux,Oxyde nitreux,2
37,pol12,2021,0.0,Produits ligneux,Oxyde nitreux,2
37,pol12,2022,0.0,Produits ligneux,Oxyde nitreux,2
37,pol12,2023,0.0,Produits ligneux,Oxyde nitreux,2
37,pol12,2024,0.0,Produits ligneux,Oxyde nitreux,2
37,pol9,1990,-1.17295871,Produits ligneux,Dioxyde de carbone,2
37,pol9,1991,-0.776759610000001,Produits ligneux,Dioxyde de carbone,2
37,pol9,1992,-0.55685729,Produits ligneux,Dioxyde de carbone,2
37,pol9,1993,-0.459353876666667,Produits ligneux,Dioxyde de carbone,2
37,pol9,1994,-0.339825383333334,Produits ligneux,Dioxyde de carbone,2
37,pol9,1995,-0.447363216666667,Produits ligneux,Dioxyde de carbone,2
37,pol9,1996,-0.268186856666667,Produits ligneux,Dioxyde de carbone,2
37,pol9,1997,-0.237407096666667,Produits ligneux,Dioxyde de carbone,2
37,pol9,1998,-0.269585433333334,Produits ligneux,Dioxyde de carbone,2
37,pol9,1999,-0.357555513333334,Produits ligneux,Dioxyde de carbone,2
37,pol9,2000,-0.704127196666667,Produits ligneux,Dioxyde de carbone,2
37,pol9,2001,-0.409170813333334,Produits ligneux,Dioxyde de carbone,2
37,pol9,2002,-0.278722033333334,Produits ligneux,Dioxyde de carbone,2
37,pol9,2003,-0.34954414,Produits ligneux,Dioxyde de carbone,2
37,pol9,2004,-0.520081540000001,Produits ligneux,Dioxyde de carbone,2
37,pol9,2005,-0.625078483333334,Produits ligneux,Dioxyde de carbone,2
37,pol9,2006,-0.38622441,Produits ligneux,Dioxyde de carbone,2
37,pol9,2007,-0.677355323333334,Produits ligneux,Dioxyde de carbone,2
37,pol9,2008,-0.296716676666667,Produits ligneux,Dioxyde de carbone,2
37,pol9,2009,-0.294278893333334,Produits ligneux,Dioxyde de carbone,2
37,pol9,2010,-0.347225266666667,Produits ligneux,Dioxyde de carbone,2
37,pol9,2011,-0.263501993333333,Produits ligneux,Dioxyde de carbone,2
37,pol9,2012,-0.0705965700000001,Produits ligneux,Dioxyde de carbone,2
37,pol9,2013,0.124929016666667,Produits ligneux,Dioxyde de carbone,2
37,pol9,2014,-0.06054202,Produits ligneux,Dioxyde de carbone,2
37,pol9,2015,-0.0472731599999998,Produits ligneux,Dioxyde de carbone,2
37,pol9,2016,-0.00233870999999996,Produits ligneux,Dioxyde de carbone,2
37,pol9,2017,-0.0160481933333334,Produits ligneux,Dioxyde de carbone,2
37,pol9,2018,-0.0764586533333334,Produits ligneux,Dioxyde de carbone,2
37,pol9,2019,0.04672393,Produits ligneux,Dioxyde de carbone,2
37,pol9,2020,-0.0381879666666668,Produits ligneux,Dioxyde de carbone,2
37,pol9,2021,-0.161424156666667,Produits ligneux,Dioxyde de carbone,2
37,pol9,2022,-0.0583058300000001,Produits ligneux,Dioxyde de carbone,2
37,pol9,2023,0.0320597200000001,Produits ligneux,Dioxyde de carbone,2
37,pol9,2024,-0.0458295933333334,Produits ligneux,Dioxyde de carbone,2
37,test1,1990,-1.17295871,Produits ligneux,Tous les gaz à effet de serre,2
37,test1,1991,-0.776759610000001,Produits ligneux,Tous les gaz à effet de serre,2
37,test1,1992,-0.55685729,Produits ligneux,Tous les gaz à effet de serre,2
37,test1,1993,-0.459353876666667,Produits ligneux,Tous les gaz à effet de serre,2
37,test1,1994,-0.339825383333334,Produits ligneux,Tous les gaz à effet de serre,2
37,test1,1995,-0.447363216666667,Produits ligneux,Tous les gaz à effet de serre,2
37,test1,1996,-0.268186856666667,Produits ligneux,Tous les gaz à effet de serre,2
37,test1,1997,-0.237407096666667,Produits ligneux,Tous les gaz à effet de serre,2
37,test1,1998,-0.269585433333334,Produits ligneux,Tous les gaz à effet de serre,2
37,test1,1999,-0.357555513333334,Produits ligneux,Tous les gaz à effet de serre,2
37,test1,2000,-0.704127196666667,Produits ligneux,Tous les gaz à effet de serre,2
37,test1,2001,-0.409170813333334,Produits ligneux,Tous les gaz à effet de serre,2
37,test1,2002,-0.278722033333334,Produits ligneux,Tous les gaz à effet de serre,2
37,test1,2003,-0.34954414,Produits ligneux,Tous les gaz à effet de serre,2
37,test1,2004,-0.520081540000001,Produits ligneux,Tous les gaz à effet de serre,2
37,test1,2005,-0.625078483333334,Produits ligneux,Tous les gaz à effet de serre,2
37,test1,2006,-0.38622441,Produits ligneux,Tous les gaz à effet de serre,2
37,test1,2007,-0.677355323333334,Produits ligneux,Tous les gaz à effet de serre,2
37,test1,2008,-0.296716676666667,Produits ligneux,Tous les gaz à effet de serre,2
37,test1,2009,-0.294278893333334,Produits ligneux,Tous les gaz à effet de serre,2
37,test1,2010,-0.347225266666667,Produits ligneux,Tous les gaz à effet de serre,2
37,test1,2011,-0.263501993333333,Produits ligneux,Tous les gaz à effet de serre,2
37,test1,2012,-0.0705965700000001,Produits ligneux,Tous les gaz à effet de serre,2
37,test1,2013,0.124929016666667,Produits ligneux,Tous les gaz à effet de serre,2
37,test1,2014,-0.06054202,Produits ligneux,Tous les gaz à effet de serre,2
37,test1,2015,-0.0472731599999998,Produits ligneux,Tous les gaz à effet de serre,2
37,test1,2016,-0.00233870999999996,Produits ligneux,Tous les gaz à effet de serre,2
37,test1,2017,-0.0160481933333334,Produits ligneux,Tous les gaz à effet de serre,2
37,test1,2018,-0.0764586533333334,Produits ligneux,Tous les gaz à effet de serre,2
37,test1,2019,0.04672393,Produits ligneux,Tous les gaz à effet de serre,2
37,test1,2020,-0.0381879666666668,Produits ligneux,Tous les gaz à effet de serre,2
37,test1,2021,-0.161424156666667,Produits ligneux,Tous les gaz à effet de serre,2
37,test1,2022,-0.0583058300000001,Produits ligneux,Tous les gaz à effet de serre,2
37,test1,2023,0.0320597200000001,Produits ligneux,Tous les gaz à effet de serre,2
37,test1,2024,-0.0458295933333334,Produits ligneux,Tous les gaz à effet de serre,2
