station,annee,temp_moy,temp_anomalie,temp_max_moy,temp_min_moy,temp_max_abs,temp_min_abs,jours_ete,jours_chaleur,jours_canicule,nuits_tropicales,jours_gel,jours_hiver,precip,precip_pct_norme,ensoleillement,ensoleillement_pct_norme
ALT,1864,7.5,-2.7,,,,,,,,,,,975.8,82.0,,
ALT,1865,8.9,-1.3,,,,,,,,,,,875.9,74.0,,
ALT,1866,9.0,-1.2,,,,,,,,,,,1308.4,110.0,,
ALT,1867,8.6,-1.6,,,,,,,,,,,1279.3,108.0,,
ALT,1868,9.2,-1.0,,,,,,,,,,,1254.7,106.0,,
ALT,1869,8.6,-1.6,,,,,,,,,,,1182.7,100.0,,
ALT,1870,8.0,-2.2,,,,,,,,,,,1042.6,88.0,,
ALT,1871,7.3,-2.9,,,,,,,,,,,995.8,84.0,,
ALT,1872,9.5,-0.7,,,,,,,,,,,1370.3,116.0,,
ALT,1873,8.8,-1.4,,,,,,,,,,,1132.7,96.0,,
ALT,1874,8.2,-2.0,,,,,,,,,,,1252.4,106.0,,
ALT,1875,8.2,-2.0,,,,,,,,,,,1163.9,98.0,,
ALT,1876,8.7,-1.5,,,,,,,,,,,1297.3,109.0,,
ALT,1877,8.8,-1.4,,,,,,,,,,,1338.6,113.0,,
ALT,1878,8.0,-2.2,,,,,,,,,,,1288.7,109.0,,
ALT,1879,7.4,-2.8,,,,,,,,,,,1234.5,104.0,,
ALT,1880,8.6,-1.6,,,,,,,,,,,1126.6,95.0,,
ALT,1881,8.3,-1.9,,,,,,,,,,,1132.2,95.0,,
ALT,1882,8.2,-2.0,,,,,,,,,,,1425.4,120.0,,
ALT,1883,8.1,-2.1,,,,,,,,,,,1005.2,85.0,,
ALT,1884,8.7,-1.5,,,,,,,,,,,868.6,73.0,,
ALT,1885,8.5,-1.7,,,,,,,,,,,1130.5,95.0,,
ALT,1886,8.6,-1.6,,,,,,,,,,,1229.6,104.0,,
ALT,1887,7.3,-2.9,,,,,,,,,,,1005.9,85.0,,
ALT,1888,7.8,-2.4,,,,,,,,,,,1176.2,99.0,,
ALT,1889,7.4,-2.8,,,,,,,,,,,1183.6,100.0,,
ALT,1890,7.6,-2.6,,,,,,,,,,,1114.2,94.0,,
ALT,1891,7.5,-2.7,,,,,,,,,,,1297.0,109.0,,
ALT,1892,8.4,-1.8,,,,,,,,,,,1168.8,99.0,,
ALT,1893,8.6,-1.6,,,,,,,,,,,1003.9,85.0,,
ALT,1894,8.3,-1.9,,,,,,,,,,,962.0,81.0,,
ALT,1895,8.3,-1.9,,,,,,,,,,,962.9,81.0,,
ALT,1896,7.7,-2.5,,,,,,,,,,,1411.2,119.0,,
ALT,1897,8.8,-1.4,,,,,,,,,,,1224.5,103.0,,
ALT,1898,8.7,-1.5,,,,,,,,,,,1283.2,108.0,,
ALT,1899,8.9,-1.3,,,,,,,,,,,1002.7,85.0,,
ALT,1900,9.0,-1.2,,,,,,,,,,,1179.3,99.0,,
ALT,1901,8.2,-2.0,,,,,,,,,,,1241.4,105.0,,
ALT,1902,8.3,-1.9,,,,,,,,,,,1016.8,86.0,,
ALT,1903,8.6,-1.6,,,,,,,,,,,992.5,84.0,,
ALT,1904,9.1,-1.1,,,,,,,,,,,951.6,80.0,,
ALT,1905,8.3,-1.9,,,,,,,,,,,1207.5,102.0,,
ALT,1906,8.3,-1.9,,,,,,,,,,,1057.3,89.0,,
ALT,1907,8.5,-1.7,,,,,,,,,,,1108.8,93.0,,
ALT,1908,8.0,-2.2,,,,,,,,,,,987.3,83.0,,
ALT,1909,7.8,-2.4,,3.1,,,,,,,,,1077.7,91.0,,
ALT,1910,8.6,-1.6,,3.7,,,,,,,,,1356.9,114.0,,
ALT,1911,9.3,-0.9,,4.0,,,,,,,,,963.9,81.0,,
ALT,1912,8.5,-1.7,,3.7,,,,,,,,,1212.5,102.0,,
ALT,1913,8.9,-1.3,,3.9,,,,,,,,,1191.6,100.0,,
ALT,1914,8.4,-1.8,,3.5,,,,,,,,,1358.8,115.0,,
ALT,1915,8.4,-1.8,,3.7,,,,,,,,,1088.9,92.0,,
ALT,1916,9.0,-1.2,,4.0,,,,,,,,,1269.6,107.0,,
ALT,1917,7.9,-2.3,,3.1,,,,,,,,,1129.0,95.0,,
ALT,1918,8.7,-1.5,,3.7,,,,,,,,,1233.0,104.0,,
ALT,1919,8.0,-2.2,,3.1,,,,,,,,,1031.1,87.0,,
ALT,1920,9.4,-0.8,,4.6,,,,,,,,,661.8,56.0,,
ALT,1921,9.4,-0.8,,4.4,,,,,,,,,776.1,65.0,,
ALT,1922,8.1,-2.1,,3.3,,,,,,,,,1474.2,124.0,,
ALT,1923,9.0,-1.2,,4.1,,,,,,,,,1129.2,95.0,,
ALT,1924,8.2,-2.0,,3.4,,,,,,,,,1097.1,93.0,,
ALT,1925,8.6,-1.6,,3.7,,,,,,,,,1006.0,85.0,,
ALT,1926,9.5,-0.7,,4.4,,,,,,,,,1171.1,99.0,,
ALT,1927,9.0,-1.2,,4.1,,,,,,,,,1236.4,104.0,,
ALT,1928,9.4,-0.8,,4.3,,,,,,,,,1315.1,111.0,,
ALT,1929,8.5,-1.7,,3.4,,,,,,,,,943.0,80.0,,
ALT,1930,9.8,-0.4,,4.7,,,,,,,,,1187.2,100.0,,
ALT,1931,8.1,-2.1,,3.3,,,,,,,,,1087.4,92.0,,
ALT,1932,8.6,-1.6,,3.8,,,,,,,,,1000.4,84.0,,
ALT,1933,8.3,-1.9,,3.5,,,,,,,,,1161.8,98.0,,
ALT,1934,9.5,-0.7,,4.4,,,,,,,,,971.7,82.0,,
ALT,1935,8.9,-1.3,,3.9,,,,,,,,,1469.4,124.0,,
ALT,1936,9.2,-1.0,,4.4,,,,,,,,,1089.5,92.0,,
ALT,1937,9.3,-0.9,,4.7,,,,,,,,,1200.7,101.0,,
ALT,1938,8.6,-1.6,,3.7,,,,,,,,,967.7,82.0,,
ALT,1939,8.6,-1.6,,4.1,,,,,,,,,1328.0,112.0,,
ALT,1940,7.7,-2.5,,3.1,,,,,,,,,1299.0,110.0,,
ALT,1941,8.3,-1.9,,3.4,,,,,,,,,971.6,82.0,,
ALT,1942,8.8,-1.4,,3.9,,,,,,,,,951.2,80.0,,
ALT,1943,9.8,-0.4,,4.8,,,,,,,,,837.9,71.0,,
ALT,1944,8.5,-1.7,,3.8,,,,,,,,,1162.0,98.0,,
ALT,1945,9.1,-1.1,,4.2,,,,,,,,,1303.8,110.0,,
ALT,1946,9.3,-0.9,,4.5,,,,,,,,,958.0,81.0,,
ALT,1947,10.0,-0.2,,4.9,,,,,,,,,1024.6,86.0,,
ALT,1948,9.6,-0.6,,4.6,,,,,,,,,985.4,83.0,,
ALT,1949,9.6,-0.6,,4.6,,,,,,,,,889.5,75.0,,
ALT,1950,9.6,-0.6,,4.8,,,,,,,,,1163.4,98.0,,
ALT,1951,9.4,-0.8,,4.8,,,,,,,,,1240.1,105.0,,
ALT,1952,9.1,-1.1,,4.4,,,,,,,,,1238.8,104.0,,
ALT,1953,9.1,-1.1,13.8,4.4,,,,,,,,,892.7,75.0,,
ALT,1954,8.4,-1.8,12.9,4.0,,,,,,,,,1351.8,114.0,,
ALT,1955,8.6,-1.6,13.0,4.3,,,,,,,,,1132.7,96.0,,
ALT,1956,7.6,-2.6,12.1,3.2,,,,,,,,,1158.0,98.0,,
ALT,1957,8.9,-1.3,13.4,4.5,,,,,,,,,1025.0,86.0,,
ALT,1958,8.9,-1.3,13.1,4.6,,,,,,,,,1288.7,109.0,,
ALT,1959,9.8,-0.4,14.1,4.9,29.5,-8.6,26.0,0.0,,0.0,93.0,6.0,934.6,79.0,1411.5166666666667,103.0
ALT,1960,9.5,-0.7,13.7,4.8,29.3,-15.2,15.0,0.0,,0.0,76.0,11.0,1237.9,104.0,1276.0666666666666,93.0
ALT,1961,9.9,-0.3,14.3,5.4,30.3,-10.6,23.0,1.0,,0.0,88.0,13.0,1049.0,88.0,1450.4166666666667,105.0
ALT,1962,8.5,-1.7,12.6,3.8,31.3,-14.1,31.0,1.0,,0.0,115.0,19.0,978.3,82.0,1410.0,102.0
ALT,1963,8.1,-2.1,12.3,3.5,30.1,-19.8,19.0,1.0,,0.0,101.0,51.0,951.3,80.0,1297.0833333333333,94.0
ALT,1964,9.1,-1.1,13.0,4.7,31.4,-10.8,38.0,3.0,,1.0,95.0,27.0,964.3,81.0,1296.1833333333334,94.0
ALT,1965,8.2,-2.0,12.4,3.7,31.6,-13.0,15.0,1.0,,0.0,100.0,13.0,1390.6,117.0,1135.25,82.0
ALT,1966,9.4,-0.8,13.7,4.8,28.8,-16.3,19.0,0.0,,1.0,91.0,10.0,1159.5,98.0,1251.8833333333334,91.0
ALT,1967,9.1,-1.1,13.6,4.3,31.5,-14.7,31.0,1.0,,0.0,96.0,18.0,1029.4,87.0,1379.05,100.0
ALT,1968,8.7,-1.5,12.9,4.1,29.2,-13.8,16.0,0.0,,0.0,105.0,13.0,1281.9,108.0,1283.2166666666667,93.0
ALT,1969,8.5,-1.7,12.8,3.9,30.6,-11.5,26.0,1.0,,0.0,108.0,30.0,1062.3,90.0,1294.7666666666667,94.0
ALT,1970,8.5,-1.7,12.6,4.0,29.1,-11.7,22.0,0.0,0.0,0.0,105.0,16.0,1287.0,109.0,1231.8833333333334,90.0
ALT,1971,8.6,-1.6,13.1,4.0,35.2,-15.9,30.0,2.0,1.0,0.0,115.0,28.0,869.7,73.0,1439.7666666666667,105.0
ALT,1972,8.6,-1.6,12.8,4.1,32.7,-7.6,17.0,3.0,0.0,0.0,87.0,13.0,960.2,81.0,1171.05,85.0
ALT,1973,8.5,-1.7,12.7,4.1,31.1,-15.8,29.0,1.0,0.0,0.0,138.0,13.0,1002.8,85.0,1233.6666666666667,90.0
ALT,1974,9.3,-0.9,13.6,4.7,29.5,-6.9,21.0,0.0,0.0,0.0,83.0,0.0,1108.7,93.0,1227.9333333333334,89.0
ALT,1975,9.0,-1.2,13.2,4.6,31.9,-7.1,31.0,2.0,0.0,1.0,104.0,12.0,1114.2,94.0,1299.7333333333333,94.0
ALT,1976,9.1,-1.1,13.5,4.5,29.8,-12.1,35.0,0.0,0.0,0.0,112.0,16.0,1037.0,87.0,1373.9666666666667,100.0
ALT,1977,9.2,-1.0,13.6,4.9,32.0,-8.9,12.0,1.0,0.0,0.0,83.0,8.0,1163.2,98.0,1131.2,82.0
ALT,1978,8.4,-1.8,12.9,4.0,28.8,-9.6,18.0,0.0,0.0,0.0,107.0,12.0,1118.1,94.0,1118.6,81.0
ALT,1979,8.8,-1.4,13.4,4.6,29.7,-13.2,24.0,0.0,0.0,0.0,94.0,9.0,1256.6,106.0,1190.6833333333334,87.0
ALT,1980,8.0,-2.2,12.2,4.1,30.4,-12.8,15.0,1.0,0.0,1.0,103.0,23.0,1047.8,88.0,1104.9666666666667,80.0
ALT,1981,8.7,-1.5,13.1,4.2,28.6,-13.0,31.0,0.0,0.0,1.0,100.0,17.0,1387.2,117.0,1160.9,84.0
ALT,1982,9.5,-0.7,14.2,5.0,30.3,-9.8,34.0,1.0,0.0,0.0,86.0,8.0,991.1,84.0,1298.2833333333333,94.0
ALT,1983,9.6,-0.6,14.1,4.8,33.6,-8.9,50.0,9.0,0.0,1.0,93.0,17.0,1059.9,89.0,1253.5,91.0
ALT,1984,8.8,-1.4,13.2,4.1,34.5,-9.4,18.0,4.0,0.0,1.0,111.0,8.0,1077.1,91.0,1241.6333333333334,90.0
ALT,1985,8.6,-1.6,13.2,4.0,32.6,-19.6,30.0,5.0,0.0,0.0,110.0,32.0,944.4,80.0,1302.15,95.0
ALT,1986,8.9,-1.3,13.4,4.4,33.7,-12.9,43.0,2.0,0.0,0.0,108.0,19.0,1193.4,101.0,1328.4666666666667,97.0
ALT,1987,8.7,-1.5,12.9,4.5,29.4,-17.8,29.0,0.0,0.0,0.0,100.0,28.0,1299.4,110.0,1092.2,79.0
ALT,1988,9.8,-0.4,14.3,5.3,31.0,-9.7,30.0,2.0,0.0,0.0,87.0,4.0,1201.3,101.0,1204.9666666666667,88.0
ALT,1989,9.5,-0.7,14.2,4.9,32.2,-7.3,29.0,1.0,0.0,0.0,81.0,9.0,986.7,83.0,1373.6,100.0
ALT,1990,9.7,-0.5,14.6,4.9,30.9,-12.5,36.0,2.0,0.0,1.0,88.0,13.0,1149.7,97.0,1382.95,100.0
ALT,1991,9.2,-1.0,13.6,4.5,30.8,-12.6,44.0,3.0,0.0,0.0,108.0,22.0,1161.1,98.0,1391.7333333333333,101.0
ALT,1992,9.7,-0.5,14.1,5.1,33.5,-10.8,46.0,6.0,0.0,0.0,96.0,15.0,1180.3,100.0,1253.2666666666667,91.0
ALT,1993,9.4,-0.8,13.8,4.9,32.4,-11.6,36.0,3.0,0.0,0.0,105.0,14.0,1252.9,106.0,1257.05,91.0
ALT,1994,10.8,0.6,15.1,6.0,31.6,-7.0,53.0,9.0,0.0,0.0,70.0,3.0,1227.8,104.0,1268.5333333333333,92.0
ALT,1995,9.5,-0.7,14.1,4.8,31.5,-13.9,34.0,5.0,0.0,0.0,103.0,11.0,1434.9,121.0,1325.6166666666666,96.0
ALT,1996,9.1,-1.1,13.2,4.8,29.0,-9.7,23.0,0.0,0.0,0.0,104.0,13.0,1128.3,95.0,1263.1166666666666,92.0
ALT,1997,9.9,-0.3,14.4,5.2,29.7,-8.3,35.0,0.0,0.0,0.0,90.0,9.0,1136.8,96.0,1371.6333333333334,100.0
ALT,1998,9.8,-0.4,14.3,5.2,31.7,-9.6,42.0,8.0,0.0,0.0,108.0,8.0,1045.1,88.0,1313.1666666666667,95.0
ALT,1999,9.7,-0.5,14.0,5.2,31.1,-13.0,35.0,3.0,0.0,0.0,96.0,14.0,1429.6,121.0,1273.8666666666666,93.0
ALT,2000,10.6,0.4,15.0,5.8,33.2,-11.3,47.0,4.0,0.0,2.0,74.0,4.0,1123.1,95.0,1357.7333333333333,99.0
ALT,2001,9.9,-0.3,14.3,5.4,31.2,-11.7,40.0,3.0,0.0,1.0,81.0,11.0,1337.2,113.0,1332.6,97.0
ALT,2002,10.6,0.4,14.9,6.0,33.0,-11.8,32.0,5.0,0.0,0.0,50.0,11.0,1774.4,150.0,1327.0833333333333,96.0
ALT,2003,10.8,0.6,15.5,5.6,36.1,-11.9,86.0,21.0,2.0,3.0,97.0,20.0,872.4,74.0,1649.75,120.0
ALT,2004,9.7,-0.5,14.0,5.2,29.1,-7.2,36.0,0.0,0.0,0.0,95.0,7.0,1133.2,96.0,1325.55,96.0
ALT,2005,9.3,-0.9,13.7,4.6,31.8,-13.4,40.0,6.0,0.0,1.0,108.0,25.0,1072.1,90.0,1472.5,107.0
ALT,2006,10.1,-0.1,14.5,5.5,31.6,-12.3,54.0,12.0,0.0,1.0,100.0,19.0,1158.2,98.0,1330.3833333333334,97.0
ALT,2007,10.2,0.0,14.8,5.4,33.8,-8.5,36.0,3.0,0.0,1.0,82.0,16.0,1269.1,107.0,1460.9666666666667,106.0
ALT,2008,10.2,0.0,14.7,5.5,30.6,-7.2,43.0,3.0,0.0,1.0,94.0,2.0,1220.5,103.0,1338.7833333333333,97.0
ALT,2009,10.5,0.3,14.8,5.7,31.3,-12.3,47.0,1.0,0.0,1.0,90.0,17.0,1167.5,98.0,1379.7333333333333,100.0
ALT,2010,9.6,-0.6,13.7,5.0,33.0,-13.5,40.0,5.0,0.0,1.0,99.0,20.0,1152.7,97.0,1236.4333333333334,90.0
ALT,2011,10.7,0.5,15.4,5.7,32.6,-7.6,40.0,4.0,0.0,0.0,88.0,3.0,1009.2,85.0,1595.8166666666666,116.0
ALT,2012,10.2,0.0,14.6,5.6,32.8,-14.4,42.0,5.0,0.0,0.0,86.0,15.0,1192.3,101.0,1446.0,105.0
ALT,2013,9.7,-0.5,13.9,5.4,34.6,-14.3,43.0,8.0,0.0,3.0,97.0,9.0,1075.3,91.0,1272.8833333333334,92.0
ALT,2014,11.1,0.9,15.6,6.5,31.7,-7.2,23.0,3.0,0.0,0.0,53.0,1.0,1234.0,104.0,1360.1,99.0
ALT,2015,10.6,0.4,15.1,5.9,33.4,-8.9,56.0,16.0,0.0,2.0,89.0,2.0,908.5,77.0,1434.9,104.0
ALT,2016,10.5,0.3,14.9,6.0,31.7,-13.1,44.0,5.0,0.0,0.0,75.0,2.0,1168.0,98.0,1345.4333333333334,98.0
ALT,2017,10.4,0.2,15.2,5.8,34.5,-13.7,52.0,9.0,0.0,0.0,76.0,13.0,1267.2,107.0,1444.8666666666666,105.0
ALT,2018,11.6,1.4,16.2,6.7,32.1,-11.0,72.0,9.0,0.0,0.0,63.0,3.0,1126.8,95.0,1523.6833333333334,111.0
ALT,2019,10.9,0.7,15.5,6.2,34.2,-7.3,52.0,10.0,0.0,1.0,82.0,0.0,1183.1,100.0,1422.5166666666667,103.0
ALT,2020,10.8,0.6,15.6,5.8,31.5,-5.9,48.0,2.0,0.0,0.0,78.0,0.0,1138.0,96.0,1511.5333333333333,110.0
ALT,2021,9.9,-0.3,14.4,5.3,30.1,-8.5,35.0,1.0,0.0,0.0,84.0,8.0,1253.0,106.0,1346.3166666666666,98.0
ALT,2022,11.4,1.2,16.2,6.4,34.1,-7.4,65.0,9.0,0.0,1.0,77.0,2.0,1001.2,84.0,1601.9166666666667,116.0
ALT,2023,11.4,1.2,16.2,6.7,34.4,-8.0,65.0,13.0,0.0,0.0,62.0,1.0,1347.3,114.0,1416.35,103.0
ALT,2024,11.4,1.2,15.7,7.1,32.8,-7.6,54.0,6.0,0.0,1.0,58.0,3.0,1185.4,100.0,1180.7333333333333,86.0
ALT,2025,11.1,0.9,15.7,6.4,31.9,-7.8,52.0,10.0,0.0,0.0,66.0,0.0,1116.1,94.0,1437.0833333333333,104.0
ANT,1864,1.1,-2.8,,,,,,,,,,,,,,
ANT,1865,2.4,-1.5,,,,,,,,,,,,,,
ANT,1866,2.9,-1.0,,,,,,,,,,,,,,
ANT,1867,2.5,-1.4,,,,,,,,,,,,,,
ANT,1868,2.7,-1.2,,,,,,,,,,,,,,
ANT,1869,2.3,-1.6,,,,,,,,,,,,,,
ANT,1870,1.8,-2.1,,,,,,,,,,,,,,
ANT,1871,0.9,-3.0,,,,,,,,,,,,,,
ANT,1872,3.1,-0.8,,,,,,,,,,,,,,
ANT,1873,2.8,-1.1,,,,,,,,,,,,,,
ANT,1874,1.9,-2.0,,,,,,,,,,,,,,
ANT,1875,1.6,-2.3,,,,,,,,,,,,,,
ANT,1876,2.5,-1.4,,,,,,,,,,,,,,
ANT,1877,2.2,-1.7,,,,,,,,,,,,,,
ANT,1878,1.5,-2.4,,,,,,,,,,,,,,
ANT,1879,1.1,-2.8,,,,,,,,,,,,,,
ANT,1880,2.8,-1.1,,,,,,,,,,,,,,
ANT,1881,2.2,-1.7,,,,,,,,,,,1274.7,100.0,,
ANT,1882,2.2,-1.7,,,,,,,,,,,1483.4,116.0,,
ANT,1883,1.6,-2.3,,,,,,,,,,,1049.5,82.0,,
ANT,1884,2.2,-1.7,,,,,,,,,,,711.2,56.0,,
ANT,1885,2.2,-1.7,,,,,,,,,,,1179.6,92.0,,
ANT,1886,2.2,-1.7,,,,,,,,,,,1296.6,102.0,,
ANT,1887,0.9,-3.0,,,,,,,,,,,1006.0,79.0,,
ANT,1888,1.6,-2.3,,,,,,,,,,,1668.9,131.0,,
ANT,1889,1.6,-2.3,,,,,,,,,,,1285.2,101.0,,
ANT,1890,1.6,-2.3,,,,,,,,,,,1277.2,100.0,,
ANT,1891,1.3,-2.6,,,,,,,,,,,1243.5,97.0,,
ANT,1892,2.0,-1.9,,,,,,,,,,,1154.9,90.0,,
ANT,1893,2.1,-1.8,,,,,,,,,,,1025.0,80.0,,
ANT,1894,2.2,-1.7,,,,,,,,,,,952.3,75.0,,
ANT,1895,2.0,-1.9,,,,,,,,,,,1128.0,88.0,,
ANT,1896,1.0,-2.9,,,,,,,,,,,1083.8,85.0,,
ANT,1897,2.5,-1.4,,,,,,,,,,,1361.7,107.0,,
ANT,1898,2.6,-1.3,,,,,,,,,,,1899.7,149.0,,
ANT,1899,2.7,-1.2,,,,,,,,,,,1066.8,84.0,,
ANT,1900,2.6,-1.3,,,,,,,,,,,1263.1,99.0,,
ANT,1901,1.6,-2.3,,,,,,,,,,,1235.1,97.0,,
ANT,1902,2.3,-1.6,,,,,,,,,,,1057.3,83.0,,
ANT,1903,2.2,-1.7,,,,,,,,,,,1490.0,117.0,,
ANT,1904,3.1,-0.8,,,,,,,,,,,1327.5,104.0,,
ANT,1905,1.6,-2.3,,,,,,,,,,,1394.6,109.0,,
ANT,1906,1.7,-2.2,,,,,,,,,,,1189.3,93.0,,
ANT,1907,2.2,-1.7,,,,,,,,,,,1546.5,121.0,,
ANT,1908,1.9,-2.0,,,,,,,,,,,1362.4,107.0,,
ANT,1909,1.4,-2.5,,,,,,,,,,,1346.0,105.0,,
ANT,1910,1.9,-2.0,,,,,,,,,,,1462.2,115.0,,
ANT,1911,2.8,-1.1,,,,,,,,,,,1165.6,91.0,,
ANT,1912,2.0,-1.9,,,,,,,,,,,1294.7,101.0,,
ANT,1913,2.5,-1.4,,,,,,,,,,,1214.0,95.0,,
ANT,1914,2.2,-1.7,,,,,,,,,,,1664.7,130.0,,
ANT,1915,2.4,-1.5,,,,,,,,,,,1166.6,91.0,,
ANT,1916,2.5,-1.4,,,,,,,,,,,1877.9,147.0,,
ANT,1917,1.5,-2.4,,,,,,,,,,,1312.0,103.0,,
ANT,1918,2.2,-1.7,,,,,,,,,,,1340.5,105.0,,
ANT,1919,1.5,-2.4,,,,,,,,,,,1597.6,125.0,,
ANT,1920,3.4,-0.5,,,,,,,,,,,1292.1,101.0,,
ANT,1921,3.0,-0.9,,,,,,,,,,,880.5,69.0,,
ANT,1922,1.7,-2.2,,,,,,,,,,,1478.6,116.0,,
ANT,1923,2.7,-1.2,,,,,,,,,,,1377.6,108.0,,
ANT,1924,2.3,-1.6,,,,,,,,,,,1267.6,99.0,,
ANT,1925,2.1,-1.8,,,,,,,,,,,1227.3,96.0,,
ANT,1926,2.9,-1.0,,,,,,,,,,,1514.8,119.0,,
ANT,1927,2.8,-1.1,,,,,,,,,,,1456.9,114.0,,
ANT,1928,2.8,-1.1,,,,,,,,,,,1608.0,126.0,,
ANT,1929,2.1,-1.8,,,,,,,,,,,1015.4,80.0,,
ANT,1930,3.3,-0.6,,,,,,,,,,,1254.1,98.0,,
ANT,1931,1.7,-2.2,,,,,,,,,,,1151.8,90.0,,
ANT,1932,2.7,-1.2,,,,,,,,,,,1117.1,88.0,,
ANT,1933,2.1,-1.8,,,,,,,,,,,1158.4,91.0,,
ANT,1934,2.9,-1.0,,,,,,,,,,,1129.1,88.0,,
ANT,1935,2.1,-1.8,,,,,,,,,,,1940.9,152.0,,
ANT,1936,2.7,-1.2,,,,,,,,,,,1232.4,97.0,,
ANT,1937,2.7,-1.2,,,,,,,,,,,1313.2,103.0,,
ANT,1938,2.2,-1.7,,,,,,,,,,,1157.3,91.0,,
ANT,1939,2.3,-1.6,,,,,,,,,,,1499.7,117.0,,
ANT,1940,1.5,-2.4,,,,,,,,,,,1485.5,116.0,,
ANT,1941,1.7,-2.2,,,,,,,,,,,1130.3,89.0,,
ANT,1942,2.4,-1.5,,,,,,,,,,,899.0,70.0,,
ANT,1943,3.6,-0.3,,,,,,,,,,,1012.1,79.0,,
ANT,1944,1.9,-2.0,,,,,,,,,,,1336.7,105.0,,
ANT,1945,2.8,-1.1,,,,,,,,,,,1429.3,112.0,,
ANT,1946,3.1,-0.8,,,,,,,,,,,1243.4,97.0,,
ANT,1947,3.6,-0.3,,,,,,,,,,,1149.5,90.0,,
ANT,1948,3.3,-0.6,,,,,,,,,,,1238.5,97.0,,
ANT,1949,3.1,-0.8,,,,,,,,,,,1099.6,86.0,,
ANT,1950,3.1,-0.8,,,,,,,,,,,1308.6,103.0,,
ANT,1951,3.1,-0.8,,,,,,,,,,,1880.9,147.0,,
ANT,1952,2.6,-1.3,,,,,,,,,,,1402.7,110.0,,
ANT,1953,2.7,-1.2,,,,,,,,,,,1088.9,85.0,,
ANT,1954,2.2,-1.7,,,,,,,,,,,1682.3,132.0,,
ANT,1955,2.5,-1.4,,,,,,,,,,,1035.7,81.0,,
ANT,1956,1.1,-2.8,,,,,,,,,,,1437.0,113.0,,
ANT,1957,2.8,-1.1,,,,,,,,,,,1221.1,96.0,,
ANT,1958,2.7,-1.2,,,,,,,,,,,1522.0,119.0,,
ANT,1959,3.4,-0.5,,,,,,,,,,,923.9,72.0,,
ANT,1960,2.9,-1.0,,,,,,,,,,,1429.7,112.0,,
ANT,1961,3.8,-0.1,,,,,,,,,,,1095.0,86.0,,
ANT,1962,1.7,-2.2,,,,,,,,,,,1163.8,91.0,,
ANT,1963,1.8,-2.1,,,,,,,,,,,1138.3,89.0,,
ANT,1964,3.0,-0.9,,,,,,,,,,,1087.7,85.0,,
ANT,1965,2.0,-1.9,,,,,,,,,,,1445.2,113.0,,
ANT,1966,2.7,-1.2,,,,,,,,,,,1461.9,115.0,,
ANT,1967,2.6,-1.3,,,,,,,,,,,1260.8,99.0,,
ANT,1968,2.5,-1.4,,,,,,,,,,,1631.3,128.0,,
ANT,1969,2.4,-1.5,,,,,,,,,,,1178.4,92.0,,
ANT,1970,2.2,-1.7,,,,,,,,,,,1293.4,101.0,,
ANT,1971,2.6,-1.3,,-3.3,,-27.7,,,,0.0,226.0,,943.6,74.0,,
ANT,1972,2.8,-1.1,,-2.6,,-18.7,,,,0.0,252.0,,1130.7,89.0,,
ANT,1973,2.4,-1.5,,-3.4,,-27.2,,,,0.0,219.0,,1270.6,100.0,,
ANT,1974,2.9,-1.0,,-3.1,,-19.7,,,,0.0,250.0,,1222.6,96.0,,
ANT,1975,2.6,-1.3,,-3.2,,-18.7,,,,0.0,234.0,,1520.2,119.0,,
ANT,1976,2.9,-1.0,,-3.1,,-28.3,,,,0.0,227.0,,1226.0,96.0,,
ANT,1977,3.3,-0.6,,-2.4,,-18.7,,,,0.0,217.0,,1547.6,121.0,,
ANT,1978,2.6,-1.3,,-3.1,,-21.7,,,,0.0,246.0,,1258.6,99.0,,
ANT,1979,2.8,-1.1,,-2.9,,-23.2,,,,0.0,220.0,,1525.4,119.0,,
ANT,1980,2.1,-1.8,,-3.3,,-23.1,,,,0.0,238.0,,1233.6,97.0,,
ANT,1981,2.3,-1.6,,-3.3,,-24.7,,,,0.0,219.0,,2048.6,160.0,,
ANT,1982,3.5,-0.4,,-2.4,,-20.4,,,,0.0,221.0,,1204.5,94.0,,
ANT,1983,3.4,-0.5,,-2.6,,-21.2,,,,0.0,218.0,,1434.4,112.0,,
ANT,1984,2.3,-1.6,,-3.4,,-24.8,,,,0.0,225.0,,1286.6,101.0,,
ANT,1985,2.4,-1.5,,-3.5,,-30.7,,,,0.0,224.0,,988.1,77.0,,
ANT,1986,2.9,-1.0,,-2.8,,-26.7,,,,0.0,223.0,,1382.2,108.0,,
ANT,1987,2.7,-1.2,,-2.9,,-28.6,,,,0.0,224.0,,1597.2,125.0,,
ANT,1988,3.6,-0.3,,-1.8,,-21.2,,,,0.0,203.0,,1472.7,115.0,,
ANT,1989,3.9,0.0,,-2.1,,-15.9,,,,0.0,216.0,,1016.2,80.0,,
ANT,1990,3.8,-0.1,,-2.1,,-22.2,,,,0.0,212.0,,1151.1,90.0,,
ANT,1991,3.1,-0.8,,-2.6,,-25.7,,,,0.0,225.0,,1335.7,105.0,,
ANT,1992,3.9,0.0,,-1.9,,-23.0,,,,0.0,206.0,,1311.5,103.0,,
ANT,1993,3.4,-0.5,,-2.2,,-23.7,,,,0.0,202.0,,1605.3,126.0,,
ANT,1994,4.7,0.8,,-1.0,,-20.6,,,,0.0,203.0,,1159.9,91.0,,
ANT,1995,3.4,-0.5,,-2.6,,-25.6,,,,0.0,224.0,,1437.1,113.0,,
ANT,1996,3.2,-0.7,,-2.1,,-24.0,,,,0.0,202.0,,1323.8,104.0,,
ANT,1997,4.2,0.3,,-1.4,,-16.8,,,,0.0,213.0,,1087.0,85.0,,
ANT,1998,3.3,-0.6,,-2.2,,-22.2,,,,0.0,213.0,,1254.5,98.0,,
ANT,1999,3.4,-0.5,,-2.0,,-25.1,,,,0.0,200.0,,1890.6,148.0,,
ANT,2000,4.0,0.1,,-1.4,,-24.2,,,,0.0,193.0,,1615.2,127.0,,
ANT,2001,3.6,-0.3,,-1.8,,-22.7,,,,0.0,199.0,,1334.8,105.0,,
ANT,2002,4.4,0.5,,-1.0,,-22.2,,,,0.0,204.0,,1721.4,135.0,,
ANT,2003,4.2,0.3,,-1.8,,-24.7,,,,0.0,197.0,,877.2,69.0,,
ANT,2004,3.5,-0.4,,-1.7,,-21.7,,,,0.0,190.0,,1045.4,82.0,,
ANT,2005,2.8,-1.1,,-2.5,,-25.4,,,,0.0,196.0,,1081.6,85.0,,
ANT,2006,3.9,0.0,,-1.6,,-23.6,,,,0.0,187.0,,948.1,74.0,,
ANT,2007,4.0,0.1,,-1.4,,-19.7,,,,0.0,206.0,,1214.4,95.0,,
ANT,2008,3.8,-0.1,,-1.4,,-19.2,,,,0.0,199.0,,1381.6,108.0,,
ANT,2009,3.9,0.0,,-1.7,,-22.5,,,,0.0,198.0,,1076.2,84.0,,
ANT,2010,2.7,-1.2,,-2.7,,-23.7,,,,0.0,214.0,,1199.5,94.0,,
ANT,2011,4.5,0.6,,-1.3,,-20.8,,,,0.0,195.0,,980.6,77.0,,
ANT,2012,3.5,-0.4,,-2.0,,-29.5,,,,0.0,192.0,,1431.5,112.0,,
ANT,2013,3.2,-0.7,,-2.3,,-23.6,,,,0.0,192.0,,1392.5,109.0,,
ANT,2014,5.0,1.1,,-0.2,,-22.5,,,,0.0,174.0,,1441.7,113.0,,
ANT,2015,4.5,0.6,,-1.4,,-22.1,,,,0.0,199.0,,1101.5,86.0,,
ANT,2016,4.3,0.4,,-1.3,,-23.0,,,,0.0,183.0,,993.1,78.0,,
ANT,2017,4.1,0.2,,-1.8,,-24.0,,,,0.0,205.0,,1263.7,99.0,,
ANT,2018,5.1,1.2,,-0.7,,-26.9,,,,0.0,158.0,,1227.8,96.0,,
ANT,2019,4.6,0.7,,-1.1,,-26.6,,,,0.0,170.0,,1522.1,119.0,,
ANT,2020,5.1,1.2,,-0.9,,-19.2,,,,0.0,189.0,,1038.2,81.0,,
ANT,2021,3.7,-0.2,,-1.9,,-26.5,,,,0.0,198.0,,1373.0,108.0,,
ANT,2022,5.3,1.4,,-0.8,,-25.6,,,,0.0,161.0,,803.0,63.0,,
ANT,2023,5.3,1.4,,-0.5,,-23.7,,,,0.0,173.0,,1169.3,92.0,,
ANT,2024,5.2,1.3,,-0.1,,-23.1,,,,0.0,165.0,,1242.3,97.0,,
ANT,2025,5.4,1.5,,-0.2,,-25.6,,,,0.0,157.0,,955.4,75.0,,
BAS,1755,8.0,-2.9,,,,,,,,,,,,,,
BAS,1756,8.3,-2.6,,,,,,,,,,,,,,
BAS,1757,8.0,-2.9,,,,,,,,,,,,,,
BAS,1758,7.6,-3.3,,,,,,,,,,,,,,
BAS,1759,8.9,-2.0,,,,,,,,,,,,,,
BAS,1760,9.5,-1.4,,,,,,,,,,,,,,
BAS,1761,8.9,-2.0,,,,,,,,,,,,,,
BAS,1762,8.6,-2.3,,,,,,,,,,,,,,
BAS,1763,8.4,-2.5,,,,,,,,,,,,,,
BAS,1764,9.1,-1.8,,,,,,,,,,,,,,
BAS,1765,8.8,-2.1,,,,,,,,,,,,,,
BAS,1766,8.0,-2.9,,,,,,,,,,,,,,
BAS,1767,8.4,-2.5,,,,,,,,,,,,,,
BAS,1768,8.6,-2.3,,,,,,,,,,,,,,
BAS,1769,8.8,-2.1,,,,,,,,,,,,,,
BAS,1770,8.5,-2.4,,,,,,,,,,,,,,
BAS,1771,8.6,-2.3,,,,,,,,,,,,,,
BAS,1772,9.9,-1.0,,,,,,,,,,,,,,
BAS,1773,9.0,-1.9,,,,,,,,,,,,,,
BAS,1774,9.2,-1.7,,,,,,,,,,,,,,
BAS,1775,9.5,-1.4,,,,,,,,,,,,,,
BAS,1776,8.6,-2.3,,,,,,,,,,,,,,
BAS,1777,8.6,-2.3,,,,,,,,,,,,,,
BAS,1778,9.3,-1.6,,,,,,,,,,,,,,
BAS,1779,9.4,-1.5,,,,,,,,,,,,,,
BAS,1780,8.9,-2.0,,,,,,,,,,,,,,
BAS,1781,10.0,-0.9,,,,,,,,,,,,,,
BAS,1782,8.0,-2.9,,,,,,,,,,,,,,
BAS,1783,9.8,-1.1,,,,,,,,,,,,,,
BAS,1784,8.0,-2.9,,,,,,,,,,,,,,
BAS,1785,7.9,-3.0,,,,,,,,,,,,,,
BAS,1786,8.4,-2.5,,,,,,,,,,,,,,
BAS,1787,9.3,-1.6,,,,,,,,,,,,,,
BAS,1788,8.7,-2.2,,,,,,,,,,,,,,
BAS,1789,8.6,-2.3,,,,,,,,,,,,,,
BAS,1790,9.4,-1.5,,,,,,,,,,,,,,
BAS,1791,9.4,-1.5,,,,,,,,,,,,,,
BAS,1792,9.4,-1.5,,,,,,,,,,,,,,
BAS,1793,9.3,-1.6,,,,,,,,,,,,,,
BAS,1794,9.7,-1.2,,,,,,,,,,,,,,
BAS,1795,8.9,-2.0,,,,,,,,,,,,,,
BAS,1796,8.8,-2.1,,,,,,,,,,,,,,
BAS,1797,9.4,-1.5,,,,,,,,,,,,,,
BAS,1798,9.2,-1.7,,,,,,,,,,,,,,
BAS,1799,7.6,-3.3,,,,,,,,,,,,,,
BAS,1800,9.1,-1.8,,,,,,,,,,,,,,
BAS,1801,9.6,-1.3,,,,,,,,,,,,,,
BAS,1802,9.2,-1.7,,,,,,,,,,,,,,
BAS,1803,8.4,-2.5,,,,,,,,,,,,,,
BAS,1804,9.1,-1.8,,,,,,,,,,,,,,
BAS,1805,7.2,-3.7,,,,,,,,,,,,,,
BAS,1806,10.0,-0.9,,,,,,,,,,,,,,
BAS,1807,9.0,-1.9,,,,,,,,,,,,,,
BAS,1808,7.8,-3.1,,,,,,,,,,,,,,
BAS,1809,8.4,-2.5,,,,,,,,,,,,,,
BAS,1810,8.4,-2.5,,,,,,,,,,,,,,
BAS,1811,9.9,-1.0,,,,,,,,,,,,,,
BAS,1812,7.4,-3.5,,,,,,,,,,,,,,
BAS,1813,7.9,-3.0,,,,,,,,,,,,,,
BAS,1814,7.9,-3.0,,,,,,,,,,,,,,
BAS,1815,8.5,-2.4,,,,,,,,,,,,,,
BAS,1816,7.2,-3.7,,,,,,,,,,,,,,
BAS,1817,8.4,-2.5,,,,,,,,,,,,,,
BAS,1818,8.9,-2.0,,,,,,,,,,,,,,
BAS,1819,9.4,-1.5,,,,,,,,,,,,,,
BAS,1820,8.1,-2.8,,,,,,,,,,,,,,
BAS,1821,9.0,-1.9,,,,,,,,,,,,,,
BAS,1822,10.1,-0.8,,,,,,,,,,,,,,
BAS,1823,8.4,-2.5,,,,,,,,,,,,,,
BAS,1824,9.2,-1.7,,,,,,,,,,,,,,
BAS,1825,9.3,-1.6,,,,,,,,,,,,,,
BAS,1826,9.0,-1.9,,,,,,,,,,,,,,
BAS,1827,9.1,-1.8,,,,,,,,,,,,,,
BAS,1828,9.6,-1.3,,,,,,,,,,,,,,
BAS,1829,7.3,-3.6,,,,,,,,,,,,,,
BAS,1830,8.1,-2.8,,,,,,,,,,,,,,
BAS,1831,9.3,-1.6,,,,,,,,,,,,,,
BAS,1832,8.7,-2.2,,,,,,,,,,,,,,
BAS,1833,9.0,-1.9,,,,,,,,,,,,,,
BAS,1834,10.1,-0.8,,,,,,,,,,,,,,
BAS,1835,8.4,-2.5,,,,,,,,,,,,,,
BAS,1836,8.7,-2.2,,,,,,,,,,,,,,
BAS,1837,7.8,-3.1,,,,,,,,,,,,,,
BAS,1838,7.5,-3.4,,,,,,,,,,,,,,
BAS,1839,8.8,-2.1,,,,,,,,,,,,,,
BAS,1840,7.7,-3.2,,,,,,,,,,,,,,
BAS,1841,9.1,-1.8,,,,,,,,,,,,,,
BAS,1842,8.1,-2.8,,,,,,,,,,,,,,
BAS,1843,8.8,-2.1,,,,,,,,,,,,,,
BAS,1844,8.4,-2.5,,,,,,,,,,,,,,
BAS,1845,7.7,-3.2,,,,,,,,,,,,,,
BAS,1846,9.4,-1.5,,,,,,,,,,,,,,
BAS,1847,7.8,-3.1,,,,,,,,,,,,,,
BAS,1848,8.3,-2.6,,,,,,,,,,,,,,
BAS,1849,8.7,-2.2,,,,,,,,,,,,,,
BAS,1850,8.1,-2.8,,,,,,,,,,,,,,
BAS,1851,7.8,-3.1,,,,,,,,,,,,,,
BAS,1852,9.4,-1.5,,,,,,,,,,,,,,
BAS,1853,7.9,-3.0,,,,,,,,,,,,,,
BAS,1854,8.5,-2.4,,,,,,,,,,,,,,
BAS,1855,7.7,-3.2,,,,,,,,,,,,,,
BAS,1856,8.8,-2.1,,,,,,,,,,,,,,
BAS,1857,9.1,-1.8,,,,,,,,,,,,,,
BAS,1858,8.3,-2.6,,,,,,,,,,,,,,
BAS,1859,9.6,-1.3,,,,,,,,,,,,,,
BAS,1860,8.0,-2.9,,,,,,,,,,,,,,
BAS,1861,9.1,-1.8,,,,,,,,,,,,,,
BAS,1862,9.9,-1.0,,,,,,,,,,,,,,
BAS,1863,9.8,-1.1,,,,,,,,,,,,,,
BAS,1864,7.7,-3.2,,,,,,,,,,,606.4,72.0,,
BAS,1865,9.3,-1.6,,,,,,,,,,,651.7,77.0,,
BAS,1866,9.7,-1.2,,,,,,,,,,,890.3,106.0,,
BAS,1867,9.1,-1.8,,,,,,,,,,,926.1,110.0,,
BAS,1868,10.1,-0.8,,,,,,,,,,,764.2,91.0,,
BAS,1869,9.0,-1.9,,,,,,,,,,,744.3,88.0,,
BAS,1870,8.4,-2.5,,,,,,,,,,,662.2,79.0,,
BAS,1871,7.8,-3.1,,,,,,,,,,,573.3,68.0,,
BAS,1872,9.8,-1.1,,,,,,,,,,,1004.7,119.0,,
BAS,1873,9.4,-1.5,,,,,,,,,,,700.5,83.0,,
BAS,1874,8.9,-2.0,,,,,,,,,,,612.3,73.0,,
BAS,1875,8.8,-2.1,,,,,,,,,,,730.0,87.0,,
BAS,1876,9.3,-1.6,,,,,,,,,,,940.7,112.0,,
BAS,1877,9.5,-1.4,,,,,,,,,,,856.5,102.0,,
BAS,1878,8.7,-2.2,,,,,,,,,,,982.9,117.0,,
BAS,1879,7.3,-3.6,,,,,,,,,,,797.0,95.0,,
BAS,1880,9.3,-1.6,,,,,,,,,,,1051.7,125.0,,
BAS,1881,8.8,-2.1,,,,,,,,,,,925.1,110.0,,
BAS,1882,9.0,-1.9,,,,,,,,,,,982.1,117.0,,
BAS,1883,8.8,-2.1,,,,,,,,,,,694.3,82.0,,
BAS,1884,9.4,-1.5,,,,,,,,,,,575.0,68.0,,
BAS,1885,8.7,-2.2,,,,,,,,,,,644.0,76.0,,
BAS,1886,8.9,-2.0,,,,,,,,,,,868.2,103.0,1744.95,103.0
BAS,1887,7.5,-3.4,,,,,,,,,,,620.1,74.0,1757.9833333333333,104.0
BAS,1888,7.8,-3.1,,,,,,,,,,,788.3,94.0,1555.0,92.0
BAS,1889,7.9,-3.0,,,,,,,,,,,747.5,89.0,1398.45,83.0
BAS,1890,7.9,-3.0,,,,,,,,,,,657.5,78.0,1674.5666666666666,99.0
BAS,1891,8.0,-2.9,,,,,,,,,,,866.0,103.0,1773.2666666666667,105.0
BAS,1892,8.9,-2.0,,,,,,,,,,,735.7,87.0,1677.9333333333334,99.0
BAS,1893,9.2,-1.7,,,,,,,,,,,542.1,64.0,1973.2666666666667,117.0
BAS,1894,8.8,-2.1,,,,,,,,,,,799.1,95.0,1637.8666666666666,97.0
BAS,1895,8.4,-2.5,,,,,,,,,,,622.8,74.0,1927.5833333333333,114.0
BAS,1896,8.2,-2.7,,,,,,,,,,,888.0,105.0,1394.7333333333333,83.0
BAS,1897,9.2,-1.7,,,,,,,,,,,731.1,87.0,1579.5166666666667,94.0
BAS,1898,9.4,-1.5,14.4,5.2,,,,,,,,,714.8,85.0,1587.1166666666666,94.0
BAS,1899,9.2,-1.7,14.7,4.6,,,,,,,,,699.9,83.0,1885.6,112.0
BAS,1900,9.5,-1.4,14.6,5.3,,,,,,,,,813.0,97.0,1561.1833333333334,93.0
BAS,1901,8.3,-2.6,13.3,3.9,,,,,,,,,866.4,103.0,1560.4833333333333,92.0
BAS,1902,8.5,-2.4,13.4,4.4,,,,,,,,,795.9,95.0,1440.6833333333334,85.0
BAS,1903,8.9,-2.0,14.0,4.7,,,,,,,,,650.4,77.0,1521.45,90.0
BAS,1904,9.4,-1.5,14.5,5.1,,,,,,,,,602.6,72.0,1560.3,92.0
BAS,1905,8.7,-2.2,13.6,4.5,,,,,,,,,940.2,112.0,1641.9,97.0
BAS,1906,9.1,-1.8,14.3,4.5,,,,,,,,,660.8,78.0,1776.85,105.0
BAS,1907,8.7,-2.2,13.8,4.4,,,,,,,,,683.1,81.0,1673.5,99.0
BAS,1908,8.2,-2.7,13.2,3.8,,,,,,,,,795.8,95.0,1704.7166666666667,101.0
BAS,1909,8.2,-2.7,13.1,3.9,,,,,,,,,802.8,95.0,1718.6833333333334,102.0
BAS,1910,9.0,-1.9,13.7,4.9,,,,,,,,,964.2,115.0,1536.4833333333333,91.0
BAS,1911,9.8,-1.1,14.9,5.0,,,,,,,,,623.6,74.0,1759.95,104.0
BAS,1912,8.8,-2.1,13.6,4.4,,,,,,,,,809.1,96.0,1436.3,85.0
BAS,1913,9.3,-1.6,14.2,5.1,,,,,,,,,776.3,92.0,1460.9833333333333,87.0
BAS,1914,8.9,-2.0,13.5,4.6,,,,,,,,,905.2,108.0,1498.7166666666667,89.0
BAS,1915,9.1,-1.8,13.7,4.6,,,,,,,,,877.4,104.0,1514.35,90.0
BAS,1916,9.4,-1.5,14.0,5.1,,,,,,,,,957.5,114.0,1421.5,84.0
BAS,1917,8.3,-2.6,13.1,4.1,,,,,,,,,860.6,102.0,1533.8166666666666,91.0
BAS,1918,9.2,-1.7,14.4,4.6,,,,,,,,,677.8,81.0,1715.95,102.0
BAS,1919,8.7,-2.2,13.7,4.4,,,,,,,,,728.5,87.0,1620.3,96.0
BAS,1920,9.4,-1.5,14.5,5.0,,,,,,,,,694.7,83.0,1594.3333333333333,94.0
BAS,1921,9.9,-1.0,15.6,5.1,,,,,,,,,499.1,59.0,1912.7333333333333,113.0
BAS,1922,8.5,-2.4,13.3,4.3,,,,,,,,,1141.4,136.0,1439.65,85.0
BAS,1923,9.5,-1.4,14.8,5.3,,,,,,,,,941.1,112.0,1584.2333333333333,94.0
BAS,1924,8.6,-2.3,13.3,4.6,,,,,,,,,719.1,85.0,1509.7,89.0
BAS,1925,9.0,-1.9,13.7,4.9,,,,,,,,,881.4,105.0,1532.35,91.0
BAS,1926,9.7,-1.2,14.5,5.5,,,,,,,,,698.7,83.0,1554.1166666666666,92.0
BAS,1927,9.4,-1.5,14.0,5.3,,,,,,,,,859.4,102.0,1602.65,95.0
BAS,1928,9.9,-1.0,14.8,5.4,,,,,,,,,726.8,86.0,1624.3166666666666,96.0
BAS,1929,8.9,-2.0,13.9,4.3,,,,,,,,,612.1,73.0,1893.75,112.0
BAS,1930,9.8,-1.1,14.4,6.1,,,,,,,,,960.6,114.0,1530.3166666666666,91.0
BAS,1931,8.5,-2.4,13.1,4.4,,,,,,,,,816.0,97.0,1594.3166666666666,94.0
BAS,1932,8.9,-2.0,13.6,4.9,,,,,,,,,738.0,88.0,1603.6166666666666,95.0
BAS,1933,8.8,-2.1,13.5,4.5,,,,,,,,,684.9,81.0,1677.6166666666666,99.0
BAS,1934,9.9,-1.0,15.0,5.6,,,,,,,,,661.3,79.0,1730.6166666666666,103.0
BAS,1935,9.4,-1.5,14.1,5.3,,,,,,,,,888.6,106.0,1612.3166666666666,96.0
BAS,1936,9.5,-1.4,14.1,5.9,,,,,,,,,869.8,103.0,1376.1333333333334,82.0
BAS,1937,9.8,-1.1,14.3,6.0,,,,,,,,,803.5,95.0,1410.8166666666666,84.0
BAS,1938,9.3,-1.6,14.2,4.9,,,,,,,,,911.4,108.0,1752.7166666666667,104.0
BAS,1939,9.1,-1.8,13.2,5.6,,,,,,,,,1204.6,143.0,1255.0166666666667,74.0
BAS,1940,8.2,-2.7,12.8,4.1,,,,,,,,,959.4,114.0,1521.8833333333334,90.0
BAS,1941,8.4,-2.5,12.9,4.5,,,,,,,,,690.7,82.0,1559.9333333333334,92.0
BAS,1942,8.8,-2.1,13.6,4.8,,,,,,,,,761.7,90.0,1656.9,98.0
BAS,1943,10.2,-0.7,15.0,6.0,,,,,,,,,572.0,68.0,1767.9,105.0
BAS,1944,9.3,-1.6,13.7,5.5,,,,,,,,,830.4,99.0,1442.6,85.0
BAS,1945,10.0,-0.9,15.0,5.7,,,,,,,,,644.6,77.0,1854.95,110.0
BAS,1946,9.5,-1.4,14.3,5.6,,,,,,,,,752.4,89.0,1622.05,96.0
BAS,1947,10.5,-0.4,15.7,5.8,,,,,,,,,513.7,61.0,1805.3166666666666,107.0
BAS,1948,9.9,-1.0,15.0,5.8,,,,,,,,,785.9,93.0,1655.9,98.0
BAS,1949,10.4,-0.5,15.7,5.7,,,,,,,,,568.6,68.0,1880.1666666666667,111.0
BAS,1950,10.0,-0.9,14.7,5.9,,,,,,,,,940.8,112.0,1589.7166666666667,94.0
BAS,1951,9.6,-1.3,14.2,5.9,,,,,,,,,950.4,113.0,1412.4166666666667,84.0
BAS,1952,9.7,-1.2,14.5,5.7,,,,,,,,,920.8,109.0,1537.85,91.0
BAS,1953,9.6,-1.3,14.7,5.4,,,,,,,,,498.9,59.0,1744.15,103.0
BAS,1954,9.0,-1.9,13.5,5.1,,,,,,,,,876.4,104.0,1437.3333333333333,85.0
BAS,1955,9.1,-1.8,13.9,5.3,,,,,,,,,892.1,106.0,1542.8333333333333,91.0
BAS,1956,7.9,-3.0,12.3,4.3,,,,,,,,,849.4,101.0,1468.9666666666667,87.0
BAS,1957,9.5,-1.4,14.0,5.6,,,,,,,,,702.6,83.0,1632.8833333333334,97.0
BAS,1958,9.6,-1.3,13.9,5.7,,,,,,,,,774.7,92.0,1511.8333333333333,90.0
BAS,1959,10.2,-0.7,15.3,5.7,33.7,-8.2,55.0,7.0,,1.0,70.0,7.0,702.6,83.0,1834.4666666666667,109.0
BAS,1960,9.6,-1.3,13.9,5.5,31.0,-19.0,23.0,2.0,,0.0,68.0,18.0,796.8,95.0,1462.9333333333334,87.0
BAS,1961,10.5,-0.4,15.3,6.7,31.3,-12.0,47.0,10.0,,0.0,49.0,14.0,732.2,87.0,1720.1666666666667,102.0
BAS,1962,8.6,-2.3,13.3,4.5,34.5,-16.0,48.0,8.0,,0.0,96.0,22.0,613.8,73.0,1694.95,100.0
BAS,1963,8.5,-2.4,12.8,4.6,30.9,-19.4,30.0,4.0,,0.0,94.0,48.0,742.5,88.0,1455.6166666666666,86.0
BAS,1964,9.8,-1.1,14.1,5.8,34.3,-15.4,56.0,18.0,,0.0,82.0,21.0,663.2,79.0,1590.1166666666666,94.0
BAS,1965,9.2,-1.7,13.2,5.5,31.9,-13.4,29.0,3.0,,0.0,79.0,12.0,1005.7,119.0,1284.8666666666666,76.0
BAS,1966,9.9,-1.0,14.3,5.9,33.0,-21.7,35.0,2.0,,0.0,60.0,15.0,889.5,106.0,1394.15,83.0
BAS,1967,9.8,-1.1,14.5,5.6,32.6,-15.4,50.0,8.0,,0.0,72.0,18.0,775.2,92.0,1602.1833333333334,95.0
BAS,1968,9.3,-1.6,13.8,5.6,32.9,-16.5,27.0,3.0,,0.0,80.0,21.0,874.9,104.0,1397.6166666666666,83.0
BAS,1969,9.0,-1.9,13.5,5.1,31.9,-11.9,44.0,6.0,,0.0,84.0,31.0,856.9,102.0,1520.5333333333333,90.0
BAS,1970,9.2,-1.7,13.4,5.5,30.6,-9.5,41.0,1.0,0.0,0.0,85.0,17.0,857.0,102.0,1353.55,80.0
BAS,1971,9.3,-1.6,14.2,5.0,32.9,-18.1,46.0,11.0,0.0,0.0,84.0,17.0,634.6,75.0,1692.2166666666667,100.0
BAS,1972,8.9,-2.0,13.4,4.9,30.9,-13.9,24.0,2.0,0.0,0.0,67.0,15.0,633.8,75.0,1470.3833333333334,87.0
BAS,1973,9.2,-1.7,13.5,5.3,31.4,-15.6,50.0,4.0,0.0,0.0,101.0,14.0,760.3,90.0,1480.8166666666666,88.0
BAS,1974,10.0,-0.9,14.3,6.1,35.9,-4.5,30.0,7.0,1.0,0.0,35.0,0.0,701.8,83.0,1344.6,80.0
BAS,1975,9.7,-1.2,13.8,5.9,32.0,-11.7,38.0,8.0,0.0,0.0,73.0,9.0,802.2,95.0,1428.7166666666667,85.0
BAS,1976,10.0,-0.9,14.7,5.6,34.0,-11.8,56.0,20.0,0.0,0.0,77.0,17.0,519.4,62.0,1732.3833333333334,103.0
BAS,1977,9.9,-1.0,14.1,6.2,30.5,-7.2,23.0,1.0,0.0,0.0,51.0,4.0,893.6,106.0,1293.75,77.0
BAS,1978,9.0,-1.9,13.3,5.3,31.4,-8.5,29.0,2.0,0.0,0.0,66.0,18.0,738.7,88.0,1437.25,85.0
BAS,1979,9.5,-1.4,13.7,5.9,30.1,-12.8,34.0,1.0,0.0,0.0,59.0,13.0,846.9,101.0,1355.5666666666666,80.0
BAS,1980,8.9,-2.0,13.2,5.4,32.3,-11.2,31.0,3.0,0.0,0.0,69.0,16.0,706.6,84.0,1346.3166666666666,80.0
BAS,1981,9.6,-1.3,14.0,5.8,30.9,-10.8,33.0,2.0,0.0,0.0,77.0,12.0,972.4,116.0,1346.3833333333334,80.0
BAS,1982,10.3,-0.6,14.8,6.4,32.0,-7.3,53.0,7.0,0.0,0.0,46.0,11.0,958.7,114.0,1517.65,90.0
BAS,1983,10.3,-0.6,14.9,6.2,38.4,-8.5,62.0,15.0,3.0,2.0,69.0,10.0,728.0,86.0,1540.4666666666667,91.0
BAS,1984,9.5,-1.4,14.0,5.5,34.8,-6.9,34.0,7.0,0.0,0.0,66.0,3.0,721.4,86.0,1518.4333333333334,90.0
BAS,1985,9.0,-1.9,13.9,4.7,35.5,-20.6,54.0,5.0,2.0,0.0,83.0,36.0,618.8,74.0,1623.2333333333333,96.0
BAS,1986,9.4,-1.5,14.0,5.4,35.5,-15.8,51.0,9.0,1.0,0.0,77.0,24.0,878.9,104.0,1457.5666666666666,86.0
BAS,1987,9.5,-1.4,13.7,5.8,31.3,-23.3,39.0,5.0,0.0,0.0,70.0,28.0,907.7,108.0,1345.3,80.0
BAS,1988,10.5,-0.4,14.9,6.7,33.5,-9.4,37.0,3.0,0.0,0.0,48.0,2.0,832.2,99.0,1463.7,87.0
BAS,1989,10.6,-0.3,15.4,6.2,34.3,-8.5,58.0,8.0,0.0,0.0,61.0,5.0,655.8,78.0,1769.9333333333334,105.0
BAS,1990,10.9,0.0,15.7,6.5,34.1,-6.2,49.0,13.0,0.0,0.0,51.0,4.0,814.5,97.0,1769.2666666666667,105.0
BAS,1991,10.0,-0.9,14.6,5.8,32.8,-13.7,62.0,10.0,0.0,0.0,76.0,21.0,758.7,90.0,1712.2666666666667,101.0
BAS,1992,10.7,-0.2,15.1,6.7,34.3,-9.2,54.0,16.0,0.0,1.0,50.0,11.0,824.3,98.0,1477.1,88.0
BAS,1993,10.2,-0.7,14.5,6.3,32.9,-12.0,46.0,6.0,0.0,0.0,65.0,17.0,779.8,93.0,1479.7666666666667,88.0
BAS,1994,11.5,0.6,15.9,7.6,34.3,-7.6,57.0,20.0,0.0,0.0,32.0,4.0,848.5,101.0,1376.8666666666666,82.0
BAS,1995,10.5,-0.4,14.9,6.5,33.8,-10.0,52.0,10.0,0.0,1.0,65.0,10.0,1014.3,120.0,1502.6833333333334,89.0
BAS,1996,9.4,-1.5,13.7,5.5,31.9,-15.0,42.0,4.0,0.0,0.0,82.0,16.0,833.0,99.0,1587.0833333333333,94.0
BAS,1997,10.6,-0.3,15.4,6.4,31.0,-12.2,57.0,7.0,0.0,0.0,69.0,17.0,752.7,89.0,1774.4166666666667,105.0
BAS,1998,10.6,-0.3,15.3,6.6,35.2,-8.8,51.0,15.0,1.0,2.0,61.0,10.0,806.6,96.0,1713.7833333333333,102.0
BAS,1999,10.7,-0.2,15.1,7.2,32.1,-14.2,49.0,3.0,0.0,1.0,57.0,13.0,1151.0,137.0,1538.3333333333333,91.0
BAS,2000,11.4,0.5,16.0,7.9,32.8,-10.6,52.0,8.0,0.0,0.0,30.0,4.0,786.7,93.0,1720.8333333333333,102.0
BAS,2001,10.6,-0.3,15.0,6.7,33.6,-13.0,50.0,9.0,0.0,0.0,59.0,8.0,1011.7,120.0,1597.7666666666667,95.0
BAS,2002,11.2,0.3,15.6,7.2,34.5,-10.0,45.0,8.0,0.0,0.0,40.0,10.0,1048.3,125.0,1503.2666666666667,89.0
BAS,2003,11.4,0.5,16.5,6.7,38.6,-11.2,98.0,41.0,12.0,7.0,83.0,16.0,614.6,73.0,2003.4166666666667,119.0
BAS,2004,10.6,-0.3,15.0,6.6,32.0,-10.7,57.0,13.0,0.0,1.0,77.0,5.0,791.9,94.0,1536.0166666666667,91.0
BAS,2005,10.4,-0.5,14.9,6.3,34.6,-14.7,53.0,18.0,0.0,1.0,91.0,18.0,706.0,84.0,1680.4,100.0
BAS,2006,10.9,0.0,15.4,7.0,35.2,-8.6,64.0,22.0,1.0,3.0,85.0,15.0,1028.5,122.0,1678.0666666666666,99.0
BAS,2007,11.3,0.4,15.8,7.2,33.6,-8.5,62.0,4.0,0.0,0.0,41.0,5.0,952.0,113.0,1755.3333333333333,104.0
BAS,2008,10.8,-0.1,15.1,6.9,32.5,-6.7,46.0,6.0,0.0,0.0,65.0,4.0,869.6,103.0,1582.4833333333333,94.0
BAS,2009,11.1,0.2,15.5,7.1,34.6,-16.0,56.0,12.0,0.0,0.0,62.0,17.0,765.0,91.0,1656.8,98.0
BAS,2010,9.9,-1.0,14.2,5.9,35.7,-11.3,46.0,16.0,1.0,0.0,79.0,30.0,835.2,99.0,1479.5666666666666,88.0
BAS,2011,11.6,0.7,16.7,7.0,35.1,-7.9,69.0,12.0,1.0,2.0,48.0,6.0,687.9,82.0,1983.1333333333334,118.0
BAS,2012,10.9,0.0,15.5,6.7,34.4,-19.3,58.0,12.0,0.0,2.0,49.0,15.0,1047.9,124.0,1721.3,102.0
BAS,2013,10.3,-0.6,14.4,6.5,37.3,-11.1,53.0,13.0,1.0,2.0,80.0,15.0,907.7,108.0,1520.8,90.0
BAS,2014,11.9,1.0,16.4,7.8,35.5,-13.4,41.0,8.0,1.0,0.0,24.0,2.0,868.6,103.0,1698.9,101.0
BAS,2015,11.7,0.8,16.5,7.1,37.0,-7.2,61.0,28.0,8.0,9.0,52.0,1.0,645.3,77.0,1944.8166666666666,115.0
BAS,2016,10.9,0.0,15.4,6.9,34.6,-7.1,63.0,12.0,0.0,0.0,60.0,4.0,996.8,118.0,1639.9333333333334,97.0
BAS,2017,11.4,0.5,16.2,6.9,34.3,-10.5,70.0,26.0,0.0,5.0,60.0,13.0,765.2,91.0,1843.45,109.0
BAS,2018,12.2,1.3,17.0,7.7,34.8,-11.1,96.0,25.0,0.0,3.0,51.0,6.0,697.6,83.0,1923.8333333333333,114.0
BAS,2019,11.6,0.7,16.5,7.0,37.4,-5.9,66.0,23.0,4.0,6.0,52.0,2.0,785.8,93.0,1933.8666666666666,115.0
BAS,2020,12.1,1.2,17.2,7.3,36.5,-4.5,75.0,19.0,1.0,0.0,48.0,0.0,676.4,80.0,2056.85,122.0
BAS,2021,10.6,-0.3,15.3,6.4,32.3,-11.9,52.0,6.0,0.0,1.0,67.0,5.0,921.9,110.0,1670.8166666666666,99.0
BAS,2022,12.5,1.6,17.6,7.7,36.7,-9.1,86.0,33.0,3.0,1.0,59.0,10.0,795.4,94.0,2118.7166666666667,126.0
BAS,2023,12.6,1.7,17.5,8.1,36.4,-7.4,101.0,26.0,2.0,3.0,46.0,1.0,775.2,92.0,1789.1166666666666,106.0
BAS,2024,12.2,1.3,16.7,8.1,35.4,-8.9,71.0,21.0,1.0,2.0,33.0,8.0,830.5,99.0,1538.5166666666667,91.0
BAS,2025,11.8,0.9,16.6,7.4,36.0,-7.6,70.0,23.0,3.0,5.0,44.0,1.0,929.7,110.0,1885.8833333333334,112.0
BER,1864,6.2,-3.1,11.8,1.4,,,,,,,,,603.9,59.0,,
BER,1865,7.8,-1.5,13.4,2.8,,,,,,,,,689.7,67.0,,
BER,1866,8.3,-1.0,13.4,3.4,,,,,,,,,949.2,93.0,,
BER,1867,7.5,-1.8,12.7,2.5,,,,,,,,,1100.5,108.0,,
BER,1868,8.5,-0.8,13.6,3.5,,,,,,,,,947.2,93.0,,
BER,1869,7.5,-1.8,12.5,2.6,,,,,,,,,912.2,89.0,,
BER,1870,6.9,-2.4,11.8,1.9,,,,,,,,,1012.9,99.0,,
BER,1871,6.4,-2.9,11.2,1.3,,,,,,,,,653.7,64.0,,
BER,1872,8.4,-0.9,13.1,3.7,,,,,,,,,953.8,93.0,,
BER,1873,8.0,-1.3,12.6,3.1,,,,,,,,,754.6,74.0,,
BER,1874,7.5,-1.8,12.4,2.3,,,,,,,,,907.5,89.0,,
BER,1875,7.7,-1.6,12.1,2.9,,,,,,,,,1105.6,108.0,,
BER,1876,7.8,-1.5,12.7,3.0,,,,,,,,,1353.9,133.0,,
BER,1877,8.1,-1.2,13.1,3.1,,,,,,,,,1343.0,131.0,,
BER,1878,7.2,-2.1,12.1,2.4,,,,,,,,,1124.2,110.0,,
BER,1879,5.8,-3.5,10.7,1.2,,,,,,,,,1041.3,102.0,,
BER,1880,7.7,-1.6,12.9,2.9,,,,,,,,,940.9,92.0,,
BER,1881,7.4,-1.9,12.5,2.4,,,,,,,,,943.0,92.0,,
BER,1882,7.5,-1.8,12.5,2.6,,,,,,,,,1144.6,112.0,,
BER,1883,7.3,-2.0,12.2,2.6,,,,,,,,,988.5,97.0,,
BER,1884,7.9,-1.4,13.1,3.1,,,,,,,,,778.9,76.0,,
BER,1885,7.5,-1.8,12.6,2.6,,,,,,,,,932.9,91.0,,
BER,1886,7.6,-1.7,12.6,2.5,,,,,,,,,993.5,97.0,,
BER,1887,6.2,-3.1,11.2,1.0,,,,,,,,,806.9,79.0,2008.25,112.0
BER,1888,6.4,-2.9,11.2,1.6,,,,,,,,,1223.0,120.0,1711.8333333333333,95.0
BER,1889,6.4,-2.9,11.0,1.8,,,,,,,,,994.6,97.0,1562.0333333333333,87.0
BER,1890,6.4,-2.9,11.3,1.5,,,,,,,,,918.8,90.0,1908.4666666666667,106.0
BER,1891,6.4,-2.9,11.5,1.1,,,,,,,,,975.4,95.0,1877.45,104.0
BER,1892,7.4,-1.9,12.3,2.4,,,,,,,,,741.9,73.0,1823.0833333333333,101.0
BER,1893,7.9,-1.4,12.9,2.6,,,,,,,,,690.0,68.0,2249.2166666666667,125.0
BER,1894,7.6,-1.7,12.4,2.7,,,,,,,,,759.0,74.0,1872.6,104.0
BER,1895,7.2,-2.1,12.2,2.1,,,,,,,,,954.0,93.0,2013.2333333333333,112.0
BER,1896,6.9,-2.4,11.3,2.2,,,,,,,,,1109.2,109.0,1528.3,85.0
BER,1897,8.0,-1.3,12.7,3.1,,,,,,,,,896.6,88.0,1684.9833333333333,94.0
BER,1898,8.0,-1.3,12.7,3.1,,,,,,,,,827.2,81.0,1705.9,95.0
BER,1899,7.9,-1.4,13.1,2.6,,,,,,,,,793.7,78.0,2036.2,113.0
BER,1900,8.1,-1.2,12.9,3.2,,,,,,,,,957.6,94.0,1795.7833333333333,100.0
BER,1901,6.8,-2.5,11.8,1.8,,,,,,,,,1020.9,100.0,1768.4833333333333,98.0
BER,1902,7.2,-2.1,12.0,2.5,,,,,,,,,1044.7,102.0,1583.7833333333333,88.0
BER,1903,7.2,-2.1,12.4,2.2,,,,,,,,,978.2,96.0,1705.5666666666666,95.0
BER,1904,8.1,-1.2,13.2,3.0,,,,,,,,,881.7,86.0,1767.5,98.0
BER,1905,7.2,-2.1,12.4,2.3,,,,,,,,,1261.1,123.0,1762.5,98.0
BER,1906,7.6,-1.7,13.1,2.6,,,,,,,,,775.8,76.0,2020.5,112.0
BER,1907,7.4,-1.9,12.5,2.4,,,,,,,,,941.0,92.0,1822.3,101.0
BER,1908,7.0,-2.3,12.2,2.2,,,,,,,,,942.2,92.0,1871.4,104.0
BER,1909,6.8,-2.5,12.0,1.7,,,,,,,,,973.5,95.0,1848.8,103.0
BER,1910,7.4,-1.9,12.2,2.9,,,,,,,,,1269.2,124.0,1638.8833333333334,91.0
BER,1911,8.4,-0.9,13.7,3.0,,,,,,,,,768.0,75.0,2044.0,114.0
BER,1912,7.2,-2.1,12.1,2.5,,,,,,,,,1076.0,105.0,1559.1,87.0
BER,1913,7.9,-1.4,13.0,2.9,,,,,,,,,953.6,93.0,1564.7,87.0
BER,1914,7.3,-2.0,12.4,2.3,,,,,,,,,1113.7,109.0,1587.1833333333334,88.0
BER,1915,7.5,-1.8,12.2,2.9,,,,,,,,,1155.5,113.0,1565.8,87.0
BER,1916,7.7,-1.6,12.7,3.0,,,,,,,,,1272.7,125.0,1544.2833333333333,86.0
BER,1917,6.7,-2.6,11.7,2.0,,,,,,,,,946.9,93.0,1711.4,95.0
BER,1918,7.7,-1.6,13.2,2.6,,,,,,,,,971.3,95.0,1850.2,103.0
BER,1919,7.3,-2.0,12.2,2.4,,,,,,,,,996.5,98.0,1758.5,98.0
BER,1920,8.3,-1.0,13.3,2.9,,,,,,,,,770.6,75.0,1655.9,92.0
BER,1921,8.5,-0.8,14.3,2.8,,,,,,,,,725.4,71.0,2043.2833333333333,114.0
BER,1922,7.2,-2.1,12.1,2.2,,,,,,,,,1309.9,128.0,1572.7833333333333,88.0
BER,1923,8.1,-1.2,13.1,3.0,,,,,,,,,1140.8,112.0,1713.2,95.0
BER,1924,7.2,-2.1,11.9,2.5,,,,,,,,,885.6,87.0,1628.5833333333333,91.0
BER,1925,7.5,-1.8,12.3,2.8,,,,,,,,,1012.8,99.0,1809.4833333333333,101.0
BER,1926,8.1,-1.2,13.1,3.3,,,,,,,,,1024.5,100.0,1775.1,99.0
BER,1927,7.9,-1.4,12.8,3.2,,,,,,,,,1147.5,112.0,1761.9,98.0
BER,1928,8.6,-0.7,13.7,3.6,,,,,,,,,1027.8,101.0,1839.6,102.0
BER,1929,7.5,-1.8,12.5,2.3,,,,,,,,,804.5,79.0,1927.9833333333333,107.0
BER,1930,8.6,-0.7,13.2,4.0,,,,,,,,,1291.5,126.0,1549.8,86.0
BER,1931,7.3,-2.0,12.1,2.4,,,,,,,,,1137.6,111.0,1742.5,97.0
BER,1932,7.5,-1.8,12.4,2.9,,,,,,,,,957.2,94.0,1630.1,91.0
BER,1933,7.4,-1.9,12.2,2.7,,,,,,,,,838.6,82.0,1727.3,96.0
BER,1934,8.5,-0.8,13.6,3.6,,,,,,,,,850.7,83.0,1924.7,107.0
BER,1935,7.9,-1.4,12.7,3.2,,,,,,,,,1217.2,119.0,1746.9,97.0
BER,1936,8.1,-1.2,12.5,3.8,,,,,,,,,1220.6,119.0,1494.2833333333333,83.0
BER,1937,8.2,-1.1,12.7,3.8,,,,,,,,,1131.6,111.0,1626.4,90.0
BER,1938,7.8,-1.5,12.9,3.0,,,,,,,,,1018.0,100.0,1944.2833333333333,108.0
BER,1939,7.4,-1.9,11.7,3.2,,,,,,,,,1108.9,109.0,1391.9,77.0
BER,1940,6.9,-2.4,11.4,2.3,,,,,,,,,1145.8,112.0,1617.3,90.0
BER,1941,7.0,-2.3,11.6,2.4,,,,,,,,,792.8,78.0,1621.7833333333333,90.0
BER,1942,7.3,-2.0,12.3,2.9,,,,,,,,,790.5,77.0,1818.5,101.0
BER,1943,8.5,-0.8,13.7,4.0,,,,,,,,,790.9,77.0,1919.7,107.0
BER,1944,7.5,-1.8,12.3,3.2,,,,,,,,,1015.7,99.0,1679.4,93.0
BER,1945,8.3,-1.0,13.7,3.5,,,,,,,,,753.0,74.0,2025.0,113.0
BER,1946,8.0,-1.3,13.0,3.7,,,,,,,,,971.2,95.0,1697.8833333333334,94.0
BER,1947,9.3,0.0,14.4,4.0,,,,,,,,,672.8,66.0,1950.5,109.0
BER,1948,8.6,-0.7,13.5,3.7,,,,,,,,,944.1,92.0,1796.3,100.0
BER,1949,9.0,-0.3,14.3,3.8,,,,,,,,,632.8,62.0,2130.7,119.0
BER,1950,8.7,-0.6,13.7,3.9,,,,,,,,,1121.8,110.0,1834.1,102.0
BER,1951,8.2,-1.1,12.7,3.8,,,,,,,,,1177.9,115.0,1607.2,89.0
BER,1952,8.3,-1.0,13.0,3.6,,,,,,,,,1234.1,121.0,1787.0833333333333,99.0
BER,1953,8.1,-1.2,13.0,3.3,,,,,,,,,728.7,71.0,1791.8,100.0
BER,1954,7.8,-1.5,12.4,3.1,,,,,,,,,1131.6,111.0,1607.1,89.0
BER,1955,7.6,-1.7,12.4,3.0,,,,,,,,,1089.7,107.0,1671.2833333333333,93.0
BER,1956,6.5,-2.8,11.3,2.0,,,,,,,,,1043.7,102.0,1721.7,96.0
BER,1957,7.9,-1.4,13.0,3.2,,,,,,,,,924.8,91.0,1783.3,99.0
BER,1958,8.0,-1.3,12.7,3.6,,,,,,,,,1102.7,108.0,1683.3833333333334,94.0
BER,1959,8.6,-0.7,13.7,4.1,30.4,-10.7,39.0,3.0,,0.0,110.0,17.0,914.3,89.0,2021.4,112.0
BER,1960,7.9,-1.4,12.6,3.6,28.1,-17.1,13.0,0.0,,0.0,102.0,23.0,1070.4,105.0,1771.0,99.0
BER,1961,8.9,-0.4,13.9,4.4,29.6,-11.6,34.0,0.0,,0.0,102.0,18.0,1002.1,98.0,1855.8,103.0
BER,1962,7.3,-2.0,12.2,2.6,31.6,-15.6,38.0,5.0,,0.0,140.0,29.0,780.5,76.0,1942.8,108.0
BER,1963,6.8,-2.5,11.6,2.4,30.0,-23.2,21.0,1.0,,0.0,125.0,54.0,960.4,94.0,1685.6,94.0
BER,1964,8.1,-1.2,12.7,3.6,32.1,-15.0,41.0,8.0,,0.0,117.0,38.0,855.9,84.0,1642.4,91.0
BER,1965,7.4,-1.9,11.9,3.0,31.8,-13.8,23.0,2.0,,0.0,116.0,17.0,1371.8,134.0,1488.5,83.0
BER,1966,8.5,-0.8,13.1,3.9,31.7,-17.8,29.0,2.0,,0.0,110.0,17.0,1067.0,104.0,1662.9,93.0
BER,1967,8.3,-1.0,13.3,3.5,30.8,-15.2,34.0,2.0,,0.0,111.0,24.0,852.4,83.0,1842.3,103.0
BER,1968,7.8,-1.5,12.4,3.5,30.9,-17.7,17.0,4.0,,0.0,122.0,27.0,1150.7,113.0,1645.8,92.0
BER,1969,7.6,-1.7,12.2,3.0,29.9,-13.3,32.0,0.0,,0.0,126.0,41.0,869.0,85.0,1679.7,93.0
BER,1970,7.7,-1.6,12.2,3.2,31.4,-14.1,29.0,1.0,0.0,0.0,128.0,30.0,1059.1,104.0,1586.7,88.0
BER,1971,7.7,-1.6,12.7,3.1,30.9,-18.0,35.0,2.0,0.0,0.0,129.0,31.0,898.7,88.0,1944.8,108.0
BER,1972,7.5,-1.8,12.1,3.1,29.2,-9.9,19.0,0.0,0.0,0.0,113.0,26.0,901.0,88.0,1562.2,87.0
BER,1973,7.6,-1.7,12.2,3.3,29.4,-15.9,37.0,0.0,0.0,0.0,148.0,26.0,950.3,93.0,1638.2,91.0
BER,1974,8.4,-0.9,12.8,4.0,32.5,-6.1,22.0,3.0,0.0,0.0,96.0,2.0,929.4,91.0,1520.0,85.0
BER,1975,8.1,-1.2,12.5,3.9,30.4,-10.6,33.0,2.0,0.0,0.0,117.0,18.0,936.3,92.0,1526.9,85.0
BER,1976,8.3,-1.0,12.9,3.5,31.0,-14.3,42.0,4.0,0.0,0.0,125.0,32.0,725.3,71.0,1884.9,105.0
BER,1977,8.3,-1.0,12.7,4.0,27.8,-11.3,13.0,0.0,0.0,0.0,101.0,14.0,1284.7,126.0,1397.2,78.0
BER,1978,7.4,-1.9,11.9,3.2,29.1,-11.5,15.0,0.0,0.0,0.0,115.0,26.0,1058.2,104.0,1483.2666666666667,83.0
BER,1979,8.0,-1.3,12.6,3.9,31.7,-16.4,25.0,1.0,0.0,0.0,107.0,17.0,1241.6,122.0,1550.55,86.0
BER,1980,7.5,-1.8,12.0,3.4,30.3,-15.7,22.0,1.0,0.0,0.0,120.0,32.0,1147.9,112.0,1468.2666666666667,82.0
BER,1981,8.2,-1.1,12.8,3.4,30.9,-15.4,30.0,2.0,0.0,0.0,111.0,26.0,1173.1,115.0,1477.0,82.0
BER,1982,8.8,-0.5,13.4,4.3,29.9,-11.1,31.0,0.0,0.0,0.0,110.0,10.0,1177.4,115.0,1564.5166666666667,87.0
BER,1983,8.6,-0.7,13.4,4.0,34.6,-10.9,45.0,12.0,0.0,0.0,113.0,18.0,931.3,91.0,1575.7166666666667,88.0
BER,1984,7.9,-1.4,12.4,3.5,30.6,-12.5,26.0,3.0,0.0,0.0,122.0,16.0,984.8,96.0,1587.4,88.0
BER,1985,7.7,-1.6,12.7,2.9,31.7,-21.1,48.0,4.0,0.0,0.0,129.0,42.0,987.7,97.0,1739.3,97.0
BER,1986,8.1,-1.2,12.8,3.6,31.7,-17.1,42.0,5.0,0.0,0.0,113.0,31.0,1131.4,111.0,1609.3666666666666,90.0
BER,1987,8.0,-1.3,12.5,4.0,31.6,-21.5,44.0,8.0,0.0,0.0,106.0,37.0,1235.1,121.0,1372.4666666666667,76.0
BER,1988,9.0,-0.3,13.5,4.7,31.1,-10.8,27.0,3.0,0.0,0.0,98.0,8.0,1135.7,111.0,1515.5,84.0
BER,1989,8.9,-0.4,14.0,4.2,31.2,-7.4,38.0,2.0,0.0,0.0,92.0,20.0,761.5,75.0,1877.7,104.0
BER,1990,9.2,-0.1,14.1,4.6,32.2,-9.9,41.0,6.0,0.0,0.0,86.0,19.0,1270.8,124.0,1841.6666666666667,102.0
BER,1991,8.4,-0.9,13.0,3.8,31.2,-14.7,58.0,5.0,0.0,0.0,113.0,36.0,867.9,85.0,1763.9166666666667,98.0
BER,1992,9.0,-0.3,13.4,4.6,32.7,-14.5,39.0,13.0,0.0,0.0,96.0,23.0,1042.3,102.0,1543.8,86.0
BER,1993,8.7,-0.6,13.2,4.4,31.9,-12.6,33.0,4.0,0.0,0.0,103.0,24.0,1040.8,102.0,1540.55,86.0
BER,1994,10.1,0.8,14.4,6.0,33.2,-9.8,52.0,11.0,0.0,0.0,64.0,10.0,1087.3,106.0,1461.1833333333334,81.0
BER,1995,8.9,-0.4,13.6,4.4,33.1,-14.8,38.0,7.0,0.0,0.0,104.0,24.0,1222.0,120.0,1679.75,93.0
BER,1996,8.0,-1.3,12.3,3.7,30.3,-11.9,28.0,1.0,0.0,0.0,112.0,32.0,1051.7,103.0,1565.75,87.0
BER,1997,9.1,-0.2,13.9,4.3,29.2,-10.4,37.0,0.0,0.0,0.0,114.0,18.0,941.4,92.0,1831.1,102.0
BER,1998,8.9,-0.4,13.9,4.1,34.0,-11.7,48.0,11.0,0.0,0.0,117.0,23.0,884.3,87.0,1713.3666666666666,95.0
BER,1999,9.0,-0.3,13.6,4.6,30.5,-15.6,41.0,2.0,0.0,0.0,100.0,23.0,1317.7,129.0,1553.7833333333333,86.0
BER,2000,9.6,0.3,14.5,4.9,30.6,-14.4,40.0,1.0,0.0,0.0,82.0,7.0,983.7,96.0,1765.5666666666666,98.0
BER,2001,9.2,-0.1,13.7,4.7,30.5,-14.3,43.0,2.0,0.0,0.0,99.0,14.0,1277.8,125.0,1633.5833333333333,91.0
BER,2002,9.5,0.2,14.0,4.9,32.4,-11.4,34.0,6.0,0.0,0.0,66.0,15.0,1316.2,129.0,1617.5833333333333,90.0
BER,2003,9.7,0.4,14.9,4.4,36.8,-15.4,83.0,29.0,3.0,0.0,116.0,24.0,737.8,72.0,2099.766666666667,117.0
BER,2004,8.9,-0.4,13.4,4.4,30.1,-10.4,40.0,1.0,0.0,0.0,113.0,15.0,1011.5,99.0,1620.3666666666666,90.0
BER,2005,8.7,-0.6,13.5,3.9,33.3,-16.0,49.0,11.0,0.0,0.0,115.0,41.0,859.4,84.0,1883.2333333333333,105.0
BER,2006,9.3,0.0,14.0,4.8,33.4,-12.9,51.0,16.0,0.0,0.0,110.0,28.0,1215.6,119.0,1775.2666666666667,99.0
BER,2007,9.5,0.2,14.3,4.8,30.6,-11.4,36.0,2.0,0.0,0.0,94.0,20.0,1290.6,126.0,1940.4166666666667,108.0
BER,2008,9.0,-0.3,13.6,4.5,31.3,-9.9,38.0,2.0,0.0,0.0,105.0,10.0,945.0,92.0,1797.75,100.0
BER,2009,9.4,0.1,14.1,4.8,33.2,-12.9,49.0,8.0,0.0,0.0,100.0,27.0,959.2,94.0,1889.4833333333333,105.0
BER,2010,8.3,-1.0,12.9,4.2,32.9,-16.3,40.0,10.0,0.0,0.0,108.0,38.0,915.1,90.0,1658.5833333333333,92.0
BER,2011,9.9,0.6,15.3,5.2,32.9,-10.4,45.0,8.0,0.0,0.0,96.0,11.0,789.4,77.0,2181.3333333333335,121.0
BER,2012,9.2,-0.1,14.0,4.4,33.5,-18.5,43.0,9.0,0.0,0.0,94.0,20.0,1127.7,110.0,1914.45,107.0
BER,2013,8.7,-0.6,13.1,4.5,34.1,-12.4,46.0,11.0,0.0,0.0,114.0,24.0,1113.0,109.0,1709.0666666666666,95.0
BER,2014,10.0,0.7,14.7,5.5,31.3,-13.4,24.0,5.0,0.0,0.0,74.0,2.0,1033.8,101.0,1822.7166666666667,101.0
BER,2015,9.9,0.6,15.0,5.0,36.8,-11.9,55.0,26.0,1.0,0.0,99.0,9.0,767.8,75.0,2076.9666666666667,116.0
BER,2016,9.4,0.1,14.0,5.0,32.2,-14.2,51.0,9.0,0.0,0.0,95.0,7.0,1056.0,103.0,1759.7666666666667,98.0
BER,2017,9.6,0.3,14.7,4.6,33.0,-15.5,64.0,11.0,0.0,0.0,102.0,19.0,854.1,84.0,2006.3,112.0
BER,2018,10.5,1.2,15.4,5.8,33.3,-14.6,70.0,17.0,0.0,0.0,85.0,13.0,907.1,89.0,1968.7666666666667,110.0
BER,2019,10.0,0.7,14.9,5.1,35.4,-9.5,56.0,16.0,1.0,0.0,100.0,6.0,999.3,98.0,1984.8833333333334,110.0
BER,2020,10.3,1.0,15.3,5.5,33.6,-6.4,53.0,12.0,0.0,0.0,91.0,3.0,1037.2,102.0,2154.65,120.0
BER,2021,9.2,-0.1,13.8,4.9,30.5,-9.9,34.0,4.0,0.0,0.0,108.0,15.0,1136.6,111.0,1861.9166666666667,104.0
BER,2022,10.9,1.6,16.1,5.8,35.1,-9.4,74.0,16.0,1.0,0.0,91.0,6.0,895.1,88.0,2169.7166666666667,121.0
BER,2023,11.1,1.8,16.0,6.2,35.1,-14.1,83.0,16.0,1.0,0.0,76.0,10.0,1079.9,106.0,1993.3,111.0
BER,2024,10.6,1.3,15.1,6.4,33.0,-10.7,55.0,10.0,0.0,0.0,73.0,14.0,1021.6,100.0,1541.5666666666666,86.0
BER,2025,10.3,1.0,15.2,5.7,34.3,-8.2,59.0,18.0,0.0,0.0,83.0,7.0,1060.9,104.0,1923.75,107.0
CDF,1900,,,,,,,,,,,,,1163.0,84.0,,
CDF,1901,4.5,-2.5,,-0.6,,,,,,,,,1417.8,102.0,1743.8,100.0
CDF,1902,5.1,-1.9,,0.3,,,,,,,,,1308.1,94.0,1608.1333333333334,92.0
CDF,1903,5.1,-1.9,,0.2,,,,,,,,,1111.7,80.0,1564.05,90.0
CDF,1904,5.6,-1.4,,0.6,,,,,,,,,1119.6,81.0,1680.0666666666666,96.0
CDF,1905,4.8,-2.2,,-0.2,,,,,,,,,1357.1,98.0,1634.5,94.0
CDF,1906,5.0,-2.0,,-0.4,,,,,,,,,1150.5,83.0,1840.95,105.0
CDF,1907,5.1,-1.9,,-0.3,,,,,,,,,1058.3,76.0,1610.3166666666666,92.0
CDF,1908,4.8,-2.2,,-0.7,,,,,,,,,1224.9,88.0,1802.0333333333333,103.0
CDF,1909,4.1,-2.9,,-1.0,,,,,,,,,1512.6,109.0,1721.8,99.0
CDF,1910,4.9,-2.1,,0.1,,,,,,,,,1779.7,128.0,1517.0666666666666,87.0
CDF,1911,6.1,-0.9,,0.7,,,,,,,,,1055.3,76.0,2054.4166666666665,118.0
CDF,1912,5.0,-2.0,,-0.2,,,,,,,,,1380.8,99.0,1515.7666666666667,87.0
CDF,1913,5.6,-1.4,,0.5,,,,,,,,,1176.1,85.0,1551.3,89.0
CDF,1914,5.0,-2.0,,-0.1,,,,,,,,,1549.6,112.0,1643.1666666666667,94.0
CDF,1915,5.1,-1.9,,0.2,,,,,,,,,1496.4,108.0,1625.0,93.0
CDF,1916,5.4,-1.6,,0.5,,,,,,,,,1678.0,121.0,1529.6,88.0
CDF,1917,4.3,-2.7,,-0.8,,,,,,,,,1519.4,109.0,1704.9666666666667,98.0
CDF,1918,5.4,-1.6,,0.1,,,,,,,,,1312.1,94.0,1894.6666666666667,108.0
CDF,1919,4.6,-2.4,,-0.4,,,,,,,,,1515.5,109.0,1629.1333333333334,93.0
CDF,1920,5.9,-1.1,,0.9,,,,,,,,,1028.3,74.0,1772.5,101.0
CDF,1921,6.1,-0.9,,0.8,,,,,,,,,834.4,60.0,2160.3166666666666,124.0
CDF,1922,4.8,-2.2,,-0.4,,,,,,,,,1679.1,121.0,1551.7666666666667,89.0
CDF,1923,5.5,-1.5,,0.6,,,,,,,,,1479.4,107.0,1603.55,92.0
CDF,1924,5.1,-1.9,,-0.1,,,,,,,,,1232.4,89.0,1796.15,103.0
CDF,1925,5.0,-2.0,,0.3,,,,,,,,,1360.2,98.0,1716.85,98.0
CDF,1926,5.8,-1.2,,1.0,,,,,,,,,1226.4,88.0,1743.3166666666666,100.0
CDF,1927,5.5,-1.5,,0.6,,,,,,,,,1496.0,108.0,1784.25,102.0
CDF,1928,6.0,-1.0,,0.9,,,,,,,,,1303.3,94.0,1689.0833333333333,97.0
CDF,1929,5.3,-1.7,,-0.1,,,,,,,,,971.5,70.0,1835.4,105.0
CDF,1930,6.1,-0.9,,1.4,,,,,,,,,1631.6,117.0,1459.9666666666667,84.0
CDF,1931,4.7,-2.3,,-0.4,,,,,,,,,1407.5,101.0,1619.9333333333334,93.0
CDF,1932,5.4,-1.6,,0.4,,,,,,,,,1165.5,84.0,1697.7666666666667,97.0
CDF,1933,5.1,-1.9,,0.1,,,,,,,,,1094.9,79.0,1790.3666666666666,102.0
CDF,1934,6.1,-0.9,,0.9,,,,,,,,,1036.8,75.0,1932.0666666666666,111.0
CDF,1935,5.2,-1.8,,0.0,,,,,,,,,1546.9,111.0,1603.2833333333333,92.0
CDF,1936,5.5,-1.5,,1.2,,,,,,,,,1522.6,110.0,1460.4,84.0
CDF,1937,5.9,-1.1,,1.6,,,,,,,,,1446.9,104.0,1543.8,88.0
CDF,1938,5.3,-1.7,,0.6,,,,,,,,,1203.8,87.0,1870.35,107.0
CDF,1939,5.0,-2.0,,0.7,,,,,,,,,1789.0,129.0,1363.9666666666667,78.0
CDF,1940,4.5,-2.5,,-0.3,,,,,,,,,1531.9,110.0,1637.3,94.0
CDF,1941,4.4,-2.6,,-0.1,,,,,,,,,1169.1,84.0,1673.6666666666667,96.0
CDF,1942,5.2,-1.8,,0.3,,,,,,,,,1315.5,95.0,1843.15,106.0
CDF,1943,6.2,-0.8,,1.0,,,,,,,,,1267.9,91.0,1866.45,107.0
CDF,1944,4.9,-2.1,,0.1,,,,,,,,,1528.8,110.0,1535.55,88.0
CDF,1945,6.0,-1.0,,1.0,,,,,,,,,1318.8,95.0,2031.4,116.0
CDF,1946,5.6,-1.4,,1.1,,,,,,,,,1312.1,94.0,1660.0333333333333,95.0
CDF,1947,6.8,-0.2,,1.5,,,,,,,,,1190.9,86.0,1859.85,106.0
CDF,1948,6.3,-0.7,,1.4,,,,,,,,,1429.8,103.0,1851.3166666666666,106.0
CDF,1949,6.6,-0.4,,1.5,,,,,,,,,902.3,65.0,2081.2,119.0
CDF,1950,6.2,-0.8,,1.4,,,,,,,,,1585.3,114.0,1723.55,99.0
CDF,1951,5.9,-1.1,,1.2,,,,,,,,,1461.9,105.0,1587.7166666666667,91.0
CDF,1952,5.7,-1.3,,0.9,,,,,,,,,1565.9,113.0,1713.4333333333334,98.0
CDF,1953,5.8,-1.2,,0.8,,,,,,,,,984.4,71.0,1926.0333333333333,110.0
CDF,1954,4.9,-2.1,,0.4,,,,,,,,,1424.8,103.0,1600.7833333333333,92.0
CDF,1955,5.3,-1.7,,0.8,,,,,,,,,1416.8,102.0,1724.6333333333334,99.0
CDF,1956,4.1,-2.9,,-0.3,,,,,,,,,1499.9,108.0,1614.8666666666666,92.0
CDF,1957,5.6,-1.4,,0.8,,,,,,,,,1294.3,93.0,1766.0166666666667,101.0
CDF,1958,5.7,-1.3,,0.9,,,,,,,,,1394.8,100.0,1677.8666666666666,96.0
CDF,1959,6.6,-0.4,11.2,1.6,26.8,-14.2,6.0,0.0,,0.0,159.0,16.0,1205.2,87.0,1942.9833333333333,111.0
CDF,1960,5.8,-1.2,9.9,0.9,25.6,-18.6,1.0,0.0,,0.0,152.0,28.0,1472.4,106.0,1539.6166666666666,88.0
CDF,1961,6.6,-0.4,11.3,1.8,25.0,-13.9,3.0,0.0,,0.0,140.0,17.0,1298.6,94.0,1819.6166666666666,104.0
CDF,1962,4.5,-2.5,9.5,-0.1,27.7,-20.7,9.0,0.0,,0.0,180.0,47.0,1284.3,92.0,1855.9,106.0
CDF,1963,4.8,-2.2,9.7,0.5,25.0,-22.8,1.0,0.0,,0.0,147.0,47.0,1314.7,95.0,1635.45,94.0
CDF,1964,6.0,-1.0,10.8,1.8,28.8,-16.8,12.0,0.0,,0.0,153.0,24.0,893.3,64.0,1734.9833333333333,99.0
CDF,1965,4.9,-2.1,9.7,0.6,27.1,-15.7,5.0,0.0,,0.0,149.0,41.0,1709.4,123.0,1355.0833333333333,78.0
CDF,1966,5.8,-1.2,10.4,1.2,28.5,-21.0,5.0,0.0,,0.0,149.0,26.0,1609.3,116.0,1455.8,83.0
CDF,1967,5.8,-1.2,10.8,1.0,27.0,-20.1,14.0,0.0,,0.0,154.0,32.0,1277.2,92.0,1786.8,102.0
CDF,1968,5.5,-1.5,10.2,0.8,28.2,-24.1,7.0,0.0,,0.0,159.0,34.0,1611.7,116.0,1633.2166666666667,93.0
CDF,1969,5.1,-1.9,9.8,0.2,26.1,-17.9,4.0,0.0,,0.0,160.0,49.0,1308.7,94.0,1604.6166666666666,92.0
CDF,1970,5.4,-1.6,10.1,0.8,27.0,-18.7,4.0,0.0,0.0,0.0,164.0,37.0,1776.3,128.0,1482.3,85.0
CDF,1971,5.9,-1.1,10.5,1.2,26.7,-21.7,4.0,0.0,0.0,0.0,153.0,30.0,985.0,71.0,1880.6,108.0
CDF,1972,5.5,-1.5,10.4,1.0,27.5,-14.3,5.0,0.0,0.0,0.0,155.0,13.0,1203.8,87.0,1587.75,91.0
CDF,1973,5.4,-1.6,10.2,0.6,26.6,-16.6,18.0,0.0,0.0,0.0,167.0,39.0,1273.3,92.0,1658.25,95.0
CDF,1974,5.7,-1.3,10.0,1.3,30.6,-10.5,8.0,1.0,0.0,0.0,167.0,22.0,1364.4,98.0,1378.65,79.0
CDF,1975,5.8,-1.2,10.4,1.4,28.4,-14.3,10.0,0.0,0.0,0.0,167.0,20.0,1256.3,90.0,1590.3666666666666,91.0
CDF,1976,6.0,-1.0,10.6,1.3,27.6,-16.6,15.0,0.0,0.0,0.0,163.0,37.0,1010.3,73.0,1818.6833333333334,104.0
CDF,1977,5.9,-1.1,10.6,1.5,25.1,-13.0,1.0,0.0,0.0,0.0,146.0,33.0,1786.7,129.0,1417.3666666666666,81.0
CDF,1978,5.3,-1.7,9.9,0.9,25.6,-14.8,3.0,0.0,0.0,0.0,151.0,38.0,1501.2,108.0,1558.2166666666667,89.0
CDF,1979,5.5,-1.5,10.1,1.2,26.6,-20.9,2.0,0.0,0.0,0.0,153.0,41.0,1583.8,114.0,1398.8833333333334,80.0
CDF,1980,4.8,-2.2,9.4,1.0,28.5,-18.5,6.0,0.0,0.0,0.0,152.0,38.0,1650.5,119.0,1383.1333333333334,79.0
CDF,1981,5.4,-1.6,10.1,0.8,28.0,-21.7,6.0,0.0,0.0,0.0,144.0,34.0,1609.3,116.0,1385.9833333333333,79.0
CDF,1982,6.5,-0.5,11.4,2.2,28.4,-18.3,10.0,0.0,0.0,0.0,146.0,18.0,1599.0,115.0,1642.25,94.0
CDF,1983,6.3,-0.7,11.4,1.6,33.8,-17.1,19.0,5.0,0.0,0.0,134.0,28.0,1731.1,125.0,1615.7666666666667,92.0
CDF,1984,5.4,-1.6,10.1,0.8,30.1,-18.2,9.0,1.0,0.0,0.0,159.0,40.0,1314.4,95.0,1587.7,91.0
CDF,1985,5.5,-1.5,10.4,0.6,29.5,-29.5,8.0,0.0,0.0,0.0,151.0,47.0,1183.4,85.0,1747.6166666666666,100.0
CDF,1986,5.8,-1.2,10.6,1.1,30.2,-25.7,11.0,1.0,0.0,0.0,143.0,34.0,1437.4,104.0,1648.1666666666667,94.0
CDF,1987,5.7,-1.3,10.4,1.3,27.9,-28.4,17.0,0.0,0.0,0.0,133.0,45.0,1766.4,127.0,1506.15,86.0
CDF,1988,6.6,-0.4,11.1,2.1,29.2,-18.6,8.0,0.0,0.0,0.0,128.0,26.0,1737.0,125.0,1510.1833333333334,86.0
CDF,1989,7.1,0.1,12.6,2.2,28.7,-9.2,6.0,0.0,0.0,0.0,124.0,0.0,1091.2,79.0,2008.7333333333333,115.0
CDF,1990,7.0,0.0,12.0,2.1,29.5,-12.8,15.0,0.0,0.0,0.0,129.0,20.0,1523.8,110.0,1813.6833333333334,104.0
CDF,1991,6.1,-0.9,11.0,1.2,28.7,-22.3,13.0,0.0,0.0,0.0,155.0,25.0,1220.4,88.0,1851.2166666666667,106.0
CDF,1992,6.8,-0.2,11.5,2.1,29.2,-16.9,22.0,0.0,0.0,0.0,127.0,20.0,1489.7,107.0,1616.7166666666667,93.0
CDF,1993,6.4,-0.6,11.1,1.8,28.3,-19.5,8.0,0.0,0.0,0.0,138.0,29.0,1489.0,107.0,1601.7833333333333,92.0
CDF,1994,7.7,0.7,12.0,3.2,30.0,-19.2,26.0,1.0,0.0,0.0,101.0,15.0,1626.6,117.0,1480.0833333333333,85.0
CDF,1995,6.6,-0.4,11.0,2.1,30.0,-19.8,11.0,1.0,0.0,0.0,134.0,26.0,1745.2,126.0,1586.55,91.0
CDF,1996,5.9,-1.1,10.5,1.2,26.1,-20.0,3.0,0.0,0.0,0.0,137.0,32.0,1210.0,87.0,1688.8333333333333,97.0
CDF,1997,7.1,0.1,12.3,2.2,27.1,-12.9,9.0,0.0,0.0,0.0,133.0,12.0,1265.7,91.0,1901.6166666666666,109.0
CDF,1998,6.3,-0.7,11.0,1.1,29.8,-20.5,17.0,0.0,0.0,0.0,143.0,32.0,1303.8,94.0,1739.9666666666667,100.0
CDF,1999,6.6,-0.4,11.0,1.8,28.3,-19.5,3.0,0.0,0.0,0.0,143.0,38.0,1781.0,128.0,1584.8666666666666,91.0
CDF,2000,7.0,0.0,11.7,2.0,27.8,-21.9,12.0,0.0,0.0,0.0,121.0,20.0,1343.8,97.0,1726.9833333333333,99.0
CDF,2001,6.5,-0.5,11.1,2.1,27.7,-24.3,13.0,0.0,0.0,0.0,120.0,29.0,1773.5,128.0,1679.65,96.0
CDF,2002,7.2,0.2,11.9,2.7,30.3,-16.7,15.0,1.0,0.0,0.0,105.0,3.0,1824.2,131.0,1632.3833333333334,93.0
CDF,2003,7.2,0.2,12.7,1.7,32.5,-25.9,42.0,9.0,0.0,0.0,147.0,35.0,980.0,71.0,2131.8333333333335,122.0
CDF,2004,6.6,-0.4,11.0,1.9,27.2,-17.4,11.0,0.0,0.0,0.0,134.0,36.0,1290.2,93.0,1603.8,92.0
CDF,2005,6.4,-0.6,11.0,1.4,29.9,-22.1,20.0,0.0,0.0,0.0,130.0,54.0,1078.4,78.0,1831.5833333333333,105.0
CDF,2006,7.2,0.2,11.9,2.3,29.3,-18.7,22.0,0.0,0.0,0.0,126.0,30.0,1567.5,113.0,1758.6,101.0
CDF,2007,7.2,0.2,11.7,2.6,29.8,-16.7,7.0,0.0,0.0,0.0,113.0,20.0,1736.8,125.0,1789.1166666666666,102.0
CDF,2008,7.1,0.1,11.3,2.6,26.9,-18.2,8.0,0.0,0.0,0.0,120.0,20.0,1340.9,97.0,1603.9166666666667,92.0
CDF,2009,7.1,0.1,11.8,2.1,30.7,-21.7,21.0,2.0,0.0,0.0,124.0,32.0,1043.7,75.0,1711.65,98.0
CDF,2010,6.0,-1.0,10.3,1.3,29.1,-21.4,14.0,0.0,0.0,0.0,133.0,54.0,1156.0,83.0,1508.9833333333333,86.0
CDF,2011,7.9,0.9,13.2,2.7,30.3,-13.2,17.0,1.0,0.0,0.0,115.0,17.0,1023.1,74.0,2058.75,118.0
CDF,2012,7.0,0.0,11.6,2.3,31.9,-21.4,16.0,1.0,0.0,0.0,121.0,33.0,1649.1,119.0,1758.7666666666667,101.0
CDF,2013,6.5,-0.5,10.8,2.0,29.9,-20.9,14.0,0.0,0.0,0.0,136.0,37.0,1459.8,105.0,1525.8166666666666,87.0
CDF,2014,8.0,1.0,12.5,3.3,29.5,-18.6,9.0,0.0,0.0,0.0,110.0,8.0,1387.7,100.0,1679.2333333333333,96.0
CDF,2015,7.7,0.7,12.7,2.5,32.5,-13.9,32.0,6.0,0.0,0.0,132.0,24.0,1242.7,89.0,2023.0333333333333,116.0
CDF,2016,7.3,0.3,11.9,2.4,30.4,-20.1,17.0,1.0,0.0,0.0,141.0,17.0,1477.6,106.0,1688.0,97.0
CDF,2017,7.3,0.3,12.2,2.2,29.9,-18.1,28.0,0.0,0.0,0.0,127.0,24.0,1180.9,85.0,1886.5833333333333,108.0
CDF,2018,8.2,1.2,13.1,3.4,29.1,-17.8,22.0,0.0,0.0,0.0,105.0,24.0,1345.3,97.0,1819.9666666666667,104.0
CDF,2019,7.9,0.9,12.6,3.0,32.7,-16.3,22.0,8.0,0.0,0.0,124.0,18.0,1397.0,101.0,1945.2166666666667,111.0
CDF,2020,8.3,1.3,13.2,3.2,31.1,-11.3,21.0,1.0,0.0,0.0,113.0,8.0,1230.0,89.0,1993.4166666666667,114.0
CDF,2021,6.6,-0.4,11.4,1.7,28.6,-17.6,11.0,0.0,0.0,0.0,152.0,36.0,1537.9,111.0,1732.65,99.0
CDF,2022,8.8,1.8,13.8,3.4,32.0,-14.5,36.0,7.0,0.0,0.0,109.0,11.0,1154.5,83.0,2160.15,124.0
CDF,2023,8.4,1.4,13.1,3.5,31.6,-15.7,35.0,3.0,0.0,0.0,112.0,23.0,1497.9,108.0,1786.65,102.0
CDF,2024,8.3,1.3,13.1,3.6,31.2,-13.3,23.0,1.0,0.0,0.0,104.0,11.0,1489.1,107.0,1633.2166666666667,93.0
CDF,2025,8.2,1.2,13.3,3.2,31.1,-18.9,26.0,3.0,0.0,0.0,111.0,14.0,1321.1,95.0,2013.55,115.0
CHD,1879,3.4,-3.4,,,,,,,,,,,1238.7,95.0,,
CHD,1880,5.2,-1.6,,,,,,,,,,,1116.5,86.0,,
CHD,1881,4.6,-2.2,,,,,,,,,,,1236.6,95.0,,
CHD,1882,5.0,-1.8,,,,,,,,,,,1464.5,113.0,,
CHD,1883,4.2,-2.6,,,,,,,,,,,1148.6,88.0,,
CHD,1884,5.0,-1.8,,,,,,,,,,,971.7,75.0,,
CHD,1885,4.7,-2.1,,,,,,,,,,,1227.1,94.0,,
CHD,1886,4.8,-2.0,,,,,,,,,,,1125.1,86.0,,
CHD,1897,,,,,,,,,,,,,1207.6,93.0,,
CHD,1898,,,,,,,,,,,,,1001.8,77.0,,
CHD,1899,,,,,,,,,,,,,1162.0,89.0,,
CHD,1900,,,,,,,,,,,,,1087.6,84.0,,
CHD,1901,4.1,-2.7,,,,,,,,,,,1264.5,97.0,,
CHD,1902,4.5,-2.3,,,,,,,,,,,1325.4,102.0,,
CHD,1903,4.7,-2.1,,,,,,,,,,,1251.1,96.0,,
CHD,1904,5.3,-1.5,,,,,,,,,,,1230.0,94.0,,
CHD,1905,4.4,-2.4,,,,,,,,,,,1292.9,99.0,,
CHD,1906,4.7,-2.1,,,,,,,,,,,1004.7,77.0,,
CHD,1907,4.6,-2.2,,,,,,,,,,,1096.1,84.0,,
CHD,1908,4.4,-2.4,,,,,,,,,,,1072.6,82.0,,
CHD,1909,3.9,-2.9,,,,,,,,,,,1179.2,91.0,,
CHD,1910,4.6,-2.2,,,,,,,,,,,1856.9,143.0,,
CHD,1911,5.7,-1.1,,,,,,,,,,,971.1,75.0,,
CHD,1912,4.6,-2.2,,,,,,,,,,,1385.6,106.0,,
CHD,1913,5.3,-1.5,,,,,,,,,,,1072.1,82.0,,
CHD,1914,4.6,-2.2,,,,,,,,,,,1491.1,115.0,,
CHD,1915,4.6,-2.2,,,,,,,,,,,1436.1,110.0,,
CHD,1916,5.0,-1.8,,,,,,,,,,,1467.8,113.0,,
CHD,1917,3.8,-3.0,,,,,,,,,,,1362.8,105.0,,
CHD,1918,5.2,-1.6,,,,,,,,,,,1334.9,103.0,,
CHD,1919,4.2,-2.6,,,,,,,,,,,1533.2,118.0,,
CHD,1920,5.7,-1.1,,,,,,,,,,,894.2,69.0,,
CHD,1921,5.9,-0.9,,,,,,,,,,,975.3,75.0,,
CHD,1922,4.4,-2.4,,,,,,,,,,,1644.9,126.0,,
CHD,1923,5.3,-1.5,,,,,,,,,,,1398.4,107.0,,
CHD,1924,4.9,-1.9,,,,,,,,,,,1208.8,93.0,,
CHD,1925,5.4,-1.4,,,,,,,,,,,1129.7,87.0,,
CHD,1926,5.7,-1.1,,,,,,,,,,,1322.9,102.0,,
CHD,1927,5.3,-1.5,,,,,,,,,,,1514.7,116.0,,
CHD,1928,5.8,-1.0,,,,,,,,,,,1373.4,106.0,,
CHD,1929,4.9,-1.9,,,,,,,,,,,1090.4,84.0,,
CHD,1930,5.7,-1.1,,,,,,,,,,,1687.7,130.0,,
CHD,1931,4.6,-2.2,,0.0,,,,,,,,,1312.4,101.0,,
CHD,1932,4.9,-1.9,,0.4,,,,,,,,,1166.3,90.0,,
CHD,1933,4.6,-2.2,,0.0,,,,,,,,,1128.9,87.0,,
CHD,1934,5.5,-1.3,,0.7,,,,,,,,,1041.6,80.0,,
CHD,1935,4.8,-2.0,,0.4,,,,,,,,,1501.8,115.0,,
CHD,1936,5.3,-1.5,,1.0,,,,,,,,,1448.2,111.0,,
CHD,1937,5.4,-1.4,11.2,1.3,,,,,,,,,1116.7,86.0,,
CHD,1938,5.0,-1.8,11.4,0.3,,,,,,,,,1152.5,89.0,,
CHD,1939,4.6,-2.2,10.1,0.5,,,,,,,,,1524.8,117.0,,
CHD,1940,4.2,-2.6,10.1,0.0,,,,,,,,,1641.6,126.0,,
CHD,1941,4.4,-2.4,10.4,-0.2,,,,,,,,,1221.5,94.0,,
CHD,1942,5.0,-1.8,11.3,0.5,,,,,,,,,1078.5,83.0,,
CHD,1943,5.9,-0.9,12.1,1.2,,,,,,,,,1159.2,89.0,,
CHD,1944,4.8,-2.0,10.7,0.2,,,,,,,,,1582.8,122.0,,
CHD,1945,5.6,-1.2,12.2,0.6,,,,,,,,,1241.4,95.0,,
CHD,1946,5.6,-1.2,11.7,1.2,,,,,,,,,1311.8,101.0,,
CHD,1947,6.6,-0.2,13.0,1.8,,,,,,,,,1140.5,88.0,,
CHD,1948,5.9,-0.9,11.9,1.4,,,,,,,,,1385.1,106.0,,
CHD,1949,6.2,-0.6,12.4,1.1,,,,,,,,,996.3,77.0,,
CHD,1950,5.8,-1.0,11.9,1.1,,,,,,,,,1426.2,110.0,,
CHD,1951,5.6,-1.2,11.5,1.2,,,,,,,,,1350.2,104.0,,
CHD,1952,5.3,-1.5,11.5,0.8,,,,,,,,,1665.2,128.0,,
CHD,1953,5.3,-1.5,11.7,0.5,,,,,,,,,1026.2,79.0,,
CHD,1954,4.8,-2.0,10.7,0.1,,,,,,,,,1443.4,111.0,,
CHD,1955,5.1,-1.7,11.2,0.5,,,,,,,,,1560.4,120.0,,
CHD,1956,3.9,-2.9,9.7,-0.6,,,,,,,,,1286.4,99.0,,
CHD,1957,5.4,-1.4,11.4,0.9,,,,,,,,,1130.0,87.0,,
CHD,1958,5.4,-1.4,11.2,1.1,,,,,,,,,1492.1,115.0,,
CHD,1959,6.1,-0.7,12.2,1.5,27.4,-17.0,9.0,0.0,,0.0,150.0,17.0,1231.2,95.0,,
CHD,1960,5.4,-1.4,11.1,1.0,25.4,-20.5,1.0,0.0,,0.0,152.0,28.0,1601.5,123.0,,
CHD,1961,6.2,-0.6,12.2,1.7,25.9,-13.9,7.0,0.0,,0.0,144.0,14.0,1325.7,102.0,,
CHD,1962,4.6,-2.2,10.8,-0.2,28.8,-22.9,19.0,0.0,,0.0,176.0,39.0,1166.4,90.0,,
CHD,1963,4.4,-2.4,10.4,0.1,26.0,-24.6,8.0,0.0,,0.0,149.0,50.0,1400.1,108.0,,
CHD,1964,5.6,-1.2,11.4,1.2,28.3,-16.6,15.0,0.0,,0.0,154.0,24.0,1145.9,88.0,,
CHD,1965,4.6,-2.2,10.4,0.4,28.1,-18.3,8.0,0.0,,0.0,154.0,28.0,1754.7,135.0,,
CHD,1966,5.5,-1.3,11.2,1.3,27.9,-23.7,5.0,0.0,,0.0,139.0,24.0,1330.3,102.0,,
CHD,1967,5.4,-1.4,11.3,0.9,27.3,-20.2,11.0,0.0,,0.0,156.0,27.0,1266.0,97.0,,
CHD,1968,5.2,-1.6,10.9,1.0,29.2,-22.4,9.0,0.0,,0.0,148.0,29.0,1529.3,117.0,,
CHD,1969,4.6,-2.2,10.4,0.2,27.2,-18.6,11.0,0.0,,0.0,154.0,52.0,1235.0,95.0,,
CHD,1970,4.9,-1.9,10.7,0.5,27.7,-17.8,13.0,0.0,0.0,0.0,166.0,36.0,1389.9,107.0,,
CHD,1971,5.5,-1.3,11.4,0.7,27.9,-23.0,17.0,0.0,0.0,0.0,159.0,29.0,1078.9,83.0,,
CHD,1972,5.2,-1.6,10.9,0.8,27.6,-15.2,7.0,0.0,0.0,0.0,172.0,15.0,1077.4,83.0,,
CHD,1973,5.1,-1.7,11.0,0.5,28.0,-20.1,18.0,0.0,0.0,0.0,175.0,32.0,1233.5,95.0,,
CHD,1974,5.5,-1.3,10.8,1.2,29.1,-13.3,12.0,0.0,0.0,0.0,169.0,7.0,1495.8,115.0,,
CHD,1975,5.6,-1.2,11.3,1.4,30.0,-13.9,13.0,1.0,0.0,0.0,163.0,15.0,1201.9,92.0,,
CHD,1976,5.5,-1.3,11.4,0.8,28.3,-20.0,15.0,0.0,0.0,0.0,159.0,29.0,1086.8,83.0,,
CHD,1977,5.7,-1.1,11.2,1.5,25.5,-16.6,1.0,0.0,0.0,0.0,144.0,28.0,1478.1,114.0,,
CHD,1978,5.1,-1.7,10.7,0.6,26.7,-18.6,6.0,0.0,0.0,0.0,169.0,30.0,1334.6,103.0,,
CHD,1979,5.6,-1.2,10.9,1.4,27.1,-17.9,8.0,0.0,0.0,0.0,143.0,27.0,1533.3,118.0,,
CHD,1980,4.8,-2.0,10.0,0.9,27.0,-17.7,6.0,0.0,0.0,0.0,164.0,31.0,1602.5,123.0,,
CHD,1981,5.5,-1.3,11.1,1.0,28.3,-16.5,7.0,0.0,0.0,0.0,150.0,39.0,1725.6,133.0,,
CHD,1982,6.5,-0.3,12.1,2.2,27.8,-15.7,13.0,0.0,0.0,0.0,164.0,14.0,1468.5,113.0,,
CHD,1983,6.2,-0.6,12.0,1.5,34.4,-16.7,22.0,6.0,0.0,0.0,145.0,28.0,1314.2,101.0,,
CHD,1984,5.3,-1.5,10.9,0.1,32.7,-16.9,9.0,1.0,0.0,0.0,175.0,33.0,1324.5,102.0,,
CHD,1985,5.3,-1.5,10.6,0.4,28.4,-25.5,9.0,0.0,0.0,0.0,168.0,48.0,1403.1,108.0,,
CHD,1986,5.8,-1.0,11.2,1.1,28.6,-21.2,14.0,0.0,0.0,0.0,159.0,37.0,1607.3,123.0,,
CHD,1987,5.7,-1.1,11.0,1.2,29.4,-26.9,20.0,0.0,0.0,0.0,155.0,39.0,1421.6,109.0,,
CHD,1988,6.3,-0.5,11.7,1.9,28.2,-16.8,16.0,0.0,0.0,0.0,135.0,23.0,1537.9,118.0,,
CHD,1989,6.6,-0.2,12.9,1.5,29.3,-12.4,9.0,0.0,0.0,0.0,151.0,7.0,1036.1,80.0,,
CHD,1990,6.7,-0.1,12.6,1.6,28.8,-16.2,20.0,0.0,0.0,0.0,148.0,19.0,1473.0,113.0,,
CHD,1991,6.0,-0.8,11.9,1.0,27.9,-19.6,26.0,0.0,0.0,0.0,170.0,23.0,1227.1,94.0,,
CHD,1992,6.6,-0.2,12.1,2.0,30.1,-17.0,24.0,1.0,0.0,0.0,148.0,20.0,1457.3,112.0,,
CHD,1993,6.1,-0.7,11.9,1.6,28.9,-19.7,21.0,0.0,0.0,0.0,140.0,27.0,1474.1,113.0,,
CHD,1994,7.5,0.7,13.0,3.1,30.3,-14.6,32.0,1.0,0.0,0.0,120.0,13.0,1368.5,105.0,,
CHD,1995,6.3,-0.5,11.9,1.7,29.7,-21.4,18.0,0.0,0.0,0.0,144.0,22.0,1586.1,122.0,,
CHD,1996,5.9,-0.9,11.2,1.4,28.7,-15.9,10.0,0.0,0.0,0.0,140.0,24.0,1212.6,93.0,,
CHD,1997,6.9,0.1,12.7,2.0,26.8,-11.9,11.0,0.0,0.0,0.0,154.0,10.0,1325.1,102.0,,
CHD,1998,6.2,-0.6,12.0,1.5,30.8,-16.9,21.0,2.0,0.0,0.0,150.0,34.0,1216.1,93.0,,
CHD,1999,6.5,-0.3,11.8,2.0,28.6,-17.9,16.0,0.0,0.0,0.0,147.0,34.0,1655.0,127.0,,
CHD,2000,7.0,0.2,12.5,2.2,30.3,-17.1,22.0,1.0,0.0,0.0,134.0,19.0,1075.4,83.0,,
CHD,2001,6.6,-0.2,11.8,2.2,30.3,-19.6,21.0,1.0,0.0,0.0,126.0,29.0,1487.8,114.0,,
CHD,2002,7.2,0.4,12.4,2.7,31.2,-17.8,18.0,2.0,0.0,0.0,119.0,10.0,1445.1,111.0,,
CHD,2003,7.1,0.3,13.1,1.7,32.7,-20.5,55.0,11.0,0.0,0.0,157.0,32.0,1082.8,83.0,,
CHD,2004,6.5,-0.3,11.8,1.8,28.8,-15.7,19.0,0.0,0.0,0.0,148.0,28.0,1219.1,94.0,,
CHD,2005,5.8,-1.0,11.6,0.9,31.3,-20.3,26.0,1.0,0.0,0.0,143.0,48.0,1112.8,85.0,,
CHD,2006,6.8,0.0,12.5,2.2,30.2,-16.2,36.0,1.0,0.0,0.0,132.0,32.0,1333.1,102.0,,
CHD,2007,6.7,-0.1,12.5,2.2,30.6,-15.5,11.0,1.0,0.0,0.0,134.0,20.0,1621.6,125.0,,
CHD,2008,6.5,-0.3,12.0,2.1,28.7,-15.2,22.0,0.0,0.0,0.0,137.0,21.0,1132.0,87.0,,
CHD,2009,6.8,0.0,12.7,2.1,31.3,-18.5,33.0,2.0,0.0,0.0,133.0,34.0,1182.1,91.0,,
CHD,2010,5.8,-1.0,11.4,1.3,30.5,-18.4,25.0,3.0,0.0,0.0,134.0,50.0,1070.6,82.0,,
CHD,2011,7.4,0.6,13.6,2.4,30.3,-12.9,20.0,1.0,0.0,0.0,132.0,18.0,1242.3,95.0,,
CHD,2012,6.7,-0.1,12.2,2.0,31.1,-21.0,22.0,3.0,0.0,0.0,139.0,40.0,1382.9,106.0,,
CHD,2013,6.1,-0.7,11.3,1.7,31.3,-17.7,21.0,2.0,0.0,0.0,150.0,39.0,1352.5,104.0,,
CHD,2014,7.6,0.8,13.0,3.0,30.6,-15.4,14.0,1.0,0.0,0.0,119.0,7.0,1314.2,101.0,,
CHD,2015,7.6,0.8,13.3,2.8,33.8,-12.8,40.0,8.0,0.0,0.0,125.0,22.0,1118.1,86.0,,
CHD,2016,7.2,0.4,12.5,2.8,29.8,-17.5,24.0,0.0,0.0,0.0,148.0,9.0,1416.9,109.0,,
CHD,2017,7.1,0.3,12.9,2.2,29.8,-16.2,35.0,0.0,0.0,0.0,136.0,31.0,1153.1,89.0,,
CHD,2018,8.2,1.4,14.0,3.4,30.8,-16.2,36.0,3.0,0.0,0.0,116.0,18.0,1242.4,95.0,,
CHD,2019,7.7,0.9,13.4,2.9,33.1,-14.0,34.0,9.0,0.0,0.0,134.0,20.0,1390.0,107.0,,
CHD,2020,8.1,1.3,14.0,3.3,31.6,-11.4,30.0,3.0,0.0,0.0,116.0,8.0,1153.0,89.0,,
CHD,2021,6.9,0.1,12.3,2.2,29.4,-15.1,22.0,0.0,0.0,0.0,139.0,32.0,1479.8,114.0,,
CHD,2022,8.7,1.9,14.7,3.6,32.3,-13.7,53.0,9.0,0.0,0.0,115.0,13.0,1115.3,86.0,,
CHD,2023,8.4,1.6,14.2,3.6,33.8,-16.3,45.0,10.0,0.0,0.0,110.0,19.0,1549.3,119.0,,
CHD,2024,8.6,1.8,14.0,4.2,31.2,-12.5,37.0,3.0,0.0,0.0,96.0,9.0,1388.3,107.0,,
CHD,2025,8.3,1.5,14.0,3.5,31.8,-13.6,43.0,6.0,0.0,0.0,105.0,13.0,1087.4,84.0,,
CHM,1864,4.4,-2.4,,,,,,,,,,,923.4,81.0,,
CHM,1865,5.6,-1.2,,,,,,,,,,,994.5,87.0,,
CHM,1866,5.6,-1.2,,,,,,,,,,,1339.3,117.0,,
CHM,1867,4.8,-2.0,,,,,,,,,,,1259.0,110.0,,
CHM,1868,5.8,-1.0,,,,,,,,,,,1026.9,90.0,,
CHM,1869,5.0,-1.8,,,,,,,,,,,844.2,74.0,,
CHM,1870,4.3,-2.5,,,,,,,,,,,946.8,83.0,,
CHM,1871,4.2,-2.6,,,,,,,,,,,789.4,69.0,,
CHM,1872,5.8,-1.0,,,,,,,,,,,1403.0,123.0,,
CHM,1873,5.2,-1.6,,,,,,,,,,,905.3,79.0,,
CHM,1874,4.8,-2.0,,,,,,,,,,,943.0,83.0,,
CHM,1875,4.7,-2.1,,,,,,,,,,,1219.2,107.0,,
CHM,1876,5.2,-1.6,,,,,,,,,,,1110.4,97.0,,
CHM,1877,4.8,-2.0,,,,,,,,,,,1197.3,105.0,,
CHM,1878,4.4,-2.4,,,,,,,,,,,1184.9,104.0,,
CHM,1879,3.8,-3.0,,,,,,,,,,,1214.1,106.0,,
CHM,1880,5.5,-1.3,,,,,,,,,,,1108.0,97.0,,
CHM,1881,4.7,-2.1,,,,,,,,,,,1038.2,91.0,,
CHM,1882,4.9,-1.9,,,,,,,,,,,1396.9,123.0,,
CHM,1883,4.5,-2.3,,,,,,,,,,,1009.8,89.0,,
CHM,1884,5.3,-1.5,,,,,,,,,,,687.9,60.0,,
CHM,1885,4.9,-1.9,,,,,,,,,,,987.4,87.0,,
CHM,1886,5.2,-1.6,,,,,,,,,,,1112.9,98.0,,
CHM,1887,4.4,-2.4,,,,,,,,,,,898.8,79.0,,
CHM,1888,4.4,-2.4,,,,,,,,,,,1056.2,93.0,,
CHM,1889,3.7,-3.1,,,,,,,,,,,1107.2,97.0,,
CHM,1890,4.1,-2.7,,,,,,,,,,,1035.9,91.0,,
CHM,1891,4.2,-2.6,,,,,,,,,,,1222.7,107.0,,
CHM,1892,5.0,-1.8,,,,,,,,,,,1017.9,89.0,,
CHM,1893,5.6,-1.2,,,,,,,,,,,766.7,67.0,,
CHM,1894,4.9,-1.9,,,,,,,,,,,871.8,76.0,,
CHM,1895,4.6,-2.2,,,,,,,,,,,1077.7,95.0,,
CHM,1896,4.0,-2.8,,,,,,,,,,,1210.0,106.0,,
CHM,1897,5.4,-1.4,,,,,,,,,,,1042.4,91.0,,
CHM,1898,5.9,-0.9,,,,,,,,,,,884.2,78.0,,
CHM,1899,5.8,-1.0,,,,,,,,,,,966.2,85.0,,
CHM,1900,5.4,-1.4,,,,,,,,,,,1042.8,91.0,,
CHM,1901,4.2,-2.6,,,,,,,,,,,1324.1,116.0,,
CHM,1902,4.5,-2.3,,,,,,,,,,,1170.1,103.0,,
CHM,1903,4.8,-2.0,,,,,,,,,,,1028.7,90.0,,
CHM,1904,5.4,-1.4,,,,,,,,,,,861.2,76.0,,
CHM,1905,4.0,-2.8,,,,,,,,,,,1229.7,108.0,,
CHM,1906,4.4,-2.4,,,,,,,,,,,1039.2,91.0,,
CHM,1907,4.7,-2.1,,,,,,,,,,,899.7,79.0,,
CHM,1908,4.8,-2.0,,,,,,,,,,,1000.2,88.0,,
CHM,1909,3.8,-3.0,,,,,,,,,,,1165.4,102.0,,
CHM,1910,4.4,-2.4,,,,,,,,,,,1315.4,115.0,,
CHM,1911,6.0,-0.8,,,,,,,,,,,961.8,84.0,,
CHM,1912,4.7,-2.1,,,,,,,,,,,1061.5,93.0,,
CHM,1913,5.3,-1.5,,,,,,,,,,,930.3,82.0,,
CHM,1914,4.6,-2.2,,,,,,,,,,,1249.7,110.0,,
CHM,1915,4.3,-2.5,,,,,,,,,,,1216.2,107.0,,
CHM,1916,4.9,-1.9,,,,,,,,,,,1377.8,121.0,,
CHM,1917,3.9,-2.9,,,,,,,,,,,1130.9,99.0,,
CHM,1918,5.4,-1.4,,,,,,,,,,,1136.1,100.0,,
CHM,1919,4.0,-2.8,,,,,,,,,,,1178.9,103.0,,
CHM,1920,5.9,-0.9,,,,,,,,,,,878.5,77.0,,
CHM,1921,6.5,-0.3,,,,,,,,,,,782.8,69.0,,
CHM,1922,4.3,-2.5,,,,,,,,,,,1299.0,114.0,,
CHM,1923,5.1,-1.7,,,,,,,,,,,1224.2,107.0,,
CHM,1924,5.1,-1.7,,,,,,,,,,,1065.8,93.0,,
CHM,1925,5.1,-1.7,,,,,,,,,,,1051.6,92.0,,
CHM,1926,5.8,-1.0,,,,,,,,,,,1112.2,98.0,,
CHM,1927,5.5,-1.3,,,,,,,,,,,1231.3,108.0,,
CHM,1928,6.3,-0.5,,,,,,,,,,,1054.3,92.0,,
CHM,1929,5.7,-1.1,,,,,,,,,,,823.5,72.0,,
CHM,1930,6.0,-0.8,,,,,,,,,,,1238.2,109.0,,
CHM,1931,4.5,-2.3,,,,,,,,,,,1205.4,106.0,,
CHM,1932,5.3,-1.5,,,,,,,,,,,1106.5,97.0,,
CHM,1933,4.8,-2.0,,,,,,,,,,,935.2,82.0,,
CHM,1934,6.2,-0.6,,,,,,,,,,,874.6,77.0,,
CHM,1935,4.9,-1.9,,,,,,,,,,,1365.0,120.0,,
CHM,1936,5.3,-1.5,,,,,,,,,,,1163.4,102.0,,
CHM,1937,5.6,-1.2,,,,,,,,,,,1244.9,109.0,,
CHM,1938,5.6,-1.2,,,,,,,,,,,973.9,85.0,,
CHM,1939,4.9,-1.9,,,,,,,,,,,1456.0,128.0,,
CHM,1940,4.7,-2.1,,,,,,,,,,,1220.6,107.0,,
CHM,1941,4.7,-2.1,,,,,,,,,,,935.5,82.0,,
CHM,1942,5.4,-1.4,,,,,,,,,,,994.8,87.0,,
CHM,1943,6.5,-0.3,,,,,,,,,,,869.6,76.0,,
CHM,1944,5.0,-1.8,,,,,,,,,,,1031.5,90.0,,
CHM,1945,6.2,-0.6,,,,,,,,,,,891.8,78.0,,
CHM,1946,5.7,-1.1,,,,,,,,,,,1137.1,100.0,,
CHM,1947,6.7,-0.1,,,,,,,,,,,954.5,84.0,,
CHM,1948,6.3,-0.5,,,,,,,,,,,1192.8,105.0,,
CHM,1949,6.6,-0.2,,,,,,,,,,,803.2,70.0,,
CHM,1950,5.9,-0.9,,,,,,,,,,,1462.5,128.0,,
CHM,1951,5.7,-1.1,,,,,,,,,,,1188.2,104.0,,
CHM,1952,5.6,-1.2,,,,,,,,,,,1360.2,119.0,,
CHM,1953,6.3,-0.5,,,,,,,,,,,820.3,72.0,,
CHM,1954,5.1,-1.7,,,,,,,,,,,1146.3,101.0,,
CHM,1955,5.4,-1.4,,,,,,,,,,,1237.6,109.0,,
CHM,1956,4.0,-2.8,,,,,,,,,,,1244.1,109.0,,
CHM,1957,6.0,-0.8,,,,,,,,,,,990.5,87.0,,
CHM,1958,5.4,-1.4,,,,,,,,,,,1098.6,96.0,,
CHM,1959,6.6,-0.2,,,,,,,,,,,1015.4,89.0,,
CHM,1960,5.3,-1.5,,,,,,,,,,,1168.7,102.0,,
CHM,1961,6.5,-0.3,,,,,,,,,,,1079.5,95.0,,
CHM,1962,4.5,-2.3,,,,,,,,,,,908.1,80.0,,
CHM,1963,4.5,-2.3,,,,,,,,,,,1126.6,99.0,,
CHM,1964,5.9,-0.9,9.3,2.7,,-12.5,,,,0.0,136.0,,743.5,65.0,,
CHM,1965,4.6,-2.2,7.9,1.7,,-15.2,,,,0.0,139.0,,1411.1,124.0,,
CHM,1966,5.6,-1.2,8.9,2.7,,-18.5,,,,0.0,131.0,,1154.9,101.0,,
CHM,1967,5.8,-1.0,9.3,2.6,,-16.6,,,,0.0,133.0,,996.2,87.0,,
CHM,1968,5.3,-1.5,8.6,2.2,,-18.0,,,,0.0,138.0,,1316.8,115.0,,
CHM,1969,5.0,-1.8,8.4,1.9,,-14.8,,,,0.0,137.0,,1147.5,101.0,,
CHM,1970,5.1,-1.7,8.5,2.0,,-14.2,,,,0.0,150.0,,1267.5,111.0,,
CHM,1971,5.8,-1.0,9.3,2.6,,-18.1,,,,0.0,131.0,,825.0,72.0,,
CHM,1972,5.3,-1.5,8.8,2.2,,-11.4,,,,0.0,133.0,,872.3,76.0,,
CHM,1973,5.1,-1.7,8.5,2.0,,-17.2,,,,0.0,149.0,,1000.2,88.0,,
CHM,1974,5.3,-1.5,8.5,2.4,,-8.7,,,,0.0,146.0,,1161.0,102.0,,
CHM,1975,5.6,-1.2,8.8,2.5,,-12.8,,,,0.0,148.0,,1108.1,97.0,,
CHM,1976,5.8,-1.0,9.2,2.8,,-16.9,,,,0.0,136.0,,787.9,69.0,,
CHM,1977,5.6,-1.2,9.0,2.8,,-10.0,,,,0.0,115.0,,1413.9,124.0,,
CHM,1978,5.1,-1.7,8.5,2.2,,-11.4,,,,0.0,122.0,,1227.2,108.0,,
CHM,1979,5.4,-1.4,8.8,2.6,,-17.9,,,,0.0,142.0,,1218.1,107.0,,
CHM,1980,4.7,-2.1,8.0,1.9,,-15.4,,,,0.0,150.0,,1135.9,100.0,,
CHM,1981,5.3,-1.5,8.9,2.4,,-14.8,,,,0.0,141.0,,1297.4,114.0,,
CHM,1982,6.2,-0.6,9.4,3.5,,-12.6,,,,0.0,124.0,,1151.0,101.0,,
CHM,1983,6.0,-0.8,9.6,3.2,,-12.5,,,,2.0,119.0,,1187.3,104.0,,
CHM,1984,5.2,-1.6,8.5,2.5,,-13.4,,,,0.0,135.0,,1149.8,101.0,,
CHM,1985,5.2,-1.6,8.8,2.1,,-22.3,,,,0.0,131.0,,959.2,84.0,,
CHM,1986,5.4,-1.4,8.7,2.1,,-20.9,,,,0.0,140.0,,1112.6,98.0,,
CHM,1987,5.6,-1.2,8.6,2.7,,-23.9,,,,0.0,119.0,,1292.8,113.0,,
CHM,1988,6.2,-0.6,9.3,3.4,,-12.5,,,,0.0,115.0,,1371.3,120.0,,
CHM,1989,7.1,0.3,10.8,3.9,,-9.9,,,,0.0,108.0,,826.8,73.0,,
CHM,1990,6.9,0.1,10.2,3.7,,-10.9,,,,0.0,109.0,,1281.5,112.0,,
CHM,1991,6.1,-0.7,9.6,2.8,,-18.9,,,,0.0,123.0,,988.5,87.0,,
CHM,1992,6.7,-0.1,9.9,3.6,,-15.9,,,,0.0,115.0,,1210.0,106.0,,
CHM,1993,6.1,-0.7,9.4,3.1,,-16.3,,,,0.0,116.0,,1255.3,110.0,,
CHM,1994,7.4,0.6,10.6,4.4,,-11.3,,,,0.0,85.0,,1285.0,113.0,,
CHM,1995,6.3,-0.5,9.6,3.3,,-14.3,,,,0.0,120.0,,1358.9,119.0,,
CHM,1996,5.8,-1.0,9.0,2.5,,-18.7,,,,0.0,119.0,,1074.9,94.0,,
CHM,1997,6.9,0.1,10.4,3.7,,-9.6,,,,0.0,120.0,,1032.7,91.0,,
CHM,1998,6.2,-0.6,9.9,3.4,,-12.9,,,,0.0,115.0,,1069.8,94.0,,
CHM,1999,6.2,-0.6,9.6,3.6,,-14.4,,,,0.0,119.0,,1406.1,123.0,,
CHM,2000,6.8,0.0,10.3,4.0,,-17.4,,,,0.0,97.0,,1122.3,98.0,,
CHM,2001,6.1,-0.7,9.4,3.5,,-16.9,,,,0.0,110.0,,1313.5,115.0,,
CHM,2002,6.9,0.1,10.3,4.1,,-11.9,,,,0.0,78.0,,1374.5,121.0,,
CHM,2003,7.3,0.5,11.1,3.9,,-16.4,,,,2.0,118.0,,843.7,74.0,,
CHM,2004,6.3,-0.5,9.4,3.4,,-12.4,,,,0.0,117.0,,1178.1,103.0,,
CHM,2005,6.0,-0.8,9.4,3.0,,-17.4,,,,0.0,116.0,,942.0,83.0,,
CHM,2006,7.0,0.2,10.3,4.0,,-12.4,,,,0.0,118.0,,1343.1,118.0,,
CHM,2007,6.9,0.1,10.2,4.1,,-11.4,,,,0.0,92.0,,1342.7,118.0,,
CHM,2008,6.4,-0.4,9.7,3.6,,-11.9,,,,0.0,104.0,,1123.1,98.0,,
CHM,2009,6.7,-0.1,10.2,3.8,,-15.8,,,,0.0,118.0,,987.3,87.0,,
CHM,2010,5.6,-1.2,8.5,2.5,,-14.8,,,,0.0,131.0,,960.7,84.0,,
CHM,2011,7.8,1.0,11.4,4.5,,-10.8,,,,0.0,83.0,,910.9,80.0,,
CHM,2012,6.8,0.0,10.1,3.8,,-18.8,,,,0.0,103.0,,1320.8,116.0,,
CHM,2013,6.1,-0.7,9.2,3.3,,-13.3,,,,1.0,133.0,,1342.5,118.0,,
CHM,2014,7.6,0.8,10.8,4.9,,-13.2,,,,0.0,93.0,,1099.4,96.0,,
CHM,2015,7.8,1.0,11.1,4.7,,-9.6,,,,3.0,91.0,,954.9,84.0,,
CHM,2016,7.1,0.3,10.3,4.1,,-11.4,,,,0.0,113.0,,1168.7,102.0,,
CHM,2017,7.3,0.5,10.7,4.1,,-13.7,,,,1.0,108.0,,896.1,79.0,,
CHM,2018,7.9,1.1,11.3,4.9,,-16.2,,,,2.0,101.0,,1120.8,98.0,,
CHM,2019,7.5,0.7,10.8,4.5,,-11.5,,,,4.0,108.0,,1132.5,99.0,,
CHM,2020,8.1,1.3,11.5,5.0,,-7.7,,,,0.0,90.0,,1051.5,92.0,,
CHM,2021,6.6,-0.2,9.9,3.7,,-13.9,,,,0.0,108.0,,1277.7,112.0,,
CHM,2022,8.6,1.8,12.1,5.5,,-10.7,,,,2.0,88.0,,1038.3,91.0,,
CHM,2023,8.3,1.5,11.7,5.3,,-9.2,,,,2.0,86.0,,1153.6,101.0,,
CHM,2024,8.2,1.4,11.6,5.2,,-8.9,,,,0.0,79.0,,1203.8,106.0,,
CHM,2025,8.0,1.2,11.3,4.9,,-9.7,,,,1.0,76.0,,1210.0,106.0,,
DAV,1864,1.2,-2.8,,,,,,,,,,,,,,
DAV,1865,2.2,-1.8,,,,,,,,,,,,,,
DAV,1866,2.5,-1.5,,,,,,,,,,,,,,
DAV,1867,2.4,-1.6,,,,,,,,,,,1021.5,98.0,,
DAV,1868,2.7,-1.3,,,,,,,,,,,1048.9,100.0,,
DAV,1869,2.3,-1.7,,,,,,,,,,,865.2,83.0,,
DAV,1870,1.5,-2.5,,,,,,,,,,,721.4,69.0,,
DAV,1871,1.2,-2.8,,,,,,,,,,,,,,
DAV,1872,2.8,-1.2,,,,,,,,,,,,,,
DAV,1873,2.4,-1.6,,,,,,,,,,,,,,
DAV,1874,1.7,-2.3,,,,,,,,,,,829.4,79.0,,
DAV,1875,1.8,-2.2,,,,,,,,,,,,,,
DAV,1876,2.6,-1.4,,,,,,,,,,,1092.1,104.0,,
DAV,1877,2.2,-1.8,,,,,,,,,,,1221.4,117.0,,
DAV,1878,1.6,-2.4,,,,,,,,,,,1329.2,127.0,,
DAV,1879,1.2,-2.8,,,,,,,,,,,931.0,89.0,,
DAV,1880,2.6,-1.4,,,,,,,,,,,1189.2,114.0,,
DAV,1881,2.1,-1.9,,,,,,,,,,,837.0,80.0,,
DAV,1882,2.3,-1.7,,,,,,,,,,,1171.6,112.0,,
DAV,1883,1.4,-2.6,,,,,,,,,,,862.6,82.0,,
DAV,1884,2.2,-1.8,,,,,,,,,,,623.7,60.0,,
DAV,1885,2.4,-1.6,,,,,,,,,,,852.3,81.0,1890.1666666666667,108.0
DAV,1886,2.0,-2.0,,,,,,,,,,,791.0,76.0,1747.0,100.0
DAV,1887,0.8,-3.2,,,,,,,,,,,633.9,61.0,1858.5333333333333,106.0
DAV,1888,1.5,-2.5,,,,,,,,,,,883.1,84.0,1762.2,101.0
DAV,1889,1.3,-2.7,,,,,,,,,,,978.9,94.0,1610.5166666666667,92.0
DAV,1890,1.2,-2.8,6.6,-3.8,,,,,,,,,974.6,93.0,1816.6,104.0
DAV,1891,1.3,-2.7,6.6,-4.2,,,,,,,,,1043.3,100.0,1827.0833333333333,105.0
DAV,1892,1.9,-2.1,7.2,-3.1,,,,,,,,,924.4,88.0,1806.7333333333333,103.0
DAV,1893,2.1,-1.9,7.6,-3.0,,,,,,,,,831.1,79.0,1863.7333333333333,107.0
DAV,1894,2.1,-1.9,7.6,-2.8,,,,,,,,,813.0,78.0,1833.8,105.0
DAV,1895,1.9,-2.1,7.4,-3.1,,,,,,,,,809.3,77.0,1866.7833333333333,107.0
DAV,1896,1.4,-2.6,6.5,-3.6,,,,,,,,,1170.2,112.0,1600.0166666666667,92.0
DAV,1897,2.5,-1.5,8.0,-2.4,,,,,,,,,863.6,83.0,1754.8,101.0
DAV,1898,2.8,-1.2,8.0,-2.1,,,,,,,,,972.8,93.0,1785.9833333333333,102.0
DAV,1899,2.4,-1.6,8.7,-2.7,,,,,,,,,908.0,87.0,1855.5666666666666,106.0
DAV,1900,2.9,-1.1,8.2,-2.2,,,,,,,,,867.9,83.0,1647.3666666666666,94.0
DAV,1901,1.8,-2.2,6.6,-3.2,,,,,,,,,1139.5,109.0,1723.7666666666667,99.0
DAV,1902,2.2,-1.8,8.2,-2.3,,,,,,,,,814.4,78.0,1731.4333333333334,99.0
DAV,1903,1.9,-2.1,7.6,-2.9,,,,,,,,,795.8,76.0,1805.45,103.0
DAV,1904,2.7,-1.3,8.7,-2.2,,,,,,,,,880.1,84.0,1808.4666666666667,104.0
DAV,1905,1.7,-2.3,6.9,-3.2,,,,,,,,,1005.3,96.0,1713.0,98.0
DAV,1906,1.7,-2.3,7.2,-3.2,,,,,,,,,855.6,82.0,1806.2833333333333,103.0
DAV,1907,2.0,-2.0,7.6,-3.3,,,,,,,,,987.1,94.0,1755.5833333333333,101.0
DAV,1908,1.9,-2.1,7.5,-3.3,,,,,,,,,970.1,93.0,1929.9666666666667,111.0
DAV,1909,1.5,-2.5,6.8,-3.6,,,,,,,,,888.7,85.0,1771.5,101.0
DAV,1910,2.0,-2.0,7.3,-2.7,,,,,,,,,1134.4,108.0,1589.05,91.0
DAV,1911,2.7,-1.3,8.6,-2.8,,,,,,,,,926.1,89.0,1990.2,114.0
DAV,1912,1.9,-2.1,7.1,-2.9,,,,,,,,,1080.2,103.0,1512.2,87.0
DAV,1913,2.4,-1.6,7.8,-2.7,,,,,,,,,998.9,96.0,1674.4666666666667,96.0
DAV,1914,2.1,-1.9,7.5,-3.0,,,,,,,,,990.3,95.0,1691.9833333333333,97.0
DAV,1915,2.1,-1.9,7.3,-3.0,,,,,,,,,911.2,87.0,1620.1833333333334,93.0
DAV,1916,2.3,-1.7,7.4,-2.4,,,,,,,,,1246.9,119.0,1661.9166666666667,95.0
DAV,1917,1.4,-2.6,6.7,-3.6,,,,,,,,,899.3,86.0,1878.6,108.0
DAV,1918,2.5,-1.5,8.0,-2.4,,,,,,,,,912.8,87.0,1757.9166666666667,101.0
DAV,1919,1.3,-2.7,6.8,-3.7,,,,,,,,,968.4,93.0,1712.7333333333333,98.0
DAV,1920,3.2,-0.8,9.0,-1.5,,,,,,,,,976.9,93.0,1721.3666666666666,99.0
DAV,1921,3.1,-0.9,9.2,-1.8,,,,,,,,,757.5,72.0,1896.1,109.0
DAV,1922,1.7,-2.3,6.8,-3.2,,,,,,,,,1204.6,115.0,1504.95,86.0
DAV,1923,2.5,-1.5,7.7,-2.6,,,,,,,,,927.7,89.0,1730.7166666666667,99.0
DAV,1924,2.0,-2.0,7.4,-2.8,,,,,,,,,886.6,85.0,1849.9666666666667,106.0
DAV,1925,2.1,-1.9,7.2,-2.8,,,,,,,,,809.7,77.0,1711.9,98.0
DAV,1926,2.9,-1.1,7.9,-1.9,,,,,,,,,1097.8,105.0,1650.0166666666667,95.0
DAV,1927,2.7,-1.3,7.9,-2.2,,,,,,,,,1045.7,100.0,1824.2333333333333,104.0
DAV,1928,2.9,-1.1,8.0,-2.0,,,,,,,,,1114.5,107.0,1857.25,106.0
DAV,1929,2.1,-1.9,7.6,-2.9,,,,,,,,,753.1,72.0,1968.4166666666667,113.0
DAV,1930,3.0,-1.0,8.3,-1.9,,,,,,,,,906.1,87.0,1705.35,98.0
DAV,1931,1.7,-2.3,7.3,-3.2,,,,,,,,,1077.3,103.0,1753.0333333333333,100.0
DAV,1932,2.3,-1.7,7.9,-2.7,,,,,,,,,839.1,80.0,1757.6,101.0
DAV,1933,1.8,-2.2,7.1,-3.1,,,,,,,,,928.1,89.0,1633.5666666666666,94.0
DAV,1934,3.3,-0.7,9.0,-2.0,,,,,,,,,946.1,90.0,1810.4166666666667,104.0
DAV,1935,1.8,-2.2,7.1,-3.5,,,,,,,,,1272.5,122.0,1636.2,94.0
DAV,1936,2.4,-1.6,7.8,-2.1,,,,,,,,,972.2,93.0,1543.95,88.0
DAV,1937,2.5,-1.5,7.8,-2.4,,,,,,,,,995.9,95.0,1484.0666666666666,85.0
DAV,1938,2.3,-1.7,7.8,-2.7,,,,,,,,,860.6,82.0,1829.8833333333334,105.0
DAV,1939,2.2,-1.8,7.4,-2.5,,,,,,,,,1109.2,106.0,1525.65,87.0
DAV,1940,1.4,-2.6,7.0,-3.4,,,,,,,,,1041.1,100.0,1644.1166666666666,94.0
DAV,1941,1.7,-2.3,7.7,-3.1,,,,,,,,,819.5,78.0,1722.1166666666666,99.0
DAV,1942,2.4,-1.6,8.0,-2.4,,,,,,,,,870.2,83.0,1856.65,106.0
DAV,1943,3.1,-0.9,8.9,-1.9,,,,,,,,,864.2,83.0,1869.8333333333333,107.0
DAV,1944,1.7,-2.3,7.4,-2.9,,,,,,,,,1104.4,106.0,1630.2833333333333,93.0
DAV,1945,2.5,-1.5,8.6,-2.4,,,,,,,,,968.8,93.0,1868.6666666666667,107.0
DAV,1946,3.0,-1.0,8.8,-1.9,,,,,,,,,929.0,89.0,1768.4333333333334,101.0
DAV,1947,3.6,-0.4,9.7,-1.7,,,,,,,,,983.6,94.0,1871.3666666666666,107.0
DAV,1948,3.2,-0.8,9.3,-1.7,,,,,,,,,1018.4,97.0,1840.4,105.0
DAV,1949,3.2,-0.8,9.2,-1.9,,,,,,,,,833.3,80.0,1939.45,111.0
DAV,1950,2.8,-1.2,8.9,-2.2,,,,,,,,,1043.9,100.0,1775.5,102.0
DAV,1951,2.9,-1.1,8.4,-2.0,,,,,,,,,1049.1,100.0,1629.9833333333333,93.0
DAV,1952,2.2,-1.8,7.9,-2.5,,,,,,,,,1127.2,108.0,1598.2666666666667,92.0
DAV,1953,2.7,-1.3,8.7,-1.9,,,,,,,,,744.6,71.0,1841.1166666666666,105.0
DAV,1954,1.9,-2.1,7.5,-2.6,,,,,,,,,1303.1,125.0,1457.4333333333334,83.0
DAV,1955,2.0,-2.0,7.7,-2.5,,,,,,,,,888.1,85.0,1675.4333333333334,96.0
DAV,1956,0.9,-3.1,6.7,-3.8,,,,,,,,,944.7,90.0,1691.1333333333334,97.0
DAV,1957,3.0,-1.0,8.8,-1.7,,,,,,,,,884.4,85.0,1738.7,100.0
DAV,1958,2.6,-1.4,8.1,-2.0,,,,,,,,,1092.5,104.0,1715.4833333333333,98.0
DAV,1959,3.2,-0.8,8.8,-1.6,23.9,-19.1,0.0,0.0,,0.0,208.0,39.0,649.4,62.0,1790.6,103.0
DAV,1960,2.8,-1.2,7.9,-1.7,24.2,-25.8,0.0,0.0,,0.0,209.0,42.0,1136.3,109.0,1561.4833333333333,89.0
DAV,1961,3.7,-0.3,9.3,-1.1,24.1,-16.4,0.0,0.0,,0.0,193.0,44.0,791.9,76.0,1891.7,108.0
DAV,1962,1.6,-2.4,6.9,-3.5,26.1,-25.9,1.0,0.0,,0.0,238.0,86.0,885.4,85.0,1924.2833333333333,110.0
DAV,1963,1.9,-2.1,7.2,-2.9,25.1,-28.3,1.0,0.0,,0.0,201.0,78.0,883.9,85.0,1644.5833333333333,94.0
DAV,1964,3.1,-0.9,8.4,-1.6,24.9,-18.8,0.0,0.0,,0.0,214.0,53.0,805.3,77.0,1718.1166666666666,98.0
DAV,1965,1.8,-2.2,6.9,-3.1,25.1,-23.1,2.0,0.0,,0.0,234.0,85.0,1169.8,112.0,1511.1,87.0
DAV,1966,2.6,-1.4,7.6,-2.1,27.3,-25.0,1.0,0.0,,0.0,198.0,78.0,1114.1,107.0,1574.1333333333334,90.0
DAV,1967,2.7,-1.3,8.1,-2.1,24.9,-23.3,0.0,0.0,,0.0,213.0,64.0,1000.0,96.0,1767.6166666666666,101.0
DAV,1968,2.6,-1.4,8.0,-2.1,27.1,-22.8,4.0,0.0,,0.0,206.0,61.0,1056.0,101.0,1722.05,99.0
DAV,1969,2.6,-1.4,7.9,-2.4,24.9,-21.1,0.0,0.0,,0.0,209.0,80.0,874.1,84.0,1725.5333333333333,99.0
DAV,1970,2.3,-1.7,7.3,-2.4,25.4,-19.5,1.0,0.0,0.0,0.0,219.0,87.0,1238.2,118.0,1599.2666666666667,92.0
DAV,1971,3.1,-0.9,8.5,-2.0,27.8,-26.3,2.0,0.0,0.0,0.0,201.0,57.0,703.3,67.0,1945.1333333333334,111.0
DAV,1972,2.9,-1.1,7.9,-1.8,27.2,-16.8,3.0,0.0,0.0,0.0,246.0,36.0,779.5,75.0,1671.8833333333334,96.0
DAV,1973,2.6,-1.4,7.7,-2.2,24.2,-24.6,0.0,0.0,0.0,0.0,212.0,84.0,1024.2,98.0,1701.8333333333333,97.0
DAV,1974,2.7,-1.3,7.5,-2.0,26.8,-17.6,2.0,0.0,0.0,0.0,242.0,54.0,1122.9,107.0,1573.7166666666667,90.0
DAV,1975,3.1,-0.9,8.1,-1.7,24.9,-16.6,0.0,0.0,0.0,0.0,215.0,58.0,898.4,86.0,1805.2666666666667,103.0
DAV,1976,2.7,-1.3,7.7,-2.2,24.6,-22.0,0.0,0.0,0.0,0.0,219.0,60.0,1027.2,98.0,1764.6333333333334,101.0
DAV,1977,3.2,-0.8,7.9,-1.8,24.7,-18.3,0.0,0.0,0.0,0.0,205.0,53.0,1040.2,99.0,1529.9166666666667,88.0
DAV,1978,2.6,-1.4,7.6,-2.1,22.0,-17.2,0.0,0.0,0.0,0.0,228.0,60.0,1032.0,99.0,1642.4,94.0
DAV,1979,2.6,-1.4,7.4,-2.1,23.4,-21.7,0.0,0.0,0.0,0.0,214.0,70.0,1320.0,126.0,1610.8666666666666,92.0
DAV,1980,2.1,-1.9,6.9,-2.7,27.6,-21.4,3.0,0.0,0.0,0.0,227.0,77.0,1022.8,98.0,1531.1666666666667,88.0
DAV,1981,2.6,-1.4,7.7,-2.2,25.8,-22.7,2.0,0.0,0.0,0.0,183.0,86.0,1227.4,117.0,1452.0166666666667,83.0
DAV,1982,3.3,-0.7,8.5,-1.4,25.0,-19.1,1.0,0.0,0.0,0.0,208.0,53.0,1014.8,97.0,1667.9666666666667,96.0
DAV,1983,3.4,-0.6,8.6,-1.6,29.0,-20.0,8.0,0.0,0.0,0.0,209.0,54.0,1086.1,104.0,1641.5166666666667,94.0
DAV,1984,2.3,-1.7,7.3,-2.4,27.1,-19.6,4.0,0.0,0.0,0.0,206.0,76.0,915.3,88.0,1622.1,93.0
DAV,1985,2.6,-1.4,8.1,-2.3,25.4,-27.8,2.0,0.0,0.0,0.0,206.0,69.0,913.9,87.0,1878.85,108.0
DAV,1986,3.1,-0.9,8.3,-1.7,25.5,-24.7,1.0,0.0,0.0,0.0,194.0,69.0,993.4,95.0,1824.95,105.0
DAV,1987,3.0,-1.0,8.1,-1.8,24.9,-28.1,0.0,0.0,0.0,0.0,202.0,65.0,1171.8,112.0,1644.1,94.0
DAV,1988,3.5,-0.5,8.5,-1.1,26.2,-19.1,1.0,0.0,0.0,0.0,186.0,59.0,1102.2,105.0,1636.6166666666666,94.0
DAV,1989,4.2,0.2,9.6,-0.5,24.7,-13.7,0.0,0.0,0.0,0.0,191.0,20.0,723.2,69.0,1912.0833333333333,110.0
DAV,1990,3.8,-0.2,9.1,-1.0,25.3,-16.8,1.0,0.0,0.0,0.0,194.0,46.0,1022.3,98.0,1845.5166666666667,106.0
DAV,1991,3.2,-0.8,8.4,-1.6,25.9,-22.4,1.0,0.0,0.0,0.0,216.0,62.0,843.4,81.0,1891.6333333333334,108.0
DAV,1992,3.8,-0.2,9.0,-1.1,26.6,-21.2,7.0,0.0,0.0,0.0,201.0,46.0,975.7,93.0,1786.4666666666667,102.0
DAV,1993,3.4,-0.6,8.6,-1.3,26.1,-22.1,2.0,0.0,0.0,0.0,196.0,54.0,1002.9,96.0,1697.4666666666667,97.0
DAV,1994,4.6,0.6,9.7,0.0,27.6,-18.8,4.0,0.0,0.0,0.0,185.0,43.0,1077.8,103.0,1682.1,96.0
DAV,1995,3.2,-0.8,8.3,-1.4,26.6,-21.1,3.0,0.0,0.0,0.0,195.0,57.0,1102.5,105.0,1641.7333333333333,94.0
DAV,1996,3.1,-0.9,8.1,-1.5,24.4,-21.8,0.0,0.0,0.0,0.0,197.0,53.0,995.4,95.0,1757.85,101.0
DAV,1997,4.1,0.1,9.5,-0.6,23.4,-15.4,0.0,0.0,0.0,0.0,195.0,34.0,959.2,92.0,1833.2666666666667,105.0
DAV,1998,3.5,-0.5,8.8,-1.1,27.0,-19.3,6.0,0.0,0.0,0.0,196.0,58.0,933.7,89.0,1708.1166666666666,98.0
DAV,1999,3.5,-0.5,8.5,-1.0,25.3,-23.3,1.0,0.0,0.0,0.0,182.0,62.0,1369.7,131.0,1573.6666666666667,90.0
DAV,2000,4.1,0.1,9.3,-0.5,25.5,-22.0,5.0,0.0,0.0,0.0,179.0,49.0,1189.8,114.0,1626.6833333333334,93.0
DAV,2001,3.5,-0.5,8.6,-0.8,26.1,-20.2,1.0,0.0,0.0,0.0,183.0,65.0,1268.2,121.0,1640.2333333333333,94.0
DAV,2002,4.3,0.3,9.3,0.0,27.7,-19.8,5.0,0.0,0.0,0.0,187.0,36.0,1227.5,117.0,1622.2333333333333,93.0
DAV,2003,4.3,0.3,10.1,-0.7,27.3,-19.8,16.0,0.0,0.0,0.0,192.0,54.0,848.7,81.0,2082.55,119.0
DAV,2004,3.5,-0.5,8.6,-1.0,24.3,-19.4,0.0,0.0,0.0,0.0,187.0,66.0,881.1,84.0,1645.5333333333333,94.0
DAV,2005,3.0,-1.0,8.3,-1.6,27.5,-22.6,5.0,0.0,0.0,0.0,176.0,86.0,922.9,88.0,1764.4166666666667,101.0
DAV,2006,4.2,0.2,9.9,-0.5,27.5,-21.7,12.0,0.0,0.0,0.0,175.0,62.0,788.5,75.0,1807.3833333333334,104.0
DAV,2007,4.1,0.1,9.5,-0.5,26.3,-17.7,5.0,0.0,0.0,0.0,191.0,47.0,1005.0,96.0,1803.4166666666667,103.0
DAV,2008,3.8,-0.2,9.0,-0.8,27.2,-18.4,1.0,0.0,0.0,0.0,199.0,46.0,1163.7,111.0,1717.9833333333333,98.0
DAV,2009,3.8,-0.2,9.0,-1.0,26.5,-21.1,2.0,0.0,0.0,0.0,190.0,78.0,928.6,89.0,1716.35,98.0
DAV,2010,2.7,-1.3,7.7,-1.8,27.8,-20.3,8.0,0.0,0.0,0.0,187.0,85.0,1003.4,96.0,1617.0833333333333,93.0
DAV,2011,4.7,0.7,10.6,-0.1,28.5,-18.6,6.0,0.0,0.0,0.0,179.0,34.0,1070.3,102.0,1997.05,114.0
DAV,2012,3.9,-0.1,9.3,-0.8,27.3,-27.4,9.0,0.0,0.0,0.0,180.0,64.0,1232.3,118.0,1771.1666666666667,101.0
DAV,2013,3.6,-0.4,8.8,-0.9,27.6,-20.4,9.0,0.0,0.0,0.0,182.0,60.0,923.7,88.0,1624.7666666666667,93.0
DAV,2014,4.8,0.8,9.9,0.4,27.1,-17.1,4.0,0.0,0.0,0.0,171.0,33.0,1021.5,98.0,1536.7666666666667,88.0
DAV,2015,4.8,0.8,10.4,0.1,29.3,-16.0,19.0,0.0,0.0,0.0,178.0,41.0,866.0,83.0,1892.0166666666667,108.0
DAV,2016,4.4,0.4,9.6,-0.1,26.6,-19.9,6.0,0.0,0.0,0.0,184.0,39.0,1153.0,110.0,1649.0,94.0
DAV,2017,4.2,0.2,9.5,-0.5,26.8,-19.4,8.0,0.0,0.0,0.0,190.0,54.0,1193.0,114.0,1790.3833333333334,103.0
DAV,2018,5.0,1.0,10.5,0.2,26.2,-24.3,7.0,0.0,0.0,0.0,161.0,52.0,1082.8,104.0,1807.8333333333333,104.0
DAV,2019,4.5,0.5,9.9,-0.1,29.8,-17.9,13.0,0.0,0.0,0.0,186.0,46.0,1314.1,126.0,1756.7666666666667,101.0
DAV,2020,4.9,0.9,10.4,0.2,27.2,-15.8,5.0,0.0,0.0,0.0,181.0,34.0,1031.9,99.0,1865.8833333333334,107.0
DAV,2021,3.7,-0.3,9.0,-0.8,26.6,-18.8,4.0,0.0,0.0,0.0,198.0,61.0,956.6,91.0,1773.0,102.0
DAV,2022,5.3,1.3,10.9,0.4,27.8,-17.1,10.0,0.0,0.0,0.0,168.0,37.0,831.4,79.0,1943.1333333333334,111.0
DAV,2023,5.2,1.2,10.6,0.6,28.5,-16.2,17.0,0.0,0.0,0.0,177.0,40.0,1203.2,115.0,1708.2166666666667,98.0
DAV,2024,5.4,1.4,10.7,1.0,27.0,-18.4,8.0,0.0,0.0,0.0,160.0,37.0,1002.7,96.0,1622.6166666666666,93.0
DAV,2025,5.2,1.2,10.9,0.6,27.2,-18.3,14.0,0.0,0.0,0.0,171.0,22.0,929.6,89.0,1870.0,107.0
ELM,1879,4.0,-2.9,,,,,,,,,,,1466.2,96.0,,
ELM,1880,5.3,-1.6,,,,,,,,,,,1488.1,98.0,,
ELM,1881,4.9,-2.0,,,,,,,,,,,1226.9,80.0,,
ELM,1882,5.0,-1.9,,,,,,,,,,,1699.1,111.0,,
ELM,1883,4.5,-2.4,,,,,,,,,,,1398.5,92.0,,
ELM,1884,5.1,-1.8,,,,,,,,,,,1165.4,76.0,,
ELM,1885,4.9,-2.0,,,,,,,,,,,1424.7,93.0,,
ELM,1886,4.9,-2.0,,,,,,,,,,,1348.0,88.0,,
ELM,1887,3.9,-3.0,,,,,,,,,,,1105.8,73.0,,
ELM,1888,4.4,-2.5,,,,,,,,,,,1627.8,107.0,,
ELM,1889,4.0,-2.9,,,,,,,,,,,1526.7,100.0,,
ELM,1890,4.0,-2.9,,,,,,,,,,,1731.4,114.0,,
ELM,1891,4.1,-2.8,,,,,,,,,,,1672.7,110.0,,
ELM,1892,5.1,-1.8,,,,,,,,,,,1464.0,96.0,,
ELM,1893,5.1,-1.8,,,,,,,,,,,1314.5,86.0,,
ELM,1894,4.9,-2.0,,,,,,,,,,,1398.8,92.0,,
ELM,1895,4.6,-2.3,,,,,,,,,,,1172.7,77.0,,
ELM,1896,4.0,-2.9,,,,,,,,,,,1692.4,111.0,,
ELM,1897,5.4,-1.5,,,,,,,,,,,1484.6,97.0,,
ELM,1898,5.8,-1.1,,,,,,,,,,,1424.1,93.0,,
ELM,1899,5.5,-1.4,,,,,,,,,,,1297.7,85.0,,
ELM,1900,5.5,-1.4,,,,,,,,,,,1412.7,93.0,,
ELM,1901,4.4,-2.5,,,,,,,,,,,1431.7,94.0,,
ELM,1902,4.7,-2.2,,,,,,,,,,,1329.8,87.0,,
ELM,1903,5.0,-1.9,,,,,,,,,,,1235.1,81.0,,
ELM,1904,5.5,-1.4,,,,,,,,,,,1203.3,79.0,,
ELM,1905,4.6,-2.3,,,,,,,,,,,1437.3,94.0,,
ELM,1906,4.8,-2.1,,,,,,,,,,,1406.3,92.0,,
ELM,1907,5.1,-1.8,,,,,,,,,,,1288.0,84.0,,
ELM,1908,4.6,-2.3,,,,,,,,,,,1263.7,83.0,,
ELM,1909,4.1,-2.8,,,,,,,,,,,1319.9,87.0,,
ELM,1910,5.1,-1.8,,,,,,,,,,,1548.9,102.0,,
ELM,1911,5.7,-1.2,,,,,,,,,,,1214.8,80.0,,
ELM,1912,4.9,-2.0,,,,,,,,,,,1492.7,98.0,,
ELM,1913,5.4,-1.5,,,,,,,,,,,1447.6,95.0,,
ELM,1914,4.9,-2.0,,,,,,,,,,,1550.8,102.0,,
ELM,1915,4.8,-2.1,,,,,,,,,,,1333.1,87.0,,
ELM,1916,5.2,-1.7,,,,,,,,,,,1853.9,122.0,,
ELM,1917,4.2,-2.7,,,,,,,,,,,1491.3,98.0,,
ELM,1918,5.4,-1.5,,,,,,,,,,,1202.9,79.0,,
ELM,1919,4.3,-2.6,,,,,,,,,,,1386.0,91.0,,
ELM,1920,6.1,-0.8,,,,,,,,,,,1149.7,75.0,,
ELM,1921,6.0,-0.9,,,,,,,,,,,1044.5,68.0,,
ELM,1922,4.4,-2.5,,,,,,,,,,,1886.7,124.0,,
ELM,1923,5.4,-1.5,,,,,,,,,,,1561.8,102.0,,
ELM,1924,4.8,-2.1,,,,,,,,,,,1403.8,92.0,,
ELM,1925,5.0,-1.9,,,,,,,,,,,1232.7,81.0,,
ELM,1926,5.9,-1.0,,,,,,,,,,,1644.9,108.0,,
ELM,1927,5.6,-1.3,,,,,,,,,,,1666.1,109.0,,
ELM,1928,5.8,-1.1,,,,,,,,,,,1581.4,104.0,,
ELM,1929,4.9,-2.0,,,,,,,,,,,1175.4,77.0,,
ELM,1930,6.0,-0.9,,,,,,,,,,,1548.4,102.0,,
ELM,1931,4.4,-2.5,,,,,,,,,,,1454.9,95.0,,
ELM,1932,5.3,-1.6,,,,,,,,,,,1331.5,87.0,,
ELM,1933,4.7,-2.2,,,,,,,,,,,1413.9,93.0,,
ELM,1934,6.0,-0.9,,,,,,,,,,,1246.9,82.0,,
ELM,1935,5.1,-1.8,,,,,,,,,,,1965.9,129.0,,
ELM,1936,5.5,-1.4,,,,,,,,,,,1435.5,94.0,,
ELM,1937,5.8,-1.1,,,,,,,,,,,1583.1,104.0,,
ELM,1938,5.3,-1.6,,,,,,,,,,,1265.4,83.0,,
ELM,1939,5.1,-1.8,,,,,,,,,,,1787.1,117.0,,
ELM,1940,4.1,-2.8,,,,,,,,,,,1794.0,118.0,,
ELM,1941,4.5,-2.4,,,,,,,,,,,1304.8,86.0,,
ELM,1942,5.2,-1.7,,,,,,,,,,,1222.9,80.0,,
ELM,1943,6.3,-0.6,,,,,,,,,,,1251.3,82.0,,
ELM,1944,4.8,-2.1,,,,,,,,,,,1417.2,93.0,,
ELM,1945,5.8,-1.1,,,,,,,,,,,1659.9,109.0,,
ELM,1946,5.6,-1.3,,,,,,,,,,,1292.2,85.0,,
ELM,1947,6.6,-0.3,,,,,,,,,,,1353.5,89.0,,
ELM,1948,6.1,-0.8,,,,,,,,,,,1356.7,89.0,,
ELM,1949,6.0,-0.9,,,,,,,,,,,1130.3,74.0,,
ELM,1950,5.9,-1.0,,,,,,,,,,,1412.4,93.0,,
ELM,1951,6.1,-0.8,,,,,,,,,,,1353.9,89.0,,
ELM,1952,5.5,-1.4,,,,,,,,,,,1626.4,107.0,,
ELM,1953,5.6,-1.3,,,,,,,,,,,1157.4,76.0,,
ELM,1954,4.9,-2.0,,,,,,,,,,,1746.3,114.0,,
ELM,1955,5.2,-1.7,,,,,,,,,,,1343.6,88.0,,
ELM,1956,4.0,-2.9,,,,,,,,,,,1483.1,97.0,,
ELM,1957,5.8,-1.1,,,,,,,,,,,1279.5,84.0,,
ELM,1958,5.5,-1.4,,,,,,,,,,,1674.2,110.0,,
ELM,1959,6.3,-0.6,,,,,,,,,,,1195.6,78.0,,
ELM,1960,5.8,-1.1,,,,,,,,,,,1552.6,102.0,,
ELM,1961,6.4,-0.5,,,,,,,,,,,1308.8,86.0,,
ELM,1962,4.5,-2.4,,,,,,,,,,,1407.6,92.0,,
ELM,1963,4.7,-2.2,,,,,,,,,,,1243.5,82.0,,
ELM,1964,5.8,-1.1,,,,,,,,,,,1405.4,92.0,,
ELM,1965,4.9,-2.0,,,,,,,,,,,1747.0,115.0,,
ELM,1966,5.9,-1.0,,,,,,,,,,,1711.5,112.0,,
ELM,1967,5.7,-1.2,,,,,,,,,,,1477.1,97.0,,
ELM,1968,5.5,-1.4,,,,,,,,,,,1666.0,109.0,,
ELM,1969,5.2,-1.7,,,,,,,,,,,1305.6,86.0,,
ELM,1970,5.1,-1.8,,,,,,,,,,,1790.7,117.0,,
ELM,1971,5.5,-1.4,,1.4,,-22.9,,,,0.0,150.0,,999.5,66.0,,
ELM,1972,5.6,-1.3,10.6,1.7,,-12.0,,,,0.0,148.0,,1139.4,75.0,,
ELM,1973,5.1,-1.8,9.7,1.2,,-20.5,,,,0.0,174.0,,1494.3,98.0,,
ELM,1974,5.6,-1.3,10.2,1.4,,-13.1,,,,0.0,178.0,,1713.2,112.0,,
ELM,1975,5.6,-1.3,10.4,1.1,,-16.8,,,,0.0,172.0,,1327.3,87.0,,
ELM,1976,5.8,-1.1,10.7,1.3,,-19.7,,,,0.0,160.0,,1329.3,87.0,,
ELM,1977,6.1,-0.8,10.7,2.0,,-13.6,,,,0.0,130.0,,1628.7,107.0,,
ELM,1978,5.2,-1.7,9.7,1.0,,-15.1,,,,0.0,151.0,,1505.5,99.0,,
ELM,1979,5.8,-1.1,10.2,1.6,,-17.4,,,,0.0,154.0,,1698.3,111.0,,
ELM,1980,5.0,-1.9,9.2,0.9,,-17.7,,,,0.0,171.0,,1427.2,94.0,,
ELM,1981,5.6,-1.3,10.0,1.2,,-17.7,,,,0.0,148.0,,1882.1,123.0,,
ELM,1982,6.3,-0.6,11.2,2.1,,-14.3,,,,0.0,154.0,,1304.2,86.0,,
ELM,1983,6.3,-0.6,11.2,2.0,,-16.8,,,,0.0,137.0,,1445.1,95.0,,
ELM,1984,5.4,-1.5,10.1,1.1,,-16.6,,,,0.0,155.0,,1427.5,94.0,,
ELM,1985,5.3,-1.6,10.0,0.9,,-24.2,,,,0.0,161.0,,1300.9,85.0,,
ELM,1986,5.7,-1.2,10.3,1.5,,-21.5,,,,0.0,160.0,,1637.0,107.0,,
ELM,1987,5.6,-1.3,10.1,1.4,,-26.4,,,,0.0,153.0,,1713.1,112.0,,
ELM,1988,6.4,-0.5,10.9,2.2,,-16.0,,,,0.0,147.0,,1707.6,112.0,,
ELM,1989,6.7,-0.2,11.5,2.4,,-11.7,,,,0.0,135.0,,1220.5,80.0,,
ELM,1990,6.7,-0.2,11.6,2.4,,-14.5,,,,0.0,133.0,,1504.2,99.0,,
ELM,1991,5.8,-1.1,10.6,1.5,,-20.2,,,,0.0,152.0,,1484.0,97.0,,
ELM,1992,6.6,-0.3,11.3,2.4,,-16.6,,,,0.0,151.0,,1531.6,100.0,,
ELM,1993,6.2,-0.7,10.8,2.0,,-18.2,,,,0.0,139.0,,1736.0,114.0,,
ELM,1994,7.6,0.7,12.2,3.4,,-14.2,,,,0.0,115.0,,1336.9,88.0,,
ELM,1995,6.4,-0.5,11.1,2.0,,-18.5,,,,0.0,143.0,,1678.5,110.0,,
ELM,1996,6.0,-0.9,10.6,1.8,,-18.1,,,,0.0,140.0,,1398.7,92.0,,
ELM,1997,7.0,0.1,11.9,2.6,,-12.5,,,,0.0,146.0,,1449.5,95.0,,
ELM,1998,6.4,-0.5,11.1,2.2,,-16.2,,,,0.0,142.0,,1452.4,95.0,,
ELM,1999,6.4,-0.5,11.1,2.3,,-18.7,,,,0.0,144.0,,2006.3,132.0,,
ELM,2000,7.1,0.2,11.8,2.9,,-18.8,,,,0.0,134.0,,1694.4,111.0,,
ELM,2001,6.5,-0.4,11.1,2.3,,-17.0,,,,0.0,137.0,,1714.3,112.0,,
ELM,2002,7.4,0.5,11.9,3.1,,-13.7,,,,0.0,113.0,,1879.8,123.0,,
ELM,2003,7.4,0.5,12.7,2.7,,-17.7,,,,0.0,143.0,,1147.9,75.0,,
ELM,2004,6.4,-0.5,11.0,2.2,,-14.1,,,,0.0,148.0,,1347.5,88.0,,
ELM,2005,5.9,-1.0,10.7,1.7,,-19.0,,,,0.0,136.0,,1327.8,87.0,,
ELM,2006,7.1,0.2,11.9,2.8,,-17.2,,,,0.0,133.0,,1337.1,88.0,,
ELM,2007,7.1,0.2,11.8,2.8,,-14.5,,,,0.0,129.0,,1564.2,103.0,,
ELM,2008,7.0,0.1,11.5,2.7,,-14.5,,,,0.0,134.0,,1643.9,108.0,,
ELM,2009,7.0,0.1,11.5,2.7,,-18.0,,,,0.0,136.0,,1349.3,88.0,,
ELM,2010,6.0,-0.9,10.5,1.8,,-16.2,,,,0.0,139.0,,1487.3,98.0,,
ELM,2011,7.7,0.8,12.7,3.1,,-14.6,,,,0.0,123.0,,1338.6,88.0,,
ELM,2012,6.8,-0.1,11.4,2.2,,-24.6,,,,0.0,129.0,,1626.9,107.0,,
ELM,2013,6.4,-0.5,10.9,2.0,,-17.4,,,,0.0,141.0,,1475.0,97.0,,
ELM,2014,8.1,1.2,12.7,3.7,,-16.2,,,,0.0,105.0,,1521.6,100.0,,
ELM,2015,7.7,0.8,12.5,3.2,,-13.1,,,,0.0,120.0,,1326.8,87.0,,
ELM,2016,7.5,0.6,12.0,3.1,,-17.6,,,,0.0,134.0,,1534.3,101.0,,
ELM,2017,7.2,0.3,12.0,2.7,,-19.6,,,,0.0,133.0,,1788.9,117.0,,
ELM,2018,8.4,1.5,13.3,3.8,,-19.0,,,,0.0,114.0,,1382.1,91.0,,
ELM,2019,7.8,0.9,12.5,3.3,,-14.9,,,,0.0,128.0,,1661.2,109.0,,
ELM,2020,7.9,1.0,12.8,3.5,,-13.1,,,,0.0,119.0,,1534.3,101.0,,
ELM,2021,6.7,-0.2,11.4,2.3,,-16.6,,,,0.0,132.0,,1591.5,104.0,,
ELM,2022,8.4,1.5,13.3,3.8,,-15.0,,,,0.0,103.0,,1285.1,84.0,,
ELM,2023,8.3,1.4,13.1,3.9,,-14.0,,,,0.0,112.0,,2121.7,139.0,,
ELM,2024,8.6,1.7,13.1,4.3,,-13.8,,,,0.0,96.0,,1785.9,117.0,,
ELM,2025,8.2,1.3,13.3,3.8,,-13.8,,,,0.0,98.0,,1269.2,83.0,,
ENG,1864,4.2,-2.6,,,,,,,,,,,1410.6,90.0,,
ENG,1865,5.6,-1.2,,,,,,,,,,,1205.3,77.0,,
ENG,1866,5.7,-1.1,,,,,,,,,,,1675.3,107.0,,
ENG,1867,5.2,-1.6,,,,,,,,,,,1823.9,116.0,,
ENG,1868,5.8,-1.0,,,,,,,,,,,1654.4,106.0,,
ENG,1869,5.2,-1.6,,,,,,,,,,,1519.9,97.0,,
ENG,1870,4.4,-2.4,,,,,,,,,,,1332.9,85.0,,
ENG,1871,3.9,-2.9,,,,,,,,,,,1327.2,85.0,,
ENG,1872,6.1,-0.7,,,,,,,,,,,1747.2,111.0,,
ENG,1873,5.4,-1.4,,,,,,,,,,,1398.3,89.0,,
ENG,1874,4.8,-2.0,,,,,,,,,,,1495.5,95.0,,
ENG,1875,4.8,-2.0,,,,,,,,,,,1605.2,102.0,,
ENG,1876,5.4,-1.4,,,,,,,,,,,1474.4,94.0,,
ENG,1877,5.4,-1.4,,,,,,,,,,,1789.9,114.0,,
ENG,1878,4.7,-2.1,,,,,,,,,,,1910.6,122.0,,
ENG,1879,4.1,-2.7,,,,,,,,,,,1593.7,102.0,,
ENG,1880,5.6,-1.2,,,,,,,,,,,1573.5,100.0,,
ENG,1881,5.1,-1.7,,,,,,,,,,,1640.5,105.0,,
ENG,1882,5.2,-1.6,,,,,,,,,,,1844.5,118.0,,
ENG,1883,4.7,-2.1,,,,,,,,,,,1422.8,91.0,,
ENG,1884,5.3,-1.5,,,,,,,,,,,1275.2,81.0,,
ENG,1885,5.0,-1.8,,,,,,,,,,,1456.5,93.0,,
ENG,1886,5.0,-1.8,,,,,,,,,,,1776.1,113.0,,
ENG,1887,4.0,-2.8,,,,,,,,,,,1343.2,86.0,,
ENG,1888,4.5,-2.3,,,,,,,,,,,1726.5,110.0,,
ENG,1889,4.2,-2.6,,,,,,,,,,,1753.6,112.0,,
ENG,1890,4.2,-2.6,,,,,,,,,,,1580.8,101.0,,
ENG,1891,4.2,-2.6,,,,,,,,,,,1698.5,108.0,,
ENG,1892,5.0,-1.8,,,,,,,,,,,1621.4,103.0,,
ENG,1893,5.2,-1.6,,,,,,,,,,,1374.2,88.0,,
ENG,1894,5.0,-1.8,,,,,,,,,,,1200.1,77.0,,
ENG,1895,4.7,-2.1,,,,,,,,,,,1369.8,87.0,,
ENG,1896,4.2,-2.6,,,,,,,,,,,1704.8,109.0,,
ENG,1897,5.6,-1.2,,,,,,,,,,,1641.5,105.0,,
ENG,1898,5.7,-1.1,,,,,,,,,,,1612.9,103.0,,
ENG,1899,5.7,-1.1,,,,,,,,,,,1357.5,87.0,,
ENG,1900,5.7,-1.1,,,,,,,,,,,1556.7,99.0,,
ENG,1901,4.4,-2.4,,,,,,,,,,,1595.2,102.0,,
ENG,1902,4.8,-2.0,,,,,,,,,,,1531.7,98.0,,
ENG,1903,5.1,-1.7,,,,,,,,,,,1546.4,99.0,,
ENG,1904,5.7,-1.1,,,,,,,,,,,1439.2,92.0,,
ENG,1905,4.5,-2.3,,,,,,,,,,,1735.6,111.0,,
ENG,1906,4.8,-2.0,,,,,,,,,,,1474.5,94.0,,
ENG,1907,4.9,-1.9,,,,,,,,,,,1512.2,96.0,,
ENG,1908,4.7,-2.1,,,,,,,,,,,1378.5,88.0,,
ENG,1909,4.2,-2.6,,,,,,,,,,,1481.3,95.0,,
ENG,1910,5.1,-1.7,,,,,,,,,,,1952.8,125.0,,
ENG,1911,5.8,-1.0,,,,,,,,,,,1288.4,82.0,,
ENG,1912,5.2,-1.6,,,,,,,,,,,1605.2,102.0,,
ENG,1913,5.7,-1.1,,,,,,,,,,,1570.3,100.0,,
ENG,1914,5.0,-1.8,,,,,,,,,,,1713.4,109.0,,
ENG,1915,4.9,-1.9,,,,,,,,,,,1594.9,102.0,,
ENG,1916,5.4,-1.4,,,,,,,,,,,1884.6,120.0,,
ENG,1917,4.3,-2.5,,,,,,,,,,,1572.8,100.0,,
ENG,1918,5.5,-1.3,,,,,,,,,,,1693.3,108.0,,
ENG,1919,4.6,-2.2,,,,,,,,,,,1720.8,110.0,,
ENG,1920,6.1,-0.7,,,,,,,,,,,1224.5,78.0,,
ENG,1921,6.0,-0.8,,,,,,,,,,,1239.7,79.0,,
ENG,1922,4.7,-2.1,,,,,,,,,,,1979.7,126.0,,
ENG,1923,5.5,-1.3,,,,,,,,,,,1555.8,99.0,,
ENG,1924,4.9,-1.9,,,,,,,,,,,1413.7,90.0,,
ENG,1925,5.1,-1.7,,,,,,,,,,,1366.3,87.0,,
ENG,1926,6.1,-0.7,,,,,,,,,,,1526.7,97.0,,
ENG,1927,5.6,-1.2,,,,,,,,,,,1547.1,99.0,,
ENG,1928,6.0,-0.8,,,,,,,,,,,1764.3,113.0,,
ENG,1929,5.2,-1.6,,,,,,,,,,,1286.0,82.0,,
ENG,1930,6.2,-0.6,,,,,,,,,,,1686.2,108.0,,
ENG,1931,4.7,-2.1,,,,,,,,,,,1563.7,100.0,,
ENG,1932,5.4,-1.4,,,,,,,,,,,1401.2,89.0,,
ENG,1933,4.9,-1.9,,,,,,,,,,,1540.6,98.0,,
ENG,1934,6.1,-0.7,,,,,,,,,,,1347.9,86.0,,
ENG,1935,5.2,-1.6,,,,,,,,,,,1774.4,113.0,,
ENG,1936,5.7,-1.1,,,,,,,,,,,1569.1,100.0,,
ENG,1937,6.0,-0.8,,,,,,,,,,,1605.1,102.0,,
ENG,1938,5.5,-1.3,,,,,,,,,,,1471.8,94.0,,
ENG,1939,5.2,-1.6,,,,,,,,,,,1892.2,121.0,,
ENG,1940,4.5,-2.3,,,,,,,,,,,1929.9,123.0,,
ENG,1941,4.7,-2.1,,,,,,,,,,,1413.2,90.0,,
ENG,1942,5.2,-1.6,,,,,,,,,,,1415.1,90.0,,
ENG,1943,6.3,-0.5,,,,,,,,,,,1221.0,78.0,,
ENG,1944,5.0,-1.8,,,,,,,,,,,1849.8,118.0,,
ENG,1945,5.9,-0.9,,,,,,,,,,,1648.4,105.0,,
ENG,1946,5.8,-1.0,,,,,,,,,,,1453.5,93.0,,
ENG,1947,6.7,-0.1,,,,,,,,,,,1463.8,93.0,,
ENG,1948,6.3,-0.5,,,,,,,,,,,1494.5,95.0,,
ENG,1949,6.3,-0.5,,,,,,,,,,,1339.6,85.0,,
ENG,1950,6.1,-0.7,,,,,,,,,,,1608.7,103.0,,
ENG,1951,6.0,-0.8,,,,,,,,,,,1736.9,111.0,,
ENG,1952,5.6,-1.2,,,,,,,,,,,1714.5,109.0,,
ENG,1953,5.7,-1.1,,,,,,,,,,,1285.3,82.0,,
ENG,1954,5.0,-1.8,,,,,,,,,,,1763.6,113.0,,
ENG,1955,5.3,-1.5,,,,,,,,,,,1624.6,104.0,,
ENG,1956,4.0,-2.8,,,,,,,,,,,1640.8,105.0,,
ENG,1957,5.7,-1.1,,,,,,,,,,,1404.8,90.0,,
ENG,1958,5.6,-1.2,,,,,,,,,,,1834.6,117.0,,
ENG,1959,6.3,-0.5,,,,,,,,,,,1355.6,86.0,,
ENG,1960,5.7,-1.1,,,,,,,,,,,1801.5,115.0,,
ENG,1961,6.5,-0.3,,,,,,,,,,,1462.8,93.0,,
ENG,1962,4.6,-2.2,,,,,,,,,,,1377.7,88.0,,
ENG,1963,4.5,-2.3,,,,,,,,,,,1406.9,90.0,,
ENG,1964,5.6,-1.2,,,,,,,,,,,1334.0,85.0,,
ENG,1965,4.8,-2.0,,,,,,,,,,,1948.8,124.0,,
ENG,1966,5.9,-0.9,,,,,,,,,,,1675.6,107.0,,
ENG,1967,5.8,-1.0,,,,,,,,,,,1461.8,93.0,,
ENG,1968,5.3,-1.5,,,,,,,,,,,1727.8,110.0,,
ENG,1969,5.0,-1.8,,,,,,,,,,,1429.4,91.0,,
ENG,1970,5.1,-1.7,10.1,0.8,,-18.4,,,,0.0,158.0,,1597.2,102.0,1310.55,95.0
ENG,1971,5.5,-1.3,10.4,1.2,,-21.6,,,,0.0,145.0,,1333.2,85.0,1537.4833333333333,111.0
ENG,1972,5.3,-1.5,9.9,1.5,,-13.4,,,,0.0,144.0,,1275.0,81.0,1266.3333333333333,92.0
ENG,1973,5.3,-1.5,10.0,1.1,,-22.0,,,,0.0,163.0,,1372.7,88.0,1377.6666666666667,100.0
ENG,1974,5.8,-1.0,10.4,1.7,,-13.6,,,,0.0,162.0,,1501.5,96.0,1274.7333333333333,92.0
ENG,1975,5.4,-1.4,10.0,1.3,,-15.9,,,,0.0,161.0,,1441.5,92.0,1394.6166666666666,101.0
ENG,1976,5.5,-1.3,10.5,1.3,,-20.4,,,,0.0,148.0,,1302.5,83.0,1461.9666666666667,106.0
ENG,1977,6.0,-0.8,10.4,1.9,,-14.1,,,,0.0,127.0,,1669.1,106.0,1189.6833333333334,86.0
ENG,1978,5.3,-1.5,9.6,1.1,,-15.8,,,,0.0,146.0,,1513.9,97.0,1237.4333333333334,90.0
ENG,1979,5.7,-1.1,10.1,1.6,,-17.4,,,,0.0,144.0,,1747.9,112.0,1207.5166666666667,88.0
ENG,1980,4.8,-2.0,9.2,0.9,,-18.0,,,,0.0,161.0,,1473.3,94.0,1243.65,90.0
ENG,1981,5.6,-1.2,10.1,1.2,,-18.2,,,,0.0,146.0,,1898.8,121.0,1276.8,93.0
ENG,1982,6.4,-0.4,11.0,2.3,,-15.8,,,,0.0,149.0,,1462.1,93.0,1387.9,101.0
ENG,1983,6.4,-0.4,11.1,1.9,,-15.7,,,,0.0,125.0,,1418.2,90.0,1424.6833333333334,103.0
ENG,1984,5.4,-1.4,9.8,1.1,,-17.2,,,,0.0,146.0,,1462.1,93.0,1276.4333333333334,93.0
ENG,1985,5.1,-1.7,9.7,0.8,,-25.0,,,,0.0,154.0,,1338.4,85.0,1394.5833333333333,101.0
ENG,1986,5.7,-1.1,10.2,1.3,,-21.6,,,,0.0,141.0,,1554.8,99.0,1391.85,101.0
ENG,1987,5.5,-1.3,9.9,1.4,,-27.5,,,,0.0,141.0,,1582.5,101.0,1230.7333333333333,89.0
ENG,1988,6.4,-0.4,10.9,2.2,,-15.5,,,,0.0,133.0,,1683.3,107.0,1215.0833333333333,88.0
ENG,1989,6.8,0.0,11.9,2.4,,-11.2,,,,0.0,120.0,,1341.9,86.0,1497.7333333333333,109.0
ENG,1990,6.8,0.0,11.8,2.4,,-15.0,,,,0.0,131.0,,1486.4,95.0,1426.7,103.0
ENG,1991,5.7,-1.1,10.5,1.4,,-20.0,,,,0.0,156.0,,1504.5,96.0,1447.4666666666667,105.0
ENG,1992,6.6,-0.2,11.3,2.4,,-17.2,,,,0.0,134.0,,1475.1,94.0,1324.7166666666667,96.0
ENG,1993,6.3,-0.5,10.9,2.2,,-17.0,,,,0.0,129.0,,1652.3,105.0,1337.6333333333334,97.0
ENG,1994,7.5,0.7,12.2,3.5,,-13.7,,,,0.0,103.0,,1497.7,96.0,1238.1833333333334,90.0
ENG,1995,6.2,-0.6,11.1,2.0,,-18.9,,,,0.0,139.0,,1781.3,114.0,1298.1333333333334,94.0
ENG,1996,5.6,-1.2,10.2,1.5,,-16.9,,,,0.0,139.0,,1560.2,100.0,1286.7,93.0
ENG,1997,6.8,0.0,11.9,2.6,,-13.0,,,,0.0,137.0,,1500.8,96.0,1434.5833333333333,104.0
ENG,1998,6.4,-0.4,11.3,2.1,,-16.4,,,,0.0,139.0,,1334.9,85.0,1315.2333333333333,95.0
ENG,1999,6.3,-0.5,11.0,2.3,,-18.5,,,,0.0,144.0,,1914.0,122.0,1258.1166666666666,91.0
ENG,2000,7.1,0.3,11.9,2.8,,-19.5,,,,0.0,124.0,,1606.6,102.0,1330.6666666666667,96.0
ENG,2001,6.3,-0.5,11.0,2.2,,-19.3,,,,0.0,125.0,,1730.7,110.0,1306.25,95.0
ENG,2002,7.1,0.3,11.9,3.0,,-14.9,,,,0.0,102.0,,2011.5,128.0,1334.2,97.0
ENG,2003,7.1,0.3,12.4,2.4,,-18.7,,,,0.0,152.0,,1213.1,77.0,1715.6,124.0
ENG,2004,6.3,-0.5,10.9,2.2,,-14.9,,,,0.0,141.0,,1546.6,99.0,1280.9,93.0
ENG,2005,5.8,-1.0,10.7,1.6,,-20.0,,,,0.0,129.0,,1512.2,96.0,1442.0666666666666,105.0
ENG,2006,6.9,0.1,11.8,2.7,,-17.7,,,,0.0,130.0,,1462.4,93.0,1371.4666666666667,99.0
ENG,2007,7.0,0.2,11.8,2.9,,-14.2,,,,0.0,124.0,,1601.1,102.0,1425.3833333333334,103.0
ENG,2008,6.6,-0.2,11.3,2.5,,-14.0,,,,0.0,132.0,,1538.3,98.0,1275.0,92.0
ENG,2009,6.8,0.0,11.5,2.6,,-16.9,,,,0.0,135.0,,1474.0,94.0,1329.0166666666667,96.0
ENG,2010,5.6,-1.2,9.9,1.6,,-15.5,,,,0.0,137.0,,1633.3,104.0,1222.8166666666666,89.0
ENG,2011,7.5,0.7,12.5,3.1,,-15.2,,,,0.0,118.0,,1425.0,91.0,1637.9833333333333,119.0
ENG,2012,6.7,-0.1,11.3,2.4,,-23.8,,,,0.0,125.0,,1633.6,104.0,1426.8,103.0
ENG,2013,6.2,-0.6,10.5,2.2,,-16.0,,,,1.0,138.0,,1478.3,94.0,1268.3666666666666,92.0
ENG,2014,7.7,0.9,12.4,3.6,,-15.0,,,,0.0,112.0,,1658.1,106.0,1317.25,95.0
ENG,2015,7.7,0.9,12.6,3.4,,-12.2,,,,0.0,119.0,,1434.5,92.0,1500.1666666666667,109.0
ENG,2016,7.3,0.5,11.9,3.2,,-15.9,,,,0.0,129.0,,1612.2,103.0,1357.3333333333333,98.0
ENG,2017,7.2,0.4,12.1,2.8,,-15.9,,,,0.0,131.0,,1726.8,110.0,1491.1833333333334,108.0
ENG,2018,8.0,1.2,12.9,3.7,,-19.2,,,,0.0,119.0,,1450.9,93.0,1471.25,107.0
ENG,2019,7.6,0.8,12.3,3.3,,-12.1,,,,0.0,125.0,,1495.2,95.0,1437.6833333333334,104.0
ENG,2020,7.9,1.1,12.8,3.6,,-12.5,,,,0.0,116.0,,1556.8,99.0,1516.5166666666667,110.0
ENG,2021,6.6,-0.2,11.2,2.5,,-17.0,,,,0.0,127.0,,1679.4,107.0,1362.0333333333333,99.0
ENG,2022,8.3,1.5,13.2,4.0,,-13.7,,,,0.0,110.0,,1270.7,81.0,1608.0666666666666,117.0
ENG,2023,8.3,1.5,13.2,4.1,,-13.4,,,,0.0,108.0,,1833.7,117.0,1407.0,102.0
ENG,2024,8.4,1.6,12.9,4.3,,-15.3,,,,0.0,97.0,,1762.4,112.0,1262.6833333333334,92.0
ENG,2025,7.9,1.1,12.7,3.7,,-13.6,,,,0.0,103.0,,1569.8,100.0,1511.4666666666667,110.0
GRC,1864,3.0,-2.5,,,,,,,,,,,,,,
GRC,1865,3.7,-1.8,,,,,,,,,,,,,,
GRC,1866,3.9,-1.6,,,,,,,,,,,,,,
GRC,1867,3.4,-2.1,,,,,,,,,,,,,,
GRC,1868,3.9,-1.6,,,,,,,,,,,,,,
GRC,1869,3.4,-2.1,,,,,,,,,,,,,,
GRC,1870,3.0,-2.5,,,,,,,,,,,,,,
GRC,1871,2.8,-2.7,,,,,,,,,,,,,,
GRC,1872,3.9,-1.6,,,,,,,,,,,,,,
GRC,1873,3.9,-1.6,,,,,,,,,,,,,,
GRC,1874,3.3,-2.2,,,,,,,,,,,,,,
GRC,1875,3.2,-2.3,,,,,,,,,,,,,,
GRC,1876,3.7,-1.8,,,,,,,,,,,,,,
GRC,1877,3.4,-2.1,,,,,,,,,,,,,,
GRC,1878,2.7,-2.8,,,,,,,,,,,,,,
GRC,1879,2.4,-3.1,,,,,,,,,,,,,,
GRC,1880,4.1,-1.4,,,,,,,,,,,,,,
GRC,1881,3.7,-1.8,,,,,,,,,,,,,,
GRC,1882,3.5,-2.0,,,,,,,,,,,,,,
GRC,1883,2.9,-2.6,,,,,,,,,,,,,,
GRC,1884,3.7,-1.8,,,,,,,,,,,,,,
GRC,1885,3.7,-1.8,,,,,,,,,,,,,,
GRC,1886,3.2,-2.3,,,,,,,,,,,,,,
GRC,1887,2.7,-2.8,,,,,,,,,,,,,,
GRC,1888,3.0,-2.5,,,,,,,,,,,,,,
GRC,1889,2.6,-2.9,,,,,,,,,,,,,,
GRC,1890,2.9,-2.6,,,,,,,,,,,,,,
GRC,1891,2.9,-2.6,,,,,,,,,,,,,,
GRC,1892,3.5,-2.0,,,,,,,,,,,,,,
GRC,1893,4.1,-1.4,,,,,,,,,,,,,,
GRC,1894,3.9,-1.6,,,,,,,,,,,,,,
GRC,1895,3.2,-2.3,,,,,,,,,,,,,,
GRC,1896,2.9,-2.6,,,,,,,,,,,,,,
GRC,1897,4.2,-1.3,,,,,,,,,,,,,,
GRC,1898,4.5,-1.0,,,,,,,,,,,,,,
GRC,1899,4.4,-1.1,,,,,,,,,,,,,,
GRC,1900,3.8,-1.7,,,,,,,,,,,,,,
GRC,1901,2.7,-2.8,,,,,,,,,,,552.8,91.0,,
GRC,1902,3.4,-2.1,,,,,,,,,,,521.5,86.0,,
GRC,1903,3.5,-2.0,,,,,,,,,,,518.2,85.0,,
GRC,1904,4.0,-1.5,,,,,,,,,,,650.3,107.0,,
GRC,1905,2.9,-2.6,,,,,,,,,,,781.5,129.0,,
GRC,1906,3.7,-1.8,,,,,,,,,,,485.7,80.0,,
GRC,1907,3.6,-1.9,,,,,,,,,,,665.6,110.0,,
GRC,1908,3.6,-1.9,,,,,,,,,,,512.4,84.0,,
GRC,1909,2.7,-2.8,,,,,,,,,,,480.3,79.0,,
GRC,1910,3.1,-2.4,,,,,,,,,,,653.6,108.0,,
GRC,1911,4.6,-0.9,,,,,,,,,,,433.9,71.0,,
GRC,1912,3.4,-2.1,,,,,,,,,,,527.6,87.0,,
GRC,1913,4.1,-1.4,,,,,,,,,,,487.3,80.0,,
GRC,1914,3.7,-1.8,,,,,,,,,,,938.1,155.0,,
GRC,1915,3.5,-2.0,,,,,,,,,,,556.1,92.0,,
GRC,1916,3.9,-1.6,,,,,,,,,,,803.7,132.0,,
GRC,1917,2.9,-2.6,,,,,,,,,,,656.6,108.0,,
GRC,1918,4.1,-1.4,,,,,,,,,,,542.0,89.0,,
GRC,1919,2.9,-2.6,,,,,,,,,,,653.9,108.0,,
GRC,1920,4.7,-0.8,,,,,,,,,,,857.1,141.0,,
GRC,1921,5.4,-0.1,,,,,,,,,,,340.1,56.0,,
GRC,1922,3.5,-2.0,,,,,,,,,,,903.4,149.0,,
GRC,1923,4.1,-1.4,,,,,,,,,,,447.7,74.0,,
GRC,1924,4.2,-1.3,,,,,,,,,,,443.5,73.0,,
GRC,1925,3.9,-1.6,,,,,,,,,,,346.9,57.0,,
GRC,1926,4.2,-1.3,,,,,,,,,,,512.0,84.0,,
GRC,1927,4.2,-1.3,,,,,,,,,,,577.1,95.0,,
GRC,1928,4.3,-1.2,,,,,,,,,,,743.4,122.0,,
GRC,1929,3.8,-1.7,,,,,,,,,,,303.9,50.0,,
GRC,1930,4.7,-0.8,,,,,,,,,,,642.5,106.0,,
GRC,1931,3.5,-2.0,,,,,,,,,,,537.9,89.0,,
GRC,1932,4.2,-1.3,,,,,,,,,,,521.4,86.0,,
GRC,1933,3.9,-1.6,,,,,,,,,,,511.3,84.0,,
GRC,1934,4.8,-0.7,,,,,,,,,,,794.9,131.0,,
GRC,1935,3.6,-1.9,,,,,,,,,,,745.9,123.0,,
GRC,1936,3.7,-1.8,,,,,,,,,,,707.0,116.0,,
GRC,1937,4.3,-1.2,,,,,,,,,,,596.4,98.0,,
GRC,1938,4.0,-1.5,,,,,,,,,,,499.9,82.0,,
GRC,1939,3.7,-1.8,,,,,,,,,,,580.9,96.0,,
GRC,1940,3.3,-2.2,,,,,,,,,,,744.4,123.0,,
GRC,1941,3.2,-2.3,,,,,,,,,,,615.7,101.0,,
GRC,1942,4.1,-1.4,,,,,,,,,,,430.1,71.0,,
GRC,1943,5.0,-0.5,,,,,,,,,,,388.3,64.0,,
GRC,1944,3.4,-2.1,,,,,,,,,,,646.2,106.0,,
GRC,1945,4.5,-1.0,,,,,,,,,,,651.6,107.0,,
GRC,1946,4.2,-1.3,,,,,,,,,,,607.6,100.0,,
GRC,1947,5.5,0.0,,,,,,,,,,,665.8,110.0,,
GRC,1948,5.3,-0.2,,,,,,,,,,,572.1,94.0,,
GRC,1949,5.4,-0.1,,,,,,,,,,,432.4,71.0,,
GRC,1950,4.7,-0.8,,,,,,,,,,,467.0,77.0,,
GRC,1951,4.1,-1.4,,,,,,,,,,,771.0,127.0,,
GRC,1952,3.9,-1.6,,,,,,,,,,,606.0,100.0,,
GRC,1953,4.3,-1.2,,,,,,,,,,,516.7,85.0,,
GRC,1954,3.6,-1.9,,,,,,,,,,,675.3,111.0,,
GRC,1955,3.8,-1.7,,,,,,,,,,,590.3,97.0,,
GRC,1956,2.6,-2.9,,,,,,,,,,,494.1,81.0,,
GRC,1957,4.4,-1.1,,,,,,,,,,,659.5,109.0,,
GRC,1958,4.2,-1.3,,,,,,,,,,,607.6,100.0,,
GRC,1959,4.7,-0.8,,,,,,,,,,,624.8,103.0,,
GRC,1960,3.6,-1.9,,,,,,,,,,,714.9,118.0,,
GRC,1961,5.0,-0.5,,,,,,,,,,,538.4,89.0,,
GRC,1962,3.4,-2.1,,,,,,,,,,,641.7,106.0,,
GRC,1963,3.3,-2.2,,,,,,,,,,,647.2,107.0,,
GRC,1964,4.7,-0.8,,,,,,,,,,,430.5,71.0,,
GRC,1965,3.2,-2.3,,,,,,,,,,,709.1,117.0,,
GRC,1966,4.1,-1.4,,,,,,,,,,,582.5,96.0,,
GRC,1967,4.3,-1.2,,,,,,,,,,,491.3,81.0,,
GRC,1968,4.0,-1.5,8.9,0.0,,-20.8,,,,0.0,165.0,,845.0,139.0,,
GRC,1969,3.5,-2.0,8.4,0.2,,-17.2,,,,0.0,167.0,,557.0,92.0,,
GRC,1970,3.6,-1.9,8.4,0.3,,-16.2,,,,0.0,165.0,,687.9,113.0,,
GRC,1971,4.5,-1.0,9.4,0.9,,-21.8,,,,0.0,146.0,,609.4,100.0,,
GRC,1972,4.1,-1.4,8.8,0.7,,-12.7,,,,0.0,166.0,,588.4,97.0,,
GRC,1973,4.1,-1.4,8.9,0.6,,-16.8,,,,0.0,171.0,,537.5,89.0,,
GRC,1974,4.0,-1.5,8.4,0.6,,-11.0,,,,0.0,184.0,,493.0,81.0,,
GRC,1975,4.4,-1.1,9.1,1.0,,-11.0,,,,0.0,176.0,,699.1,115.0,,
GRC,1976,4.2,-1.3,8.9,0.7,,-16.0,,,,0.0,172.0,,626.7,103.0,,
GRC,1977,4.2,-1.3,8.6,0.7,,-12.7,,,,0.0,159.0,,891.6,147.0,,
GRC,1978,3.8,-1.7,8.4,0.3,,-17.1,,,,0.0,164.0,,749.3,123.0,,
GRC,1979,4.0,-1.5,8.4,0.5,,-18.0,,,,0.0,165.0,,815.2,134.0,,
GRC,1980,3.4,-2.1,8.0,-0.1,,-15.1,,,,0.0,179.0,,620.6,102.0,,
GRC,1981,4.0,-1.5,8.6,0.5,,-16.2,,,,0.0,153.0,,959.3,158.0,,
GRC,1982,4.8,-0.7,9.5,1.4,,-14.0,,,,0.0,163.0,,632.6,104.0,,
GRC,1983,5.1,-0.4,9.8,1.7,,-14.7,,,,0.0,147.0,,629.5,104.0,,
GRC,1984,3.6,-1.9,8.2,0.2,,-14.8,,,,0.0,157.0,,641.2,106.0,,
GRC,1985,4.3,-1.2,9.2,0.6,,-21.5,,,,0.0,157.0,,634.5,105.0,,
GRC,1986,4.3,-1.2,9.1,0.8,,-22.1,,,,0.0,167.0,,775.6,128.0,,
GRC,1987,4.6,-0.9,9.2,1.2,,-24.0,,,,0.0,153.0,,707.2,117.0,,
GRC,1988,4.9,-0.6,9.3,1.5,,-15.3,,,,0.0,143.0,,650.7,107.0,,
GRC,1989,5.8,0.3,10.7,2.2,,-9.8,,,,0.0,143.0,,526.4,87.0,,
GRC,1990,5.5,0.0,10.2,1.8,,-12.6,,,,0.0,133.0,,663.9,109.0,,
GRC,1991,4.8,-0.7,9.6,1.2,,-19.1,,,,0.0,157.0,,669.9,110.0,,
GRC,1992,5.5,0.0,9.8,2.1,,-13.5,,,,0.0,155.0,,720.7,119.0,,
GRC,1993,5.0,-0.5,9.6,1.2,,-17.0,,,,0.0,151.0,,653.9,108.0,,
GRC,1994,5.9,0.4,10.4,2.5,,-12.9,,,,0.0,125.0,,772.6,127.0,,
GRC,1995,4.7,-0.8,9.1,1.2,,-16.5,,,,0.0,156.0,,683.0,113.0,,
GRC,1996,4.5,-1.0,8.9,1.0,,-14.9,,,,0.0,149.0,,588.4,97.0,,
GRC,1997,5.9,0.4,10.5,2.1,,-10.7,,,,0.0,155.0,,428.6,71.0,,
GRC,1998,5.2,-0.3,10.0,1.5,,-13.1,,,,0.0,156.0,,500.4,82.0,,
GRC,1999,4.8,-0.7,9.4,1.4,,-17.6,,,,0.0,160.0,,764.9,126.0,,
GRC,2000,5.5,0.0,10.0,1.9,,-14.1,,,,0.0,158.0,,810.5,134.0,,
GRC,2001,5.2,-0.3,9.6,1.6,,-15.1,,,,0.0,157.0,,544.6,90.0,,
GRC,2002,5.5,0.0,9.8,2.0,,-14.1,,,,0.0,152.0,,829.5,137.0,,
GRC,2003,6.1,0.6,11.1,2.0,,-17.6,,,,0.0,153.0,,359.7,59.0,,
GRC,2004,5.1,-0.4,9.7,1.5,,-14.6,,,,0.0,159.0,,570.2,94.0,,
GRC,2005,4.6,-0.9,9.4,0.9,,-17.6,,,,0.0,139.0,,561.9,93.0,,
GRC,2006,5.8,0.3,10.6,2.3,,-15.6,,,,0.0,143.0,,521.4,86.0,,
GRC,2007,5.8,0.3,10.5,2.1,,-14.1,,,,0.0,149.0,,726.9,120.0,,
GRC,2008,5.2,-0.3,9.8,1.7,,-11.6,,,,0.0,156.0,,844.0,139.0,,
GRC,2009,5.4,-0.1,10.1,1.7,,-16.9,,,,0.0,154.0,,653.1,108.0,,
GRC,2010,4.2,-1.3,8.8,0.7,,-15.6,,,,0.0,164.0,,561.6,93.0,,
GRC,2011,6.5,1.0,11.6,2.7,,-12.6,,,,0.0,125.0,,492.9,81.0,,
GRC,2012,5.6,0.1,10.1,1.8,,-20.6,,,,0.0,139.0,,626.5,103.0,,
GRC,2013,5.0,-0.5,9.5,1.4,,-16.6,,,,0.0,161.0,,570.6,94.0,,
GRC,2014,6.0,0.5,10.5,2.5,,-12.4,,,,0.0,125.0,,610.4,101.0,,
GRC,2015,6.5,1.0,11.3,2.8,,-10.7,,,,0.0,123.0,,457.6,75.0,,
GRC,2016,5.8,0.3,10.4,2.2,,-13.8,,,,0.0,149.0,,434.9,72.0,,
GRC,2017,6.0,0.5,10.9,2.0,,-15.3,,,,0.0,145.0,,409.9,68.0,,
GRC,2018,6.5,1.0,11.2,2.7,,-19.8,,,,0.0,139.0,,714.9,118.0,,
GRC,2019,6.2,0.7,11.0,2.5,,-12.4,,,,0.0,142.0,,547.2,90.0,,
GRC,2020,6.7,1.2,11.7,2.9,,-9.8,,,,0.0,123.0,,569.7,94.0,,
GRC,2021,5.5,0.0,10.3,1.9,,-13.4,,,,0.0,143.0,,534.1,88.0,,
GRC,2022,7.4,1.9,12.4,3.4,,-11.9,,,,0.0,121.0,,394.2,65.0,,
GRC,2023,6.8,1.3,11.6,3.1,,-14.6,,,,0.0,127.0,,705.4,116.0,,
GRC,2024,6.8,1.3,11.4,3.3,,-11.3,,,,0.0,118.0,,751.3,124.0,,
GRC,2025,7.0,1.5,12.0,3.2,,-11.2,,,,0.0,118.0,,499.7,82.0,,
GRH,1932,1.3,-1.0,,,,,,,,,,,1463.3,80.0,,
GRH,1933,0.4,-1.9,,,,,,,,,,,1686.3,92.0,,
GRH,1934,1.7,-0.6,,,,,,,,,,,1481.6,81.0,,
GRH,1935,0.3,-2.0,,,,,,,,,,,2549.6,139.0,,
GRH,1936,0.8,-1.5,,,,,,,,,,,1847.6,101.0,,
GRH,1937,0.6,-1.7,,,,,,,,,,,2112.3,115.0,,
GRH,1938,1.1,-1.2,,,,,,,,,,,1651.1,90.0,,
GRH,1939,0.5,-1.8,,,,,,,,,,,2241.8,122.0,,
GRH,1940,0.0,-2.3,,,,,,,,,,,2259.7,123.0,,
GRH,1941,0.0,-2.3,,,,,,,,,,,1809.1,99.0,,
GRH,1942,1.0,-1.3,,,,,,,,,,,1595.6,87.0,,
GRH,1943,1.8,-0.5,,,,,,,,,,,1654.3,90.0,,
GRH,1944,0.2,-2.1,,,,,,,,,,,2147.1,117.0,,
GRH,1945,1.3,-1.0,,,,,,,,,,,2068.1,113.0,,
GRH,1946,1.4,-0.9,,,,,,,,,,,1734.0,95.0,,
GRH,1947,2.3,0.0,,,,,,,,,,,2136.9,117.0,,
GRH,1948,1.8,-0.5,,,,,,,,,,,1919.2,105.0,,
GRH,1949,2.3,0.0,,,,,,,,,,,1605.5,88.0,,
GRH,1950,1.3,-1.0,,,,,,,,,,,1935.6,106.0,,
GRH,1951,1.1,-1.2,,,,,,,,,,,2189.2,119.0,,
GRH,1952,0.4,-1.9,,,,,,,,,,,2153.0,117.0,,
GRH,1953,1.7,-0.6,,,,,,,,,,,1639.0,89.0,,
GRH,1954,0.6,-1.7,,,,,,,,,,,1942.7,106.0,,
GRH,1955,0.9,-1.4,,,,,,,,,,,1803.9,98.0,,
GRH,1956,-0.5,-2.8,,,,,,,,,,,2117.7,115.0,,
GRH,1957,1.3,-1.0,,,,,,,,,,,1614.0,88.0,,
GRH,1958,1.2,-1.1,,,,,,,,,,,2524.0,138.0,,
GRH,1959,1.7,-0.6,,,,,,,,,,,1700.0,93.0,,
GRH,1960,0.7,-1.6,,,,,,,,,,,1965.6,107.0,,
GRH,1961,2.1,-0.2,,,,,,,,,,,1686.5,92.0,,
GRH,1962,0.3,-2.0,,,,,,,,,,,1935.3,106.0,,
GRH,1963,0.7,-1.6,,,,,,,,,,,1382.8,75.0,,
GRH,1964,1.6,-0.7,,,,,,,,,,,1400.6,76.0,,
GRH,1965,0.0,-2.3,,,,,,,,,,,2489.9,136.0,,
GRH,1966,0.9,-1.4,,,,,,,,,,,2279.5,124.0,,
GRH,1967,1.3,-1.0,,,,,,,,,,,1872.2,102.0,,
GRH,1968,1.1,-1.2,,,,,,,,,,,1988.4,108.0,,
GRH,1969,0.8,-1.5,,,,,,,,,,,1715.5,94.0,,
GRH,1970,0.7,-1.6,,,,,,,,,,,2395.7,131.0,,
GRH,1971,1.4,-0.9,,-1.3,,-23.2,,,,0.0,197.0,,1333.0,73.0,,
GRH,1972,1.1,-1.2,3.6,-1.7,,-15.4,,,,0.0,220.0,,1439.7,79.0,,
GRH,1973,1.0,-1.3,3.9,-2.2,,-23.2,,,,0.0,209.0,,1838.2,100.0,,
GRH,1974,0.8,-1.5,3.1,-2.3,,-16.3,,,,0.0,241.0,,1941.7,106.0,,
GRH,1975,1.4,-0.9,4.2,-1.4,,-16.8,,,,0.0,212.0,,1630.9,89.0,,
GRH,1976,0.9,-1.4,3.7,-2.1,,-20.5,,,,0.0,225.0,,1576.1,86.0,,
GRH,1977,1.1,-1.2,3.7,-1.9,,-17.6,,,,0.0,195.0,,1884.4,103.0,,
GRH,1978,0.8,-1.5,3.8,-1.9,,-19.0,,,,0.0,215.0,,1916.1,104.0,,
GRH,1979,0.8,-1.5,3.4,-2.0,,-22.2,,,,0.0,206.0,,1990.2,109.0,,
GRH,1980,0.3,-2.0,3.0,-2.6,,-20.8,,,,0.0,222.0,,2054.9,112.0,,
GRH,1981,0.7,-1.6,3.5,-2.0,,-18.9,,,,0.0,193.0,,2618.1,143.0,,
GRH,1982,1.6,-0.7,4.6,-1.2,,-18.4,,,,0.0,202.0,,1665.0,91.0,,
GRH,1983,2.2,-0.1,5.2,-0.8,,-17.2,,,,0.0,195.0,,1740.8,95.0,,
GRH,1984,0.6,-1.7,3.3,-2.3,,-18.9,,,,0.0,205.0,,1620.8,88.0,,
GRH,1985,1.4,-0.9,4.3,-1.7,,-25.5,,,,0.0,188.0,,1452.6,79.0,,
GRH,1986,1.1,-1.2,4.1,-1.7,,-25.9,,,,0.0,203.0,,2230.4,122.0,1387.5,97.0
GRH,1987,1.5,-0.8,4.5,-1.3,,-29.0,,,,0.0,200.0,,2169.3,118.0,1171.5,82.0
GRH,1988,2.2,-0.1,6.1,-0.3,,-16.5,,,,0.0,178.0,,2260.8,123.0,806.3,56.0
GRH,1989,2.7,0.4,5.6,-0.2,,-11.8,,,,0.0,197.0,,1482.6,81.0,1411.3666666666666,98.0
GRH,1990,2.2,-0.1,5.3,-0.7,,-16.3,,,,0.0,184.0,,1906.7,104.0,1514.3166666666666,106.0
GRH,1991,1.6,-0.7,4.5,-1.3,,-21.9,,,,0.0,214.0,,1903.9,104.0,1518.7166666666667,106.0
GRH,1992,2.5,0.2,5.3,-0.4,,-16.5,,,,0.0,196.0,,1713.3,93.0,1411.45,98.0
GRH,1993,1.7,-0.6,4.5,-1.1,,-20.9,,,,0.0,190.0,,1807.7,99.0,1301.3166666666666,91.0
GRH,1994,2.7,0.4,5.5,-0.1,,-15.9,,,,0.0,183.0,,1813.2,99.0,1303.1166666666666,91.0
GRH,1995,1.4,-0.9,4.2,-1.5,,-20.4,,,,0.0,212.0,,2408.7,131.0,1329.0833333333333,93.0
GRH,1996,1.1,-1.2,3.9,-1.6,,-18.5,,,,0.0,210.0,,1732.8,94.0,1357.0666666666666,95.0
GRH,1997,2.6,0.3,5.6,-0.3,,-12.9,,,,0.0,191.0,,1638.8,89.0,1517.3333333333333,106.0
GRH,1998,1.9,-0.4,4.6,-0.9,,-17.7,,,,0.0,199.0,,1543.2,84.0,1399.85,98.0
GRH,1999,1.8,-0.5,4.5,-1.0,,-21.8,,,,0.0,184.0,,2359.7,129.0,1274.7666666666667,89.0
GRH,2000,2.4,0.1,5.0,-0.5,,-17.4,,,,0.0,188.0,,1945.9,106.0,1297.5833333333333,90.0
GRH,2001,1.9,-0.4,4.6,-1.0,,-19.1,,,,0.0,198.0,,2025.7,110.0,1321.9333333333334,92.0
GRH,2002,2.5,0.2,5.1,-0.2,,-15.0,,,,0.0,203.0,,2180.8,119.0,1289.8833333333334,90.0
GRH,2003,2.7,0.4,5.7,-0.5,,-21.0,,,,0.0,191.0,,1537.8,84.0,1804.6333333333334,126.0
GRH,2004,2.1,-0.2,4.9,-0.9,,-18.0,,,,0.0,191.0,,1722.7,94.0,1374.0333333333333,96.0
GRH,2005,1.6,-0.7,4.6,-1.3,,-20.8,,,,0.0,177.0,,1731.8,94.0,1536.15,107.0
GRH,2006,2.7,0.4,5.5,-0.2,,-19.1,,,,0.0,172.0,,1349.9,74.0,1504.8833333333334,105.0
GRH,2007,2.7,0.4,5.7,-0.3,,-17.3,,,,0.0,189.0,,1952.8,106.0,1554.4333333333334,108.0
GRH,2008,2.1,-0.2,4.9,-0.7,,-17.4,,,,0.0,196.0,,1816.7,99.0,1331.0166666666667,93.0
GRH,2009,2.2,-0.1,5.0,-0.6,,-19.4,,,,0.0,175.0,,1645.3,90.0,1405.95,98.0
GRH,2010,0.9,-1.4,3.7,-1.9,,-19.9,,,,0.0,202.0,,1709.2,93.0,1294.7,90.0
GRH,2011,3.4,1.1,6.4,0.5,,-16.9,,,,0.0,166.0,,1690.7,92.0,1715.0833333333333,120.0
GRH,2012,2.3,0.0,5.3,-0.7,,-26.1,,,,0.0,187.0,,2190.4,119.0,1492.2666666666667,104.0
GRH,2013,1.9,-0.4,4.7,-1.0,,-19.9,,,,0.0,196.0,,1672.3,91.0,1350.7666666666667,94.0
GRH,2014,3.0,0.7,5.7,0.3,,-16.3,,,,0.0,158.0,,1790.1,98.0,1266.2666666666667,88.0
GRH,2015,3.3,1.0,6.3,0.2,,-13.6,,,,0.0,171.0,,1842.6,100.0,1561.95,109.0
GRH,2016,2.6,0.3,5.3,-0.3,,-17.3,,,,0.0,188.0,,1729.1,94.0,1397.2333333333333,97.0
GRH,2017,2.7,0.4,5.6,-0.4,,-19.2,,,,0.0,197.0,,2068.1,113.0,1529.8833333333334,107.0
GRH,2018,3.2,0.9,6.0,0.2,,-25.7,,,,0.0,165.0,,1682.2,92.0,1494.0833333333333,104.0
GRH,2019,3.1,0.8,6.0,0.2,,-15.8,,,,0.0,186.0,,2268.7,124.0,1458.2666666666667,102.0
GRH,2020,3.6,1.3,6.5,0.6,,-14.2,,,,0.0,166.0,,1502.1,82.0,1645.1333333333334,115.0
GRH,2021,2.4,0.1,5.3,-0.5,,-14.9,,,,0.0,195.0,,1976.3,108.0,1461.3166666666666,102.0
GRH,2022,4.1,1.8,7.1,1.2,,-13.5,,,,0.0,160.0,,1426.0,78.0,1705.5833333333333,119.0
GRH,2023,3.7,1.4,6.7,0.8,,-16.4,,,,0.0,178.0,,2083.1,114.0,1470.3,102.0
GRH,2024,3.8,1.5,6.6,1.0,,-15.3,,,,0.0,170.0,,1882.6,103.0,1191.2833333333333,83.0
GRH,2025,3.9,1.6,6.8,1.0,,-15.1,,,,0.0,176.0,,1342.8,73.0,1542.9833333333333,108.0
GSB,1818,-1.0,-0.9,,,,,,,,,,,,,,
GSB,1819,-2.0,-1.9,,,,,,,,,,,,,,
GSB,1820,-2.0,-1.9,,,,,,,,,,,,,,
GSB,1821,-1.1,-1.0,,,,,,,,,,,,,,
GSB,1822,-0.1,0.0,,,,,,,,,,,,,,
GSB,1823,-1.7,-1.6,,,,,,,,,,,,,,
GSB,1824,-1.3,-1.2,,,,,,,,,,,,,,
GSB,1825,-1.3,-1.2,,,,,,,,,,,,,,
GSB,1826,-2.3,-2.2,,,,,,,,,,,,,,
GSB,1827,-2.6,-2.5,,,,,,,,,,,,,,
GSB,1828,-0.5,-0.4,,,,,,,,,,,,,,
GSB,1829,-3.2,-3.1,,,,,,,,,,,,,,
GSB,1830,-1.9,-1.8,,,,,,,,,,,,,,
GSB,1831,-1.4,-1.3,,,,,,,,,,,,,,
GSB,1832,-1.3,-1.2,,,,,,,,,,,,,,
GSB,1833,-1.6,-1.5,,,,,,,,,,,,,,
GSB,1834,-0.5,-0.4,,,,,,,,,,,,,,
GSB,1835,-1.7,-1.6,,,,,,,,,,,,,,
GSB,1836,-1.9,-1.8,,,,,,,,,,,,,,
GSB,1837,-2.5,-2.4,,,,,,,,,,,,,,
GSB,1838,-2.4,-2.3,,,,,,,,,,,,,,
GSB,1839,-1.5,-1.4,,,,,,,,,,,,,,
GSB,1840,-2.2,-2.1,,,,,,,,,,,,,,
GSB,1841,-2.3,-2.2,,,,,,,,,,,,,,
GSB,1842,-2.3,-2.2,,,,,,,,,,,,,,
GSB,1843,-1.8,-1.7,,,,,,,,,,,,,,
GSB,1844,-2.4,-2.3,,,,,,,,,,,,,,
GSB,1845,-2.6,-2.5,,,,,,,,,,,,,,
GSB,1846,-1.1,-1.0,,,,,,,,,,,,,,
GSB,1847,-2.6,-2.5,,,,,,,,,,,,,,
GSB,1848,-1.5,-1.4,,,,,,,,,,,,,,
GSB,1849,-1.6,-1.5,,,,,,,,,,,,,,
GSB,1850,-2.4,-2.3,,,,,,,,,,,,,,
GSB,1851,-2.9,-2.8,,,,,,,,,,,,,,
GSB,1852,-1.8,-1.7,,,,,,,,,,,,,,
GSB,1853,-3.2,-3.1,,,,,,,,,,,,,,
GSB,1854,-2.5,-2.4,,,,,,,,,,,,,,
GSB,1855,-2.8,-2.7,,,,,,,,,,,,,,
GSB,1856,-1.9,-1.8,,,,,,,,,,,,,,
GSB,1857,-1.8,-1.7,,,,,,,,,,,,,,
GSB,1858,-2.5,-2.4,,,,,,,,,,,,,,
GSB,1859,-1.6,-1.5,,,,,,,,,,,,,,
GSB,1860,-3.6,-3.5,,,,,,,,,,,,,,
GSB,1861,-1.2,-1.1,,,,,,,,,,,,,,
GSB,1862,-1.1,-1.0,,,,,,,,,,,,,,
GSB,1863,-1.1,-1.0,,,,,,,,,,,,,,
GSB,1864,-2.5,-2.4,0.5,-5.5,,,,,,,,,,,,
GSB,1865,-1.8,-1.7,1.3,-4.6,,,,,,,,,,,,
GSB,1866,-1.6,-1.5,1.8,-4.6,,,,,,,,,,,,
GSB,1867,-1.9,-1.8,1.3,-4.8,,,,,,,,,,,,
GSB,1868,-1.4,-1.3,1.7,-4.3,,,,,,,,,,,,
GSB,1869,-2.1,-2.0,1.0,-5.0,,,,,,,,,,,,
GSB,1870,-2.7,-2.6,0.5,-5.7,,,,,,,,,,,,
GSB,1871,-2.6,-2.5,0.6,-5.6,,,,,,,,,,,,
GSB,1872,-1.7,-1.6,1.3,-4.5,,,,,,,,,,,,
GSB,1873,-1.6,-1.5,1.7,-4.5,,,,,,,,,,,,
GSB,1874,-2.3,-2.2,1.1,-5.2,,,,,,,,,,,,
GSB,1875,-1.9,-1.8,1.2,-4.9,,,,,,,,,,,,
GSB,1876,-1.9,-1.8,1.6,-4.8,,,,,,,,,,,,
GSB,1877,-2.2,-2.1,1.2,-5.1,,,,,,,,,,,,
GSB,1878,-2.4,-2.3,0.5,-5.2,,,,,,,,,,,,
GSB,1879,-2.7,-2.6,0.4,-5.9,,,,,,,,,,,,
GSB,1880,-1.0,-0.9,2.0,-3.9,,,,,,,,,,,,
GSB,1881,-1.7,-1.6,1.3,-4.6,,,,,,,,,,,,
GSB,1882,-1.6,-1.5,1.5,-4.5,,,,,,,,,,,,
GSB,1883,-2.5,-2.4,0.3,-5.7,,,,,,,,,,,,
GSB,1884,-1.8,-1.7,0.8,-4.7,,,,,,,,,,,,
GSB,1885,-1.8,-1.7,1.0,-4.9,,,,,,,,,,,,
GSB,1886,-2.2,-2.1,0.9,-5.6,,,,,,,,,,,,
GSB,1887,-2.7,-2.6,0.4,-6.4,,,,,,,,,,,,
GSB,1888,-2.4,-2.3,0.6,-5.8,,,,,,,,,,,,
GSB,1889,-2.8,-2.7,-0.1,-6.0,,,,,,,,,,,,
GSB,1890,-2.7,-2.6,0.1,-5.9,,,,,,,,,,,,
GSB,1891,-2.4,-2.3,0.4,-5.7,,,,,,,,,,,,
GSB,1892,-2.0,-1.9,1.0,-5.5,,,,,,,,,,,,
GSB,1893,-1.6,-1.5,1.1,-4.7,,,,,,,,,,,,
GSB,1894,-1.5,-1.4,1.3,-4.9,,,,,,,,,,,,
GSB,1895,-2.1,-2.0,0.4,-5.9,,,,,,,,,,,,
GSB,1896,-2.6,-2.5,0.6,-5.9,,,,,,,,,,,,
GSB,1897,-1.3,-1.2,2.1,-4.6,,,,,,,,,,,,
GSB,1898,-1.0,-0.9,2.2,-4.1,,,,,,,,,,,,
GSB,1899,-1.0,-0.9,2.4,-4.4,,,,,,,,,,,,
GSB,1900,-1.5,-1.4,1.8,-5.0,,,,,,,,,,,,
GSB,1901,-2.5,-2.4,,,,,,,,,,,2368.5,104.0,,
GSB,1902,-1.9,-1.8,,,,,,,,,,,1980.4,87.0,,
GSB,1903,-2.0,-1.9,,,,,,,,,,,2221.1,97.0,,
GSB,1904,-1.3,-1.2,,,,,,,,,,,1780.5,78.0,,
GSB,1905,-2.3,-2.2,,,,,,,,,,,2410.2,105.0,,
GSB,1906,-2.0,-1.9,,,,,,,,,,,1941.0,85.0,,
GSB,1907,-2.0,-1.9,,,,,,,,,,,2430.1,106.0,,
GSB,1908,-1.8,-1.7,,,,,,,,,,,1758.0,77.0,,
GSB,1909,-2.8,-2.7,,,,,,,,,,,2065.8,90.0,,
GSB,1910,-2.8,-2.7,,,,,,,,,,,2668.6,117.0,,
GSB,1911,-1.1,-1.0,,,,,,,,,,,1828.0,80.0,,
GSB,1912,-2.1,-2.0,,,,,,,,,,,2222.9,97.0,,
GSB,1913,-1.7,-1.6,,,,,,,,,,,2358.4,103.0,,
GSB,1914,-2.0,-1.9,,,,,,,,,,,2740.1,120.0,,
GSB,1915,-2.5,-2.4,,,,,,,,,,,2264.1,99.0,,
GSB,1916,-2.1,-2.0,,,,,,,,,,,2479.5,109.0,,
GSB,1917,-2.6,-2.5,,,,,,,,,,,1935.4,85.0,,
GSB,1918,-1.6,-1.5,,,,,,,,,,,2296.0,100.0,,
GSB,1919,-2.9,-2.8,,,,,,,,,,,1478.2,65.0,,
GSB,1920,-0.7,-0.6,,,,,,,,,,,1904.4,83.0,,
GSB,1921,-0.5,-0.4,,,,,,,,,,,1205.1,53.0,,
GSB,1922,-1.9,-1.8,,,,,,,,,,,2476.3,108.0,,
GSB,1923,-1.5,-1.4,,,,,,,,,,,2024.0,89.0,,
GSB,1924,-1.5,-1.4,,,,,,,,,,,1744.3,76.0,,
GSB,1925,-2.0,-1.9,,,,,,,,,,,1931.6,85.0,,
GSB,1926,-1.3,-1.2,,,,,,,,,,,2278.7,100.0,,
GSB,1927,-1.5,-1.4,,,,,,,,,,,2201.4,96.0,,
GSB,1928,-1.2,-1.1,,,,,,,,,,,2139.0,94.0,,
GSB,1929,-1.7,-1.6,,,,,,,,,,,1548.6,68.0,,
GSB,1930,-1.2,-1.1,,,,,,,,,,,2506.2,110.0,,
GSB,1931,-1.9,-1.8,,,,,,,,,,,1953.8,86.0,,
GSB,1932,-1.6,-1.5,,,,,,,,,,,2063.3,90.0,,
GSB,1933,-2.0,-1.9,,,,,,,,,,,2097.2,92.0,,
GSB,1934,-0.6,-0.5,,,,,,,,,,,2082.4,91.0,,
GSB,1935,-2.2,-2.1,,,,,,,,,,,2762.9,121.0,,
GSB,1936,-1.8,-1.7,,,,,,,,,,,2398.2,105.0,,
GSB,1937,-1.6,-1.5,,,,,,,,,,,2539.8,111.0,,
GSB,1938,-1.2,-1.1,,,,,,,,,,,1927.3,84.0,,
GSB,1939,-2.0,-1.9,,,,,,,,,,,2490.8,109.0,,
GSB,1940,-2.2,-2.1,,,,,,,,,,,2530.5,111.0,,
GSB,1941,-2.4,-2.3,,,,,,,,,,,2201.4,96.0,,
GSB,1942,-1.3,-1.2,,,,,,,,,,,1855.1,81.0,,
GSB,1943,-0.6,-0.5,,,,,,,,,,,1980.4,87.0,,
GSB,1944,-2.1,-2.0,,,,,,,,,,,2433.3,107.0,,
GSB,1945,-0.9,-0.8,,,,,,,,,,,2189.4,96.0,,
GSB,1946,-1.2,-1.1,,,,,,,,,,,1973.0,86.0,,
GSB,1947,-0.3,-0.2,,,,,,,,,,,2180.2,95.0,,
GSB,1948,-0.5,-0.4,,,,,,,,,,,1970.4,86.0,,
GSB,1949,-0.4,-0.3,,,,,,,,,,,1505.3,66.0,,
GSB,1950,-1.1,-1.0,,,,,,,,,,,1844.4,81.0,,
GSB,1951,-1.5,-1.4,,,,,,,,,,,2266.2,99.0,,
GSB,1952,-1.8,-1.7,,,,,,,,,,,2270.4,99.0,,
GSB,1953,-0.6,-0.5,,,,,,,,,,,1723.1,75.0,,
GSB,1954,-1.9,-1.8,,,,,,,,,,,2116.2,93.0,,
GSB,1955,-1.7,-1.6,,,,,,,,,,,2251.2,99.0,,
GSB,1956,-2.7,-2.6,,,,,,,,,,,1937.8,85.0,,
GSB,1957,-0.8,-0.7,,,,,,,,,,,1894.9,83.0,,
GSB,1958,-1.0,-0.9,,,,,,,,,,,2702.7,118.0,,
GSB,1959,-0.9,-0.8,,,,,,,,,,,1975.6,86.0,,
GSB,1960,-2.0,-1.9,,-4.1,,-24.7,,,,0.0,270.0,,2598.7,114.0,,
GSB,1961,-0.3,-0.2,,-2.5,,-17.1,,,,0.0,246.0,,1861.2,81.0,,
GSB,1962,-2.2,-2.1,,-5.5,,-24.0,,,,0.0,268.0,,2098.3,92.0,,
GSB,1963,-2.0,-1.9,,-4.6,,-24.1,,,,0.0,249.0,,2100.1,92.0,,
GSB,1964,-0.6,-0.5,,-3.2,,-20.2,,,,0.0,243.0,,1872.2,82.0,,
GSB,1965,-2.3,-2.2,0.4,-4.7,17.0,-21.2,0.0,0.0,,0.0,264.0,187.0,2576.6,113.0,,
GSB,1966,-1.5,-1.4,1.8,-3.8,,,,,,,,,2185.8,96.0,,
GSB,1967,-1.3,-1.2,2.1,-3.7,17.7,-22.0,0.0,0.0,,0.0,243.0,150.0,1659.7,73.0,,
GSB,1968,-1.6,-1.5,1.7,-3.9,19.2,-22.9,0.0,0.0,,0.0,260.0,153.0,2308.0,101.0,,
GSB,1969,-2.0,-1.9,1.1,-4.4,16.6,-21.6,0.0,0.0,,0.0,249.0,174.0,2076.0,91.0,,
GSB,1970,-1.9,-1.8,1.4,-4.4,16.7,-21.2,0.0,0.0,0.0,0.0,248.0,164.0,2302.9,101.0,,
GSB,1971,-1.0,-0.9,2.1,-3.3,16.9,-28.6,0.0,0.0,0.0,0.0,232.0,143.0,1714.0,75.0,,
GSB,1972,-1.8,-1.7,1.2,-4.0,17.5,-16.2,0.0,0.0,0.0,0.0,271.0,175.0,2026.6,89.0,,
GSB,1973,-1.9,-1.8,1.2,-4.3,16.4,-22.1,0.0,0.0,0.0,0.0,257.0,173.0,1950.1,85.0,,
GSB,1974,-2.2,-2.1,0.9,-4.2,18.8,-14.9,0.0,0.0,0.0,0.0,273.0,200.0,2320.6,102.0,,
GSB,1975,-1.1,-1.0,2.2,-3.0,18.1,-18.7,0.0,0.0,0.0,0.0,239.0,164.0,2069.4,91.0,,
GSB,1976,-1.6,-1.5,1.4,-3.5,16.1,-19.1,0.0,0.0,0.0,0.0,245.0,168.0,1979.7,87.0,,
GSB,1977,-1.7,-1.6,1.1,-3.6,14.3,-17.0,0.0,0.0,0.0,0.0,247.0,153.0,2810.7,123.0,,
GSB,1978,-1.7,-1.6,1.0,-3.7,15.2,-19.0,0.0,0.0,0.0,0.0,258.0,169.0,2257.4,99.0,,
GSB,1979,-1.6,-1.5,1.1,-3.8,16.5,-25.7,0.0,0.0,0.0,0.0,236.0,177.0,2317.1,101.0,,
GSB,1980,-2.1,-2.0,1.0,-4.7,19.3,-19.6,0.0,0.0,0.0,0.0,267.0,176.0,2202.0,96.0,,
GSB,1981,-1.2,-1.1,1.7,-4.0,19.6,-20.9,0.0,0.0,0.0,0.0,248.0,151.0,2943.6,129.0,,
GSB,1982,-0.9,-0.8,2.1,-3.3,17.1,-19.4,0.0,0.0,0.0,0.0,236.0,167.0,2298.2,101.0,1578.5333333333333,99.0
GSB,1983,-0.4,-0.3,2.7,-2.9,21.1,-18.1,0.0,0.0,0.0,0.0,240.0,134.0,2346.9,103.0,1500.4833333333333,94.0
GSB,1984,-2.3,-2.2,0.6,-4.7,17.1,-19.5,0.0,0.0,0.0,0.0,260.0,177.0,2292.8,100.0,1471.0833333333333,92.0
GSB,1985,-1.2,-1.1,1.9,-3.7,18.4,-27.0,0.0,0.0,0.0,0.0,243.0,152.0,1963.7,86.0,1651.7833333333333,104.0
GSB,1986,-1.3,-1.2,1.8,-3.8,17.2,-28.4,0.0,0.0,0.0,0.0,226.0,155.0,2751.2,120.0,1667.9,105.0
GSB,1987,-0.9,-0.8,2.1,-3.4,19.1,-27.3,0.0,0.0,0.0,0.0,242.0,151.0,2500.7,109.0,1578.8,99.0
GSB,1988,-0.6,-0.5,2.4,-3.1,17.5,-21.4,0.0,0.0,0.0,0.0,234.0,136.0,2769.2,121.0,1453.8833333333334,91.0
GSB,1989,0.2,0.3,3.1,-2.4,17.1,-14.5,0.0,0.0,0.0,0.0,233.0,126.0,2063.8,90.0,1732.5,109.0
GSB,1990,-0.1,0.0,2.8,-2.9,17.3,-18.1,0.0,0.0,0.0,0.0,228.0,134.0,2141.6,94.0,1683.3,106.0
GSB,1991,-0.8,-0.7,2.0,-3.6,19.1,-23.5,0.0,0.0,0.0,0.0,254.0,167.0,2011.9,88.0,1740.1166666666666,109.0
GSB,1992,0.1,0.2,2.8,-2.6,18.4,-19.1,0.0,0.0,0.0,0.0,237.0,137.0,2115.8,93.0,1428.9333333333334,90.0
GSB,1993,-0.8,-0.7,1.8,-3.4,18.0,-22.7,0.0,0.0,0.0,0.0,261.0,149.0,2228.1,98.0,1488.25,93.0
GSB,1994,0.3,0.4,3.0,-2.3,19.1,-18.7,0.0,0.0,0.0,0.0,226.0,128.0,2617.8,115.0,1516.0166666666667,95.0
GSB,1995,-0.9,-0.8,1.7,-3.5,18.8,-20.4,0.0,0.0,0.0,0.0,253.0,157.0,2836.2,124.0,1608.3333333333333,101.0
GSB,1996,-1.4,-1.3,1.3,-3.9,15.8,-19.6,0.0,0.0,0.0,0.0,266.0,165.0,2492.7,109.0,1479.8833333333334,93.0
GSB,1997,0.2,0.3,2.9,-2.5,16.4,-15.5,0.0,0.0,0.0,0.0,227.0,135.0,2268.4,99.0,1736.3666666666666,109.0
GSB,1998,-0.3,-0.2,2.5,-3.1,20.5,-18.7,0.0,0.0,0.0,0.0,246.0,132.0,2096.1,92.0,1598.7833333333333,100.0
GSB,1999,-0.6,-0.5,2.2,-3.2,18.8,-22.1,0.0,0.0,0.0,0.0,223.0,147.0,3103.2,136.0,1356.3,85.0
GSB,2000,-0.1,0.0,2.7,-2.8,19.0,-17.5,0.0,0.0,0.0,0.0,228.0,146.0,2731.0,120.0,1394.5333333333333,87.0
GSB,2001,-0.5,-0.4,2.2,-3.3,18.8,-19.1,0.0,0.0,0.0,0.0,242.0,145.0,2218.9,97.0,1461.65,92.0
GSB,2002,-0.1,0.0,2.6,-2.6,19.1,-17.5,0.0,0.0,0.0,0.0,246.0,147.0,3089.5,135.0,1446.8666666666666,91.0
GSB,2003,0.2,0.3,3.2,-2.7,21.6,-22.0,0.0,0.0,0.0,0.0,220.0,142.0,1945.4,85.0,1878.9333333333334,118.0
GSB,2004,-0.5,-0.4,2.3,-3.2,18.1,-19.4,0.0,0.0,0.0,0.0,234.0,149.0,2146.6,94.0,1592.1,100.0
GSB,2005,-0.9,-0.8,1.8,-3.6,19.1,-22.0,0.0,0.0,0.0,0.0,228.0,145.0,2053.2,90.0,1590.45,100.0
GSB,2006,0.0,0.1,2.7,-2.6,18.1,-21.2,0.0,0.0,0.0,0.0,232.0,138.0,2044.5,89.0,1577.7833333333333,99.0
GSB,2007,0.3,0.4,3.1,-2.6,16.9,-19.4,0.0,0.0,0.0,0.0,218.0,128.0,2513.3,110.0,1677.0833333333333,105.0
GSB,2008,-0.3,-0.2,2.5,-3.0,17.4,-18.5,0.0,0.0,0.0,0.0,243.0,140.0,2319.4,102.0,1606.4,101.0
GSB,2009,-0.2,-0.1,2.5,-2.9,18.4,-22.1,0.0,0.0,0.0,0.0,216.0,155.0,1811.4,79.0,1660.3333333333333,104.0
GSB,2010,-1.6,-1.5,1.2,-4.2,19.3,-20.6,0.0,0.0,0.0,0.0,246.0,173.0,2324.8,102.0,1512.7,95.0
GSB,2011,0.8,0.9,3.6,-2.0,20.5,-19.5,0.0,0.0,0.0,0.0,222.0,121.0,2243.8,98.0,1808.0666666666666,113.0
GSB,2012,0.0,0.1,2.9,-2.8,21.6,-25.2,0.0,0.0,0.0,0.0,230.0,140.0,2454.6,107.0,1685.2833333333333,106.0
GSB,2013,-0.8,-0.7,2.0,-3.3,19.0,-20.4,0.0,0.0,0.0,0.0,236.0,150.0,1880.1,82.0,1470.3833333333334,92.0
GSB,2014,0.2,0.3,2.9,-2.3,17.3,-17.2,0.0,0.0,0.0,0.0,227.0,127.0,2185.2,96.0,1475.4666666666667,92.0
GSB,2015,1.0,1.1,3.8,-1.8,21.3,-16.7,0.0,0.0,0.0,0.0,218.0,110.0,2105.5,92.0,1734.5666666666666,109.0
GSB,2016,0.2,0.3,3.0,-2.5,18.5,-16.8,0.0,0.0,0.0,0.0,236.0,141.0,2210.2,97.0,1575.7833333333333,99.0
GSB,2017,0.4,0.5,3.4,-2.4,19.5,-21.8,0.0,0.0,0.0,0.0,228.0,137.0,2001.6,88.0,1753.8333333333333,110.0
GSB,2018,0.6,0.7,3.3,-2.0,18.1,-24.5,0.0,0.0,0.0,0.0,197.0,135.0,2609.7,114.0,1566.4333333333334,98.0
GSB,2019,0.5,0.6,3.3,-2.3,21.6,-18.1,0.0,0.0,0.0,0.0,226.0,142.0,2582.8,113.0,1725.7333333333333,108.0
GSB,2020,1.0,1.1,3.8,-1.8,19.3,-16.2,0.0,0.0,0.0,0.0,222.0,108.0,1280.9,56.0,1731.8666666666666,109.0
GSB,2021,-0.1,0.0,2.6,-2.8,20.0,-18.6,0.0,0.0,0.0,0.0,229.0,143.0,,,1622.5166666666667,102.0
GSB,2022,1.7,1.8,4.8,-1.1,20.0,-15.9,0.0,0.0,0.0,0.0,199.0,111.0,1184.4,52.0,1957.9166666666667,123.0
GSB,2023,1.3,1.4,4.2,-1.5,21.8,-18.3,0.0,0.0,0.0,0.0,216.0,118.0,,,1639.05,103.0
GSB,2024,1.3,1.4,3.9,-1.2,19.7,-15.9,0.0,0.0,0.0,0.0,214.0,111.0,,,1334.7833333333333,84.0
GSB,2025,1.2,1.3,3.9,-1.5,20.6,-18.0,0.0,0.0,0.0,0.0,223.0,131.0,,,1751.6666666666667,110.0
GVE,1753,9.2,-1.8,,,,,,,,,,,,,,
GVE,1754,9.1,-1.9,,,,,,,,,,,,,,
GVE,1755,8.6,-2.4,,,,,,,,,,,,,,
GVE,1756,8.7,-2.3,,,,,,,,,,,,,,
GVE,1757,8.5,-2.5,,,,,,,,,,,,,,
GVE,1758,7.8,-3.2,,,,,,,,,,,,,,
GVE,1759,9.1,-1.9,,,,,,,,,,,,,,
GVE,1760,9.4,-1.6,,,,,,,,,,,,,,
GVE,1761,9.2,-1.8,,,,,,,,,,,,,,
GVE,1762,9.0,-2.0,,,,,,,,,,,,,,
GVE,1763,9.0,-2.0,,,,,,,,,,,,,,
GVE,1764,9.1,-1.9,,,,,,,,,,,,,,
GVE,1765,8.9,-2.1,,,,,,,,,,,,,,
GVE,1766,8.9,-2.1,,,,,,,,,,,,,,
GVE,1767,9.1,-1.9,,,,,,,,,,,,,,
GVE,1768,9.0,-2.0,,,,,,,,,,,,,,
GVE,1769,9.1,-1.9,,,,,,,,,,,,,,
GVE,1770,8.5,-2.5,,,,,,,,,,,,,,
GVE,1771,9.2,-1.8,,,,,,,,,,,,,,
GVE,1772,10.4,-0.6,,,,,,,,,,,,,,
GVE,1773,9.0,-2.0,,,,,,,,,,,,,,
GVE,1774,9.1,-1.9,,,,,,,,,,,,,,
GVE,1775,9.2,-1.8,,,,,,,,,,,,,,
GVE,1776,9.3,-1.7,,,,,,,,,,,,,,
GVE,1777,9.1,-1.9,,,,,,,,,,,,,,
GVE,1778,9.8,-1.2,,,,,,,,,,,,,,
GVE,1779,9.7,-1.3,,,,,,,,,,,,,,
GVE,1780,9.3,-1.7,,,,,,,,,,,,,,
GVE,1781,10.6,-0.4,,,,,,,,,,,,,,
GVE,1782,8.4,-2.6,,,,,,,,,,,,,,
GVE,1783,10.0,-1.0,,,,,,,,,,,,,,
GVE,1784,8.4,-2.6,,,,,,,,,,,,,,
GVE,1785,7.9,-3.1,,,,,,,,,,,,,,
GVE,1786,8.7,-2.3,,,,,,,,,,,,,,
GVE,1787,9.3,-1.7,,,,,,,,,,,,,,
GVE,1788,9.2,-1.8,,,,,,,,,,,,,,
GVE,1789,8.7,-2.3,,,,,,,,,,,,,,
GVE,1790,9.7,-1.3,,,,,,,,,,,,,,
GVE,1791,10.1,-0.9,,,,,,,,,,,,,,
GVE,1792,9.8,-1.2,,,,,,,,,,,,,,
GVE,1793,9.9,-1.1,,,,,,,,,,,,,,
GVE,1794,10.1,-0.9,,,,,,,,,,,,,,
GVE,1795,9.4,-1.6,,,,,,,,,,,,,,
GVE,1796,9.1,-1.9,,,,,,,,,,,,,,
GVE,1797,9.6,-1.4,,,,,,,,,,,,,,
GVE,1798,9.2,-1.8,,,,,,,,,,,,,,
GVE,1799,8.2,-2.8,,,,,,,,,,,,,,
GVE,1800,9.4,-1.6,,,,,,,,,,,,,,
GVE,1801,9.7,-1.3,,,,,,,,,,,,,,
GVE,1802,9.6,-1.4,,,,,,,,,,,,,,
GVE,1803,9.3,-1.7,,,,,,,,,,,,,,
GVE,1804,9.7,-1.3,,,,,,,,,,,,,,
GVE,1805,7.7,-3.3,,,,,,,,,,,,,,
GVE,1806,9.9,-1.1,,,,,,,,,,,,,,
GVE,1807,9.0,-2.0,,,,,,,,,,,,,,
GVE,1808,7.5,-3.5,,,,,,,,,,,,,,
GVE,1809,8.5,-2.5,,,,,,,,,,,,,,
GVE,1810,8.7,-2.3,,,,,,,,,,,,,,
GVE,1811,9.9,-1.1,,,,,,,,,,,,,,
GVE,1812,7.8,-3.2,,,,,,,,,,,,,,
GVE,1813,8.3,-2.7,,,,,,,,,,,,,,
GVE,1814,8.0,-3.0,,,,,,,,,,,,,,
GVE,1815,9.0,-2.0,,,,,,,,,,,,,,
GVE,1816,7.9,-3.1,,,,,,,,,,,,,,
GVE,1817,9.1,-1.9,,,,,,,,,,,,,,
GVE,1818,8.9,-2.1,,,,,,,,,,,,,,
GVE,1819,9.3,-1.7,,,,,,,,,,,,,,
GVE,1820,8.5,-2.5,,,,,,,,,,,,,,
GVE,1821,9.3,-1.7,,,,,,,,,,,,,,
GVE,1822,10.2,-0.8,,,,,,,,,,,,,,
GVE,1823,8.7,-2.3,,,,,,,,,,,,,,
GVE,1824,9.0,-2.0,,,,,,,,,,,,,,
GVE,1825,9.6,-1.4,,,,,,,,,,,,,,
GVE,1826,9.1,-1.9,,,,,,,,,,,,,,
GVE,1827,9.4,-1.6,,,,,,,,,,,,,,
GVE,1828,9.9,-1.1,,,,,,,,,,,,,,
GVE,1829,7.7,-3.3,,,,,,,,,,,,,,
GVE,1830,8.4,-2.6,,,,,,,,,,,,,,
GVE,1831,9.2,-1.8,,,,,,,,,,,,,,
GVE,1832,9.1,-1.9,,,,,,,,,,,,,,
GVE,1833,9.5,-1.5,,,,,,,,,,,,,,
GVE,1834,10.6,-0.4,,,,,,,,,,,,,,
GVE,1835,8.8,-2.2,,,,,,,,,,,,,,
GVE,1836,8.8,-2.2,,,,,,,,,,,,,,
GVE,1837,8.2,-2.8,,,,,,,,,,,,,,
GVE,1838,7.9,-3.1,,,,,,,,,,,,,,
GVE,1839,9.0,-2.0,,,,,,,,,,,,,,
GVE,1840,8.1,-2.9,,,,,,,,,,,,,,
GVE,1841,8.8,-2.2,,,,,,,,,,,,,,
GVE,1842,8.2,-2.8,,,,,,,,,,,,,,
GVE,1843,8.7,-2.3,,,,,,,,,,,,,,
GVE,1844,8.7,-2.3,,,,,,,,,,,,,,
GVE,1845,8.5,-2.5,,,,,,,,,,,,,,
GVE,1846,9.5,-1.5,,,,,,,,,,,,,,
GVE,1847,7.9,-3.1,,,,,,,,,,,,,,
GVE,1848,8.4,-2.6,,,,,,,,,,,,,,
GVE,1849,8.6,-2.4,,,,,,,,,,,,,,
GVE,1850,8.1,-2.9,,,,,,,,,,,,,,
GVE,1851,7.3,-3.7,,,,,,,,,,,,,,
GVE,1852,9.0,-2.0,,,,,,,,,,,,,,
GVE,1853,7.9,-3.1,,,,,,,,,,,,,,
GVE,1854,8.5,-2.5,,,,,,,,,,,,,,
GVE,1855,8.1,-2.9,,,,,,,,,,,,,,
GVE,1856,8.9,-2.1,,,,,,,,,,,,,,
GVE,1857,8.8,-2.2,,,,,,,,,,,,,,
GVE,1858,8.5,-2.5,,,,,,,,,,,,,,
GVE,1859,9.5,-1.5,,,,,,,,,,,,,,
GVE,1860,8.0,-3.0,,,,,,,,,,,,,,
GVE,1861,9.1,-1.9,,,,,,,,,,,,,,
GVE,1862,10.0,-1.0,,,,,,,,,,,,,,
GVE,1863,9.7,-1.3,,,,,,,,,,,,,,
GVE,1864,8.2,-2.8,13.6,3.0,,,,,,,,,671.5,71.0,,
GVE,1865,9.7,-1.3,15.1,4.3,,,,,,,,,768.4,81.0,,
GVE,1866,9.8,-1.2,15.3,4.6,,,,,,,,,1078.9,114.0,,
GVE,1867,9.2,-1.8,14.8,4.0,,,,,,,,,983.5,104.0,,
GVE,1868,10.1,-0.9,15.6,4.7,,,,,,,,,880.6,93.0,,
GVE,1869,9.3,-1.7,14.7,3.9,,,,,,,,,676.3,72.0,,
GVE,1870,8.9,-2.1,14.2,3.6,,,,,,,,,782.4,83.0,,
GVE,1871,8.2,-2.8,13.3,3.1,,,,,,,,,692.9,73.0,,
GVE,1872,9.9,-1.1,14.8,4.8,,,,,,,,,1223.6,129.0,,
GVE,1873,9.7,-1.3,14.5,4.5,,,,,,,,,768.2,81.0,,
GVE,1874,9.0,-2.0,14.3,3.5,,,,,,,,,693.0,73.0,,
GVE,1875,9.3,-1.7,14.3,4.2,,,,,,,,,947.5,100.0,,
GVE,1876,9.5,-1.5,14.3,4.5,,,,,,,,,995.6,105.0,,
GVE,1877,9.7,-1.3,14.9,4.6,,,,,,,,,1019.9,108.0,,
GVE,1878,8.8,-2.2,13.9,3.6,,,,,,,,,1164.7,123.0,,
GVE,1879,7.9,-3.1,12.8,3.0,,,,,,,,,865.9,92.0,,
GVE,1880,9.6,-1.4,14.6,4.6,,,,,,,,,942.8,100.0,,
GVE,1881,9.3,-1.7,14.4,4.1,,,,,,,,,950.8,101.0,,
GVE,1882,9.1,-1.9,14.3,4.1,,,,,,,,,1158.6,123.0,,
GVE,1883,8.8,-2.2,14.2,3.7,,,,,,,,,879.2,93.0,,
GVE,1884,9.4,-1.6,15.0,4.1,,,,,,,,,541.4,57.0,,
GVE,1885,9.2,-1.8,14.4,4.0,,,,,,,,,852.3,90.0,,
GVE,1886,9.2,-1.8,14.4,4.2,,,,,,,,,979.3,104.0,,
GVE,1887,7.9,-3.1,13.1,2.7,,,,,,,,,769.1,81.0,,
GVE,1888,8.1,-2.9,13.3,3.0,,,,,,,,,1001.8,106.0,,
GVE,1889,8.1,-2.9,12.9,2.9,,,,,,,,,1050.4,111.0,,
GVE,1890,7.9,-3.1,12.9,2.7,,,,,,,,,910.9,96.0,,
GVE,1891,8.1,-2.9,13.4,2.9,,,,,,,,,1007.1,106.0,,
GVE,1892,9.0,-2.0,14.4,3.9,,,,,,,,,831.3,88.0,,
GVE,1893,9.6,-1.4,15.1,4.0,,,,,,,,,690.3,73.0,,
GVE,1894,9.1,-1.9,14.5,3.9,,,,,,,,,849.1,90.0,,
GVE,1895,8.6,-2.4,14.1,3.3,,,,,,,,,938.2,99.0,,
GVE,1896,8.1,-2.9,13.0,3.7,,,,,,,,,1192.7,126.0,,
GVE,1897,9.1,-1.9,14.2,4.4,,,,,,,,,733.8,78.0,1671.9333333333334,89.0
GVE,1898,9.3,-1.7,14.8,4.5,,,,,,,,,862.4,91.0,1847.1666666666667,98.0
GVE,1899,9.5,-1.5,15.2,4.2,,,,,,,,,792.7,84.0,2088.133333333333,111.0
GVE,1900,9.6,-1.4,14.9,4.3,,,,,,,,,928.8,98.0,1909.3,101.0
GVE,1901,8.4,-2.6,13.5,3.5,,,,,,,,,966.8,102.0,1819.85,96.0
GVE,1902,8.6,-2.4,14.0,3.8,,,,,,,,,1012.4,107.0,1723.4666666666667,91.0
GVE,1903,8.8,-2.2,14.3,3.7,,,,,,,,,899.7,95.0,1820.2333333333333,96.0
GVE,1904,9.5,-1.5,15.0,4.4,,,,,,,,,685.2,72.0,1819.8666666666666,96.0
GVE,1905,8.8,-2.2,14.3,3.9,,,,,,,,,839.2,89.0,1792.8,95.0
GVE,1906,9.1,-1.9,14.8,3.8,,,,,,,,,588.1,62.0,2141.35,113.0
GVE,1907,8.8,-2.2,14.4,3.9,,,,,,,,,941.9,100.0,1881.2833333333333,100.0
GVE,1908,8.5,-2.5,13.8,3.6,,,,,,,,,773.1,82.0,1810.1666666666667,96.0
GVE,1909,8.3,-2.7,13.5,3.1,,,,,,,,,854.5,90.0,1870.1666666666667,99.0
GVE,1910,8.9,-2.1,14.0,4.1,,,,,,,,,1144.7,121.0,1651.0666666666666,88.0
GVE,1911,9.8,-1.2,15.4,4.4,,,,,,,,,797.1,84.0,1971.4833333333333,104.0
GVE,1912,8.7,-2.3,14.1,3.7,,,,,,,,,847.5,90.0,1752.8666666666666,93.0
GVE,1913,9.3,-1.7,14.6,4.4,,,,,,,,,927.8,98.0,1708.45,91.0
GVE,1914,8.8,-2.2,13.9,4.1,,,,,,,,,1058.8,112.0,1608.2166666666667,85.0
GVE,1915,9.1,-1.9,14.1,4.2,,,,,,,,,1002.5,106.0,1666.4333333333334,88.0
GVE,1916,9.0,-2.0,14.3,4.3,,,,,,,,,1208.1,128.0,1585.0666666666666,84.0
GVE,1917,8.2,-2.8,13.5,3.4,,,,,,,,,1029.4,109.0,1742.5333333333333,92.0
GVE,1918,9.1,-1.9,14.7,4.2,,,,,,,,,956.9,101.0,1908.7333333333333,101.0
GVE,1919,8.8,-2.2,14.1,4.0,,,,,,,,,1018.8,108.0,1830.3833333333334,97.0
GVE,1920,9.8,-1.2,15.3,4.9,,,,,,,,,843.2,89.0,1775.8166666666666,94.0
GVE,1921,10.0,-1.0,15.9,4.6,,,,,,,,,459.3,49.0,2138.55,113.0
GVE,1922,8.8,-2.2,14.0,3.7,,,,,,,,,1270.0,134.0,1688.6,89.0
GVE,1923,9.7,-1.3,14.8,4.5,,,,,,,,,1226.1,130.0,1777.5166666666667,94.0
GVE,1924,8.9,-2.1,13.9,4.2,,,,,,,,,819.1,87.0,1712.65,91.0
GVE,1925,9.2,-1.8,14.4,4.2,,,,,,,,,801.8,85.0,1812.85,96.0
GVE,1926,9.6,-1.4,14.9,4.6,,,,,,,,,984.2,104.0,1761.8833333333334,93.0
GVE,1927,9.4,-1.6,14.6,4.7,,,,,,,,,1108.0,117.0,1729.8166666666666,92.0
GVE,1928,10.2,-0.8,15.5,5.1,,,,,,,,,1079.5,114.0,1869.05,99.0
GVE,1929,9.1,-1.9,14.5,3.9,,,,,,,,,711.8,75.0,1999.7,106.0
GVE,1930,10.0,-1.0,14.9,5.3,,,,,,,,,1268.3,134.0,1629.55,86.0
GVE,1931,9.0,-2.0,13.9,4.2,,,,,,,,,919.7,97.0,1803.65,96.0
GVE,1932,9.1,-1.9,13.7,4.6,,,,,,,,,918.0,97.0,1546.5333333333333,82.0
GVE,1933,9.0,-2.0,13.7,4.2,,,,,,,,,863.6,91.0,1776.5166666666667,94.0
GVE,1934,9.9,-1.1,15.1,4.9,,,,,,,,,740.3,78.0,1980.9333333333334,105.0
GVE,1935,9.6,-1.4,14.5,4.8,,,,,,,,,1065.5,113.0,1784.9,95.0
GVE,1936,9.6,-1.4,14.4,5.1,,,,,,,,,880.5,93.0,1630.4666666666667,86.0
GVE,1937,9.9,-1.1,14.8,5.2,,,,,,,,,1094.1,116.0,1728.7166666666667,92.0
GVE,1938,9.4,-1.6,14.5,4.4,,,,,,,,,741.6,78.0,1968.7333333333333,104.0
GVE,1939,9.1,-1.9,13.8,4.8,,,,,,,,,1103.0,117.0,1529.1666666666667,81.0
GVE,1940,8.6,-2.4,13.5,3.8,,,,,,,,,1003.5,106.0,1702.4666666666667,90.0
GVE,1941,8.7,-2.3,13.7,4.0,,,,,,,,,753.4,80.0,1753.6333333333334,93.0
GVE,1942,9.3,-1.7,14.4,4.4,,,,,,,,,685.1,72.0,1809.0166666666667,96.0
GVE,1943,10.3,-0.7,15.3,5.2,,,,,,,,,834.0,88.0,1931.5666666666666,102.0
GVE,1944,9.6,-1.4,14.2,4.5,,,,,,,,,846.0,89.0,1806.55,96.0
GVE,1945,10.3,-0.7,15.3,4.9,,,,,,,,,659.4,70.0,2026.9,107.0
GVE,1946,9.9,-1.1,15.0,5.0,,,,,,,,,899.0,95.0,1797.0666666666666,95.0
GVE,1947,10.9,-0.1,16.1,5.5,,,,,,,,,868.8,92.0,1975.8833333333334,105.0
GVE,1948,10.1,-0.9,15.4,4.9,,,,,,,,,927.8,98.0,1806.1833333333334,96.0
GVE,1949,10.6,-0.4,16.0,5.2,,,,,,,,,696.1,74.0,2034.2166666666667,108.0
GVE,1950,10.4,-0.6,15.6,5.3,,,,,,,,,932.5,99.0,1939.9666666666667,103.0
GVE,1951,9.6,-1.4,14.8,4.8,,,,,,,,,985.0,104.0,1654.6666666666667,88.0
GVE,1952,9.9,-1.1,14.9,5.0,,,,,,,,,1089.4,115.0,1918.1333333333334,102.0
GVE,1953,9.7,-1.3,14.6,4.8,,,,,,,,,641.1,68.0,1813.3,96.0
GVE,1954,9.4,-1.6,14.2,4.6,,,,,,,,,1016.9,108.0,1735.25,92.0
GVE,1955,9.7,-1.3,14.4,5.0,,,,,,,,,979.3,104.0,1816.0666666666666,96.0
GVE,1956,8.5,-2.5,13.2,3.8,,,,,,,,,842.8,89.0,1788.3666666666666,95.0
GVE,1957,9.5,-1.5,14.5,4.8,,,,,,,,,666.3,70.0,1851.9333333333334,98.0
GVE,1958,9.6,-1.4,14.4,5.1,,,,,,,,,969.6,103.0,1645.9,87.0
GVE,1959,10.2,-0.8,15.2,5.4,32.6,-8.1,53.0,9.0,,0.0,82.0,3.0,874.7,92.0,1972.1,105.0
GVE,1960,9.7,-1.3,14.7,5.2,32.0,-12.0,34.0,2.0,,0.0,67.0,11.0,1334.2,141.0,1860.3666666666666,99.0
GVE,1961,10.6,-0.4,15.7,5.8,32.2,-6.8,52.0,10.0,,0.0,68.0,5.0,753.8,80.0,1881.3,100.0
GVE,1962,9.1,-1.9,14.3,3.9,35.2,-11.9,60.0,23.0,,0.0,114.0,15.0,713.3,75.0,1992.6666666666667,106.0
GVE,1963,8.5,-2.5,13.2,4.4,30.9,-19.0,34.0,1.0,,0.0,90.0,45.0,1006.7,106.0,1677.8166666666666,89.0
GVE,1964,9.8,-1.2,14.5,5.6,33.8,-17.0,58.0,15.0,,0.0,82.0,18.0,736.1,78.0,1741.1,92.0
GVE,1965,8.8,-2.2,13.6,4.5,32.8,-13.7,38.0,6.0,,0.0,89.0,5.0,1198.5,127.0,1551.85,82.0
GVE,1966,10.0,-1.0,15.0,5.5,34.0,-14.6,45.0,9.0,,0.0,82.0,11.0,944.5,100.0,1750.35,93.0
GVE,1967,9.7,-1.3,14.8,4.9,33.3,-13.3,49.0,13.0,,0.0,91.0,16.0,836.1,88.0,1940.3,103.0
GVE,1968,9.4,-1.6,13.9,4.7,32.6,-19.9,28.0,10.0,,0.0,75.0,12.0,1132.9,120.0,1670.35,89.0
GVE,1969,9.1,-1.9,14.0,4.5,32.0,-12.4,42.0,8.0,,0.0,100.0,22.0,818.7,87.0,1689.5333333333333,90.0
GVE,1970,9.3,-1.7,14.2,4.6,33.1,-14.0,56.0,13.0,0.0,0.0,97.0,14.0,962.7,102.0,1678.3833333333334,89.0
GVE,1971,9.3,-1.7,14.4,4.5,34.8,-16.8,56.0,21.0,0.0,0.0,106.0,24.0,651.9,69.0,1887.7333333333333,100.0
GVE,1972,9.2,-1.8,14.0,4.7,31.5,-9.5,33.0,6.0,0.0,0.0,85.0,4.0,723.5,77.0,1579.4833333333333,84.0
GVE,1973,9.1,-1.9,13.9,4.6,30.9,-11.1,61.0,6.0,0.0,0.0,120.0,11.0,728.2,77.0,1752.9833333333333,93.0
GVE,1974,9.8,-1.2,14.7,5.2,33.3,-5.5,43.0,8.0,0.0,0.0,62.0,0.0,934.6,99.0,1510.7666666666667,80.0
GVE,1975,9.7,-1.3,14.2,5.4,33.5,-6.5,50.0,6.0,0.0,0.0,79.0,8.0,1026.0,108.0,1489.9,79.0
GVE,1976,9.8,-1.2,14.8,5.0,35.6,-11.1,64.0,20.0,1.0,0.0,101.0,12.0,921.9,97.0,1899.6,101.0
GVE,1977,9.9,-1.1,14.4,5.9,29.1,-8.7,31.0,0.0,0.0,0.0,57.0,5.0,1287.8,136.0,1429.7666666666667,76.0
GVE,1978,9.0,-2.0,13.7,4.9,31.1,-13.4,35.0,2.0,0.0,0.0,79.0,5.0,980.3,104.0,1492.6,79.0
GVE,1979,9.7,-1.3,14.5,5.4,33.3,-14.8,56.0,9.0,0.0,1.0,80.0,8.0,1048.2,111.0,1638.6666666666667,87.0
GVE,1980,8.9,-2.1,13.6,4.8,31.5,-11.0,36.0,4.0,0.0,0.0,100.0,16.0,1038.8,110.0,1508.4833333333333,80.0
GVE,1981,9.6,-1.4,14.3,4.8,32.4,-10.8,44.0,5.0,0.0,0.0,95.0,14.0,1153.6,122.0,1485.15,79.0
GVE,1982,10.4,-0.6,15.1,5.8,32.5,-7.0,62.0,8.0,0.0,1.0,68.0,0.0,1050.1,111.0,1659.95,88.0
GVE,1983,10.3,-0.7,15.1,5.6,35.3,-8.6,68.0,21.0,3.0,0.0,93.0,8.0,1193.8,126.0,1551.7333333333333,82.0
GVE,1984,9.5,-1.5,14.2,4.8,34.9,-7.6,48.0,13.0,0.0,0.0,84.0,5.0,965.9,102.0,1613.8833333333334,86.0
GVE,1985,9.2,-1.8,14.2,3.9,34.1,-18.9,66.0,9.0,0.0,0.0,116.0,28.0,990.4,105.0,1828.7,97.0
GVE,1986,9.8,-1.2,14.6,5.1,34.8,-11.2,63.0,21.0,0.0,1.0,95.0,14.0,1038.8,110.0,1571.6,83.0
GVE,1987,9.9,-1.1,14.2,5.5,32.4,-14.9,58.0,13.0,0.0,0.0,81.0,22.0,1065.6,113.0,1425.1666666666667,76.0
GVE,1988,10.5,-0.5,15.1,5.8,33.8,-6.5,50.0,16.0,0.0,0.0,65.0,1.0,1062.8,112.0,1640.95,87.0
GVE,1989,10.7,-0.3,15.7,5.9,35.0,-10.9,72.0,11.0,1.0,0.0,83.0,1.0,643.8,68.0,1872.0166666666667,99.0
GVE,1990,10.8,-0.2,15.8,6.0,33.6,-8.1,57.0,17.0,0.0,0.0,66.0,9.0,1020.7,108.0,1925.5833333333333,102.0
GVE,1991,10.2,-0.8,14.8,5.6,33.6,-10.1,75.0,14.0,0.0,0.0,81.0,16.0,870.4,92.0,1825.4166666666667,97.0
GVE,1992,10.6,-0.4,15.1,6.3,33.8,-8.6,57.0,21.0,0.0,0.0,69.0,10.0,1087.6,115.0,1624.4666666666667,86.0
GVE,1993,10.1,-0.9,14.7,5.6,32.2,-10.1,53.0,15.0,0.0,0.0,90.0,7.0,1155.8,122.0,1629.7666666666667,86.0
GVE,1994,11.6,0.6,16.2,7.2,34.3,-6.0,66.0,29.0,0.0,0.0,47.0,0.0,1001.4,106.0,1693.5,90.0
GVE,1995,10.7,-0.3,15.3,6.2,35.0,-10.6,53.0,16.0,1.0,0.0,74.0,6.0,1071.7,113.0,1818.6833333333334,96.0
GVE,1996,9.8,-1.2,14.3,5.3,31.1,-8.2,44.0,2.0,0.0,0.0,79.0,11.0,946.9,100.0,1717.1666666666667,91.0
GVE,1997,10.7,-0.3,15.5,6.1,30.4,-5.0,57.0,2.0,0.0,0.0,74.0,8.0,970.0,103.0,1931.0666666666666,102.0
GVE,1998,10.6,-0.4,15.6,5.6,35.9,-9.7,66.0,16.0,2.0,0.0,97.0,3.0,857.7,91.0,1950.8666666666666,103.0
GVE,1999,10.5,-0.5,15.1,6.2,32.5,-7.1,56.0,5.0,0.0,0.0,83.0,6.0,1230.6,130.0,1708.2166666666667,91.0
GVE,2000,11.2,0.2,16.0,6.3,34.6,-10.2,61.0,14.0,0.0,0.0,69.0,3.0,996.0,105.0,1951.4166666666667,103.0
GVE,2001,10.8,-0.2,15.4,6.5,32.1,-8.5,63.0,13.0,0.0,0.0,59.0,7.0,1217.3,129.0,1759.5333333333333,93.0
GVE,2002,11.2,0.2,15.8,6.6,35.2,-9.0,50.0,17.0,1.0,1.0,46.0,7.0,1166.4,123.0,1765.6,94.0
GVE,2003,11.4,0.4,16.6,6.2,37.6,-10.5,95.0,50.0,16.0,3.0,92.0,12.0,736.9,78.0,2158.133333333333,114.0
GVE,2004,10.7,-0.3,15.5,6.2,32.6,-11.0,61.0,11.0,0.0,0.0,79.0,0.0,989.5,105.0,1890.8833333333334,100.0
GVE,2005,10.3,-0.7,15.0,5.6,35.9,-11.3,59.0,16.0,1.0,1.0,94.0,10.0,746.3,79.0,1980.7,105.0
GVE,2006,11.1,0.1,16.0,6.6,35.3,-9.1,68.0,24.0,1.0,1.0,82.0,11.0,968.6,102.0,1880.9,100.0
GVE,2007,11.0,0.0,15.9,6.4,32.1,-11.2,56.0,6.0,0.0,0.0,70.0,10.0,1121.1,119.0,1955.9166666666667,104.0
GVE,2008,10.6,-0.4,15.2,6.0,32.2,-8.5,51.0,11.0,0.0,0.0,85.0,2.0,1134.9,120.0,1848.0333333333333,98.0
GVE,2009,11.1,0.1,16.0,6.3,36.2,-12.6,66.0,19.0,1.0,2.0,85.0,17.0,886.4,94.0,1960.05,104.0
GVE,2010,10.1,-0.9,14.7,5.4,35.6,-10.8,57.0,15.0,1.0,0.0,97.0,23.0,812.0,86.0,1776.95,94.0
GVE,2011,11.4,0.4,16.7,6.3,34.2,-6.8,62.0,12.0,0.0,0.0,68.0,4.0,619.0,65.0,2150.116666666667,114.0
GVE,2012,10.9,-0.1,15.8,6.1,34.5,-11.4,67.0,14.0,0.0,0.0,75.0,15.0,970.3,103.0,1936.9833333333333,103.0
GVE,2013,10.2,-0.8,14.5,6.0,34.3,-10.0,58.0,15.0,0.0,0.0,86.0,8.0,1047.2,111.0,1722.6166666666666,91.0
GVE,2014,11.7,0.7,16.3,7.4,33.4,-4.1,41.0,6.0,0.0,0.0,34.0,1.0,1004.6,106.0,1860.2166666666667,99.0
GVE,2015,11.6,0.6,16.5,6.7,39.7,-5.9,69.0,35.0,8.0,4.0,63.0,4.0,685.5,72.0,1995.4,106.0
GVE,2016,11.1,0.1,15.7,6.4,33.5,-5.8,70.0,18.0,0.0,0.0,66.0,1.0,885.5,94.0,1820.35,96.0
GVE,2017,11.3,0.3,16.6,6.1,36.5,-7.5,80.0,30.0,2.0,4.0,78.0,13.0,693.0,73.0,2089.633333333333,111.0
GVE,2018,12.3,1.3,17.1,7.6,34.8,-8.9,95.0,33.0,0.0,1.0,36.0,3.0,864.3,91.0,1978.7666666666667,105.0
GVE,2019,11.8,0.8,16.8,6.8,36.3,-7.1,81.0,27.0,3.0,0.0,69.0,0.0,842.2,89.0,2112.95,112.0
GVE,2020,12.2,1.2,17.2,7.0,35.5,-5.6,80.0,23.0,2.0,2.0,58.0,0.0,793.8,84.0,2113.3333333333335,112.0
GVE,2021,10.9,-0.1,15.6,6.2,32.2,-6.5,57.0,8.0,0.0,0.0,57.0,3.0,867.1,92.0,1950.2833333333333,103.0
GVE,2022,12.8,1.8,18.1,7.5,38.3,-6.3,103.0,41.0,10.0,4.0,60.0,0.0,693.8,73.0,2342.45,124.0
GVE,2023,12.7,1.7,17.8,7.6,39.3,-6.3,102.0,40.0,8.0,5.0,57.0,0.0,1024.7,108.0,2059.2833333333333,109.0
GVE,2024,12.0,1.0,16.8,7.4,34.2,-6.6,72.0,23.0,0.0,2.0,56.0,2.0,907.8,96.0,1693.0333333333333,90.0
GVE,2025,11.9,0.9,16.9,7.0,36.4,-7.0,77.0,36.0,4.0,0.0,49.0,0.0,920.6,97.0,2024.9833333333333,107.0
JUN,1933,-8.7,-2.0,,,,,,,,,,,,,,
JUN,1934,-7.0,-0.3,,,,,,,,,,,,,,
JUN,1935,-8.8,-2.1,,,,,,,,,,,,,,
JUN,1936,-8.2,-1.5,,,,,,,,,,,,,,
JUN,1937,-8.4,-1.7,,,,,,,,,,,,,,
JUN,1938,-7.9,-1.2,,,,,,,,,,,,,,
JUN,1939,-8.5,-1.8,,,,,,,,,,,,,,
JUN,1940,-8.8,-2.1,,,,,,,,,,,,,,
JUN,1941,-8.9,-2.2,,,,,,,,,,,,,,
JUN,1942,-8.0,-1.3,,,,,,,,,,,,,,
JUN,1943,-7.5,-0.8,,,,,,,,,,,,,,
JUN,1944,-8.8,-2.1,,,,,,,,,,,,,,
JUN,1945,-7.8,-1.1,,,,,,,,,,,,,,
JUN,1946,-7.6,-0.9,,,,,,,,,,,,,,
JUN,1947,-7.2,-0.5,,,,,,,,,,,,,,
JUN,1948,-6.9,-0.2,,,,,,,,,,,,,,
JUN,1949,-7.2,-0.5,,,,,,,,,,,,,,
JUN,1950,-7.4,-0.7,,,,,,,,,,,,,,
JUN,1951,-7.9,-1.2,,,,,,,,,,,,,,
JUN,1952,-8.6,-1.9,,,,,,,,,,,,,,
JUN,1953,-7.0,-0.3,,,,,,,,,,,,,,
JUN,1954,-8.5,-1.8,,,,,,,,,,,,,,
JUN,1955,-8.5,-1.8,,,,,,,,,,,,,,
JUN,1956,-9.3,-2.6,,,,,,,,,,,,,,
JUN,1957,-7.5,-0.8,,,,,,,,,,,,,,
JUN,1958,-7.6,-0.9,,,,,,,,,,,,,,
JUN,1959,-7.2,-0.5,,,,,,,,,,,,,,
JUN,1960,-8.7,-2.0,,,,,,,,,,,,,1566.8166666666666,88.0
JUN,1961,-7.1,-0.4,-4.2,-9.6,7.2,-26.1,0.0,0.0,,0.0,336.0,278.0,,,1846.35,104.0
JUN,1962,-8.6,-1.9,-5.5,-11.4,8.0,-30.4,0.0,0.0,,0.0,342.0,272.0,,,1916.3166666666666,108.0
JUN,1963,-8.0,-1.3,-5.0,-10.6,7.5,-29.8,0.0,0.0,,0.0,353.0,272.0,,,1798.4166666666667,101.0
JUN,1964,-7.1,-0.4,-4.2,-9.7,8.8,-29.9,0.0,0.0,,0.0,349.0,262.0,,,1855.8833333333334,105.0
JUN,1965,-9.1,-2.4,-6.0,-11.7,7.0,-28.8,0.0,0.0,,0.0,354.0,294.0,,,1502.7,85.0
JUN,1966,-8.2,-1.5,-4.9,-10.6,9.2,-28.1,0.0,0.0,,0.0,353.0,268.0,,,1600.3,90.0
JUN,1967,-7.6,-0.9,-4.4,-10.1,7.2,-29.9,0.0,0.0,,0.0,341.0,260.0,,,1847.55,104.0
JUN,1968,-8.1,-1.4,-5.0,-10.3,9.5,-33.2,0.0,0.0,,0.0,358.0,286.0,,,1807.9833333333333,102.0
JUN,1969,-8.3,-1.6,-5.1,-10.5,6.6,-29.7,0.0,0.0,,0.0,339.0,262.0,,,1778.6666666666667,100.0
JUN,1970,-8.8,-2.1,-5.6,-11.5,8.0,-30.0,0.0,0.0,0.0,0.0,355.0,276.0,,,1597.0333333333333,90.0
JUN,1971,-7.5,-0.8,-4.4,-9.9,8.5,-36.6,0.0,0.0,0.0,0.0,340.0,264.0,,,2107.6833333333334,119.0
JUN,1972,-8.1,-1.4,-4.9,-10.5,7.8,-24.7,0.0,0.0,0.0,0.0,356.0,289.0,,,1769.3166666666666,100.0
JUN,1973,-8.2,-1.5,-5.0,-10.7,7.6,-30.2,0.0,0.0,0.0,0.0,345.0,271.0,,,1893.55,107.0
JUN,1974,-8.8,-2.1,-5.6,-11.5,8.7,-25.4,0.0,0.0,0.0,0.0,350.0,291.0,,,1632.5666666666666,92.0
JUN,1975,-7.6,-0.9,-4.6,-10.0,7.6,-25.5,0.0,0.0,0.0,0.0,356.0,286.0,,,1869.6166666666666,105.0
JUN,1976,-8.4,-1.7,-5.4,-11.0,5.8,-29.5,0.0,0.0,0.0,0.0,362.0,282.0,,,1962.0833333333333,111.0
JUN,1977,-8.0,-1.3,-5.1,-10.4,7.7,-24.6,0.0,0.0,0.0,0.0,360.0,289.0,,,1504.2,85.0
JUN,1978,-8.3,-1.6,-5.3,-10.6,5.9,-27.5,0.0,0.0,0.0,0.0,361.0,289.0,,,1738.1166666666666,98.0
JUN,1979,-8.2,-1.5,-4.8,-10.5,6.5,-35.6,0.0,0.0,0.0,0.0,359.0,265.0,,,1682.4,95.0
JUN,1980,-8.9,-2.2,-5.5,-11.4,10.4,-28.5,0.0,0.0,0.0,0.0,351.0,297.0,,,1644.45,93.0
JUN,1981,-8.3,-1.6,-5.2,-10.3,8.6,-29.1,0.0,0.0,0.0,0.0,350.0,278.0,,,1590.7333333333333,90.0
JUN,1982,-7.3,-0.6,-4.5,-9.6,8.8,-26.7,0.0,0.0,0.0,0.0,342.0,253.0,,,1797.5666666666666,101.0
JUN,1983,-6.9,-0.2,-3.8,-9.5,10.6,-26.4,0.0,0.0,0.0,0.0,338.0,255.0,,,1714.3666666666666,97.0
JUN,1984,-8.6,-1.9,-5.5,-11.2,8.0,-26.0,0.0,0.0,0.0,0.0,357.0,288.0,,,1728.2666666666667,97.0
JUN,1985,-8.0,-1.3,-4.9,-10.5,9.1,-34.2,0.0,0.0,0.0,0.0,338.0,251.0,,,1956.6333333333334,110.0
JUN,1986,-7.8,-1.1,-4.7,-10.4,7.3,-35.4,0.0,0.0,0.0,0.0,338.0,243.0,,,1822.85,103.0
JUN,1987,-7.6,-0.9,-4.6,-10.0,9.6,-32.6,0.0,0.0,0.0,0.0,336.0,269.0,,,1709.1333333333334,96.0
JUN,1988,-7.4,-0.7,-4.3,-9.8,8.4,-28.3,0.0,0.0,0.0,0.0,347.0,257.0,,,1593.35,90.0
JUN,1989,-6.3,0.4,-3.3,-8.7,7.3,-22.8,0.0,0.0,0.0,0.0,349.0,264.0,,,2016.9,114.0
JUN,1990,-7.0,-0.3,-3.8,-9.6,9.9,-25.1,0.0,0.0,0.0,0.0,340.0,267.0,,,1876.0333333333333,106.0
JUN,1991,-7.1,-0.4,-4.0,-9.8,11.5,-30.9,0.0,0.0,0.0,0.0,339.0,262.0,,,1915.1,108.0
JUN,1992,-6.4,0.3,-3.5,-8.9,11.5,-27.6,0.0,0.0,0.0,0.0,335.0,264.0,,,1676.3,95.0
JUN,1993,-7.2,-0.5,-4.4,-9.7,8.8,-30.1,0.0,0.0,0.0,0.0,351.0,288.0,,,1575.0333333333333,89.0
JUN,1994,-6.4,0.3,-3.7,-8.9,10.5,-24.1,0.0,0.0,0.0,0.0,338.0,256.0,,,1556.7666666666667,88.0
JUN,1995,-7.3,-0.6,-4.4,-10.1,9.8,-27.8,0.0,0.0,0.0,0.0,342.0,271.0,,,1692.6833333333334,95.0
JUN,1996,-8.0,-1.3,-5.1,-10.6,6.7,-25.3,0.0,0.0,0.0,0.0,360.0,286.0,,,1781.5333333333333,100.0
JUN,1997,-6.5,0.2,-3.7,-9.0,9.1,-23.0,0.0,0.0,0.0,0.0,346.0,254.0,,,1864.9166666666667,105.0
JUN,1998,-7.0,-0.3,-4.0,-9.7,12.2,-26.9,0.0,0.0,0.0,0.0,338.0,254.0,,,1754.8666666666666,99.0
JUN,1999,-7.2,-0.5,-4.2,-9.8,9.5,-30.8,0.0,0.0,0.0,0.0,352.0,248.0,,,1634.3,92.0
JUN,2000,-6.8,-0.1,-3.8,-9.3,9.7,-24.4,0.0,0.0,0.0,0.0,345.0,255.0,,,1659.9166666666667,94.0
JUN,2001,-7.1,-0.4,-4.1,-9.8,12.0,-30.7,0.0,0.0,0.0,0.0,338.0,256.0,,,1712.3333333333333,97.0
JUN,2002,-6.6,0.1,-3.6,-9.1,11.8,-24.2,0.0,0.0,0.0,0.0,348.0,263.0,,,1752.2,99.0
JUN,2003,-6.2,0.5,-3.3,-8.9,12.0,-28.4,0.0,0.0,0.0,0.0,315.0,237.0,,,2127.7833333333333,120.0
JUN,2004,-7.3,-0.6,-4.4,-9.9,8.8,-27.6,0.0,0.0,0.0,0.0,350.0,270.0,,,1711.0333333333333,96.0
JUN,2005,-7.6,-0.9,-4.7,-10.3,11.9,-30.1,0.0,0.0,0.0,0.0,341.0,251.0,,,2002.15,113.0
JUN,2006,-6.5,0.2,-3.5,-9.1,9.7,-30.2,0.0,0.0,0.0,0.0,328.0,252.0,,,1819.8,103.0
JUN,2007,-6.5,0.2,-3.3,-9.2,8.7,-25.1,0.0,0.0,0.0,0.0,350.0,240.0,,,1885.6833333333334,106.0
JUN,2008,-6.8,-0.1,-3.9,-9.4,10.1,-25.1,0.0,0.0,0.0,0.0,349.0,255.0,,,1710.3,96.0
JUN,2009,-7.2,-0.5,-4.1,-9.8,10.2,-29.8,0.0,0.0,0.0,0.0,336.0,249.0,,,1678.3166666666666,95.0
JUN,2010,-8.0,-1.3,-4.9,-10.6,11.0,-29.0,0.0,0.0,0.0,0.0,339.0,262.0,,,1593.9166666666667,90.0
JUN,2011,-5.8,0.9,-2.6,-8.4,11.6,-25.5,0.0,0.0,0.0,0.0,337.0,227.0,,,2009.9666666666667,113.0
JUN,2012,-6.7,0.0,-3.7,-9.4,12.8,-28.7,0.0,0.0,0.0,0.0,343.0,244.0,,,1759.0,99.0
JUN,2013,-7.3,-0.6,-4.3,-9.9,11.9,-28.6,0.0,0.0,0.0,0.0,337.0,250.0,,,1728.8666666666666,97.0
JUN,2014,-6.5,0.2,-3.5,-9.0,10.4,-24.9,0.0,0.0,0.0,0.0,357.0,257.0,,,1622.9333333333334,92.0
JUN,2015,-5.7,1.0,-2.7,-8.3,11.0,-24.2,0.0,0.0,0.0,0.0,326.0,235.0,,,1996.3333333333333,113.0
JUN,2016,-6.3,0.4,-3.3,-9.0,11.4,-27.0,0.0,0.0,0.0,0.0,339.0,249.0,,,1791.2666666666667,101.0
JUN,2017,-6.5,0.2,-3.4,-9.2,9.7,-27.8,0.0,0.0,0.0,0.0,321.0,249.0,,,1753.9,99.0
JUN,2018,-5.8,0.9,-2.3,-8.4,11.0,-28.1,0.0,0.0,0.0,0.0,329.0,209.0,,,1723.45,97.0
JUN,2019,-6.1,0.6,-3.3,-8.9,11.6,-24.4,0.0,0.0,0.0,0.0,321.0,245.0,,,1775.45,100.0
JUN,2020,-5.4,1.3,-2.7,-8.0,8.1,-22.8,0.0,0.0,0.0,0.0,328.0,254.0,,,1926.3666666666666,109.0
JUN,2021,-7.0,-0.3,-4.4,-9.5,8.1,-26.3,0.0,0.0,0.0,0.0,342.0,255.0,,,1830.7166666666667,103.0
JUN,2022,-5.5,1.2,-2.9,-7.9,9.9,-24.8,0.0,0.0,0.0,0.0,324.0,233.0,,,1939.3166666666666,109.0
JUN,2023,-5.8,0.9,-3.4,-8.3,11.6,-25.8,0.0,0.0,0.0,0.0,321.0,238.0,,,1657.9166666666667,93.0
JUN,2024,-5.6,1.1,-3.1,-8.0,9.7,-24.9,0.0,0.0,0.0,0.0,316.0,259.0,,,1546.0333333333333,87.0
JUN,2025,-5.5,1.2,-3.0,-7.9,10.9,-23.9,0.0,0.0,0.0,0.0,326.0,255.0,,,1829.0333333333333,103.0
LUG,1864,10.8,-2.2,,,,,,,,,,,1417.3,90.0,,
LUG,1865,11.7,-1.3,16.5,7.8,,,,,,,,,1388.5,89.0,,
LUG,1866,11.6,-1.4,16.4,7.5,,,,,,,,,1360.0,87.0,,
LUG,1867,11.9,-1.1,17.0,7.5,,,,,,,,,1591.3,102.0,,
LUG,1868,12.2,-0.8,16.6,8.1,,,,,,,,,1948.3,124.0,,
LUG,1869,11.5,-1.5,15.7,7.5,,,,,,,,,1566.2,100.0,,
LUG,1870,11.5,-1.5,15.8,7.2,,,,,,,,,773.8,49.0,,
LUG,1871,11.2,-1.8,15.7,6.8,,,,,,,,,1091.9,70.0,,
LUG,1872,11.7,-1.3,15.7,8.1,,,,,,,,,2353.1,150.0,,
LUG,1873,12.0,-1.0,16.1,8.1,,,,,,,,,1673.6,107.0,,
LUG,1874,11.7,-1.3,16.3,7.4,,,,,,,,,1142.6,73.0,,
LUG,1875,11.4,-1.6,15.4,7.5,,,,,,,,,1299.9,83.0,,
LUG,1876,11.7,-1.3,15.8,7.9,,,,,,,,,1646.4,105.0,,
LUG,1877,11.7,-1.3,16.1,7.8,,,,,,,,,1749.8,112.0,,
LUG,1878,11.4,-1.6,15.5,7.5,,,,,,,,,1504.8,96.0,,
LUG,1879,10.5,-2.5,14.6,6.7,,,,,,,,,1815.7,116.0,,
LUG,1880,11.6,-1.4,16.1,7.6,,,,,,,,,1519.2,97.0,,
LUG,1881,11.4,-1.6,15.5,7.6,,,,,,,,,1190.7,76.0,,
LUG,1882,11.5,-1.5,16.0,7.6,,,,,,,,,1860.7,119.0,,
LUG,1883,11.0,-2.0,15.2,6.6,,,,,,,,,1624.3,104.0,,
LUG,1884,11.6,-1.4,15.6,7.8,,,,,,,,,965.3,62.0,,
LUG,1885,11.5,-1.5,15.5,7.5,,,,,,,,,1820.2,116.0,,
LUG,1886,11.3,-1.7,15.6,7.2,,,,,,,,,1661.4,106.0,2195.883333333333,104.0
LUG,1887,10.4,-2.6,14.7,6.2,,,,,,,,,1613.2,103.0,2273.35,107.0
LUG,1888,10.6,-2.4,14.5,6.5,,,,,,,,,2299.7,147.0,2079.5666666666666,98.0
LUG,1889,10.7,-2.3,15.0,6.8,,,,,,,,,2153.6,137.0,2097.6666666666665,99.0
LUG,1890,10.7,-2.3,15.1,6.3,,,,,,,,,2011.7,128.0,2167.0,102.0
LUG,1891,10.7,-2.3,15.1,6.4,,,,,,,,,2087.0,133.0,2218.3333333333335,105.0
LUG,1892,11.4,-1.6,15.8,7.3,,,,,,,,,1713.0,109.0,2175.4,103.0
LUG,1893,11.7,-1.3,16.4,7.3,,,,,,,,,820.1,52.0,2398.65,113.0
LUG,1894,11.3,-1.7,15.9,7.0,,,,,,,,,977.3,62.0,2355.7166666666667,111.0
LUG,1895,11.0,-2.0,15.3,6.6,,,,,,,,,1181.2,75.0,2262.4166666666665,107.0
LUG,1896,10.6,-2.4,14.7,7.0,,,,,,,,,2479.6,158.0,2127.5,100.0
LUG,1897,11.5,-1.5,16.4,7.7,,,,,,,,,1654.0,106.0,2266.25,107.0
LUG,1898,11.9,-1.1,16.6,8.2,,,,,,,,,1634.9,104.0,2137.9,101.0
LUG,1899,11.8,-1.2,16.6,7.8,,,,,,,,,950.3,61.0,2373.7833333333333,112.0
LUG,1900,11.8,-1.2,16.2,8.1,,,,,,,,,1914.5,122.0,2179.516666666667,103.0
LUG,1901,10.8,-2.2,15.0,7.0,,,,,,,,,1783.8,114.0,2097.983333333333,99.0
LUG,1902,11.2,-1.8,15.5,7.3,,,,,,,,,1472.7,94.0,2157.8166666666666,102.0
LUG,1903,11.1,-1.9,15.4,7.1,,,,,,,,,1747.5,112.0,2160.0333333333333,102.0
LUG,1904,11.9,-1.1,16.3,8.2,,,,,,,,,1228.7,78.0,2230.016666666667,105.0
LUG,1905,10.9,-2.1,15.2,7.3,,,,,,,,,1945.7,124.0,2123.266666666667,100.0
LUG,1906,11.4,-1.6,16.4,7.8,,,,,,,,,1287.9,82.0,2411.2,114.0
LUG,1907,11.4,-1.6,15.8,7.8,,,,,,,,,1398.6,89.0,2285.5833333333335,108.0
LUG,1908,11.2,-1.8,15.7,7.5,,,,,,,,,1321.9,84.0,2373.5666666666666,112.0
LUG,1909,10.8,-2.2,15.2,7.2,,,,,,,,,1384.7,88.0,2242.4,106.0
LUG,1910,11.2,-1.8,15.2,7.4,,,,,,,,,1868.6,119.0,2031.8,96.0
LUG,1911,11.7,-1.3,15.9,7.9,,,,,,,,,1795.9,115.0,2259.3166666666666,107.0
LUG,1912,11.0,-2.0,15.3,6.6,,,,,,,,,1612.0,103.0,2047.3833333333334,97.0
LUG,1913,11.4,-1.6,15.8,7.5,,,,,,,,,1508.2,96.0,2087.8,98.0
LUG,1914,11.1,-1.9,15.9,7.6,,,,,,,,,1844.1,118.0,2182.616666666667,103.0
LUG,1915,10.9,-2.1,15.2,7.5,,,,,,,,,1511.4,96.0,1996.0,94.0
LUG,1916,11.0,-2.0,15.5,7.8,,,,,,,,,2003.9,128.0,1925.5,91.0
LUG,1917,10.6,-2.4,15.7,7.1,,,,,,,,,1327.8,85.0,2235.4666666666667,105.0
LUG,1918,11.3,-1.7,15.7,7.4,,,,,,,,,1634.2,104.0,2167.616666666667,102.0
LUG,1919,11.5,-1.5,16.3,7.2,,,,,,,,,1364.9,87.0,2316.133333333333,109.0
LUG,1920,11.9,-1.1,16.5,8.5,,,,,,,,,2059.1,131.0,1894.4166666666667,89.0
LUG,1921,12.3,-0.7,17.5,8.0,,,,,,,,,788.9,50.0,2450.4166666666665,116.0
LUG,1922,11.1,-1.9,15.8,7.2,,,,,,,,,1450.3,93.0,2125.233333333333,100.0
LUG,1923,11.9,-1.1,16.6,7.8,,,,,,,,,1413.9,90.0,2135.483333333333,101.0
LUG,1924,11.4,-1.6,16.0,7.7,,,,,,,,,1784.8,114.0,2253.2166666666667,106.0
LUG,1925,11.0,-2.0,15.5,7.3,,,,,,,,,1407.2,90.0,2234.2,105.0
LUG,1926,12.1,-0.9,16.5,8.2,,,,,,,,,2072.2,132.0,2168.4166666666665,102.0
LUG,1927,12.0,-1.0,16.6,8.0,,,,,,,,,1650.2,105.0,2242.4333333333334,106.0
LUG,1928,12.2,-0.8,16.5,8.3,,,,,,,,,2210.0,141.0,2121.1666666666665,100.0
LUG,1929,11.6,-1.4,16.2,7.3,,,,,,,,,1410.3,90.0,2311.6,109.0
LUG,1930,11.4,-1.6,15.5,8.0,,,,,,,,,1497.3,96.0,1970.5,93.0
LUG,1931,10.9,-2.1,15.6,7.2,,,,,,,,,1478.5,94.0,2338.0,110.0
LUG,1932,11.0,-2.0,15.6,7.5,,,,,,,,,1915.5,122.0,2163.983333333333,102.0
LUG,1933,11.1,-1.9,15.7,7.5,,,,,,,,,1490.5,95.0,2136.0833333333335,101.0
LUG,1934,11.7,-1.3,16.7,7.9,,,,,,,,,1994.0,127.0,2243.5,106.0
LUG,1935,11.4,-1.6,16.0,7.6,,,,,,,,,1798.7,115.0,2169.6,102.0
LUG,1936,11.3,-1.7,15.7,7.8,,,,,,,,,1695.8,108.0,1991.0166666666667,94.0
LUG,1937,11.6,-1.4,15.9,8.1,,,,,,,,,1938.0,124.0,2086.65,98.0
LUG,1938,11.5,-1.5,16.0,7.7,,,,,,,,,1608.1,103.0,2303.7166666666667,109.0
LUG,1939,11.2,-1.8,15.2,7.8,,,,,,,,,2088.4,133.0,1899.5166666666667,90.0
LUG,1940,11.0,-2.0,14.8,7.4,,,,,,,,,1377.2,88.0,2111.5,100.0
LUG,1941,11.0,-2.0,14.9,7.0,,,,,,,,,1688.6,108.0,2152.75,102.0
LUG,1942,11.9,-1.1,15.7,8.0,,,,,,,,,1307.9,83.0,2150.8,101.0
LUG,1943,12.7,-0.3,16.9,8.6,,,,,,,,,1108.9,71.0,2363.1833333333334,111.0
LUG,1944,11.5,-1.5,15.6,7.5,,,,,,,,,1217.2,78.0,2257.766666666667,107.0
LUG,1945,12.5,-0.5,17.4,8.1,,,,,,,,,1269.2,81.0,2677.516666666667,126.0
LUG,1946,11.7,-1.3,15.7,7.9,,,,,,,,,1603.2,102.0,2107.116666666667,99.0
LUG,1947,12.2,-0.8,16.4,8.3,,,,,,,,,1352.9,86.0,2240.9666666666667,106.0
LUG,1948,12.4,-0.6,16.6,8.3,,,,,,,,,1602.4,102.0,2241.983333333333,106.0
LUG,1949,12.7,-0.3,17.1,8.6,,,,,,,,,1208.0,77.0,2405.95,113.0
LUG,1950,12.2,-0.8,16.6,8.4,,,,,,,,,1609.3,103.0,2180.6833333333334,103.0
LUG,1951,11.6,-1.4,15.5,8.3,,,,,,,,,2224.3,142.0,1975.0,93.0
LUG,1952,11.6,-1.4,16.0,7.9,,,,,,,,,1396.9,89.0,2294.35,108.0
LUG,1953,12.0,-1.0,16.5,8.2,,,,,,,,,1365.3,87.0,2263.4333333333334,107.0
LUG,1954,11.2,-1.8,15.6,7.6,,,,,,,,,1670.5,107.0,2098.6833333333334,99.0
LUG,1955,11.7,-1.3,16.0,8.0,,,,,,,,,1209.5,77.0,2276.6833333333334,107.0
LUG,1956,10.8,-2.2,14.8,7.0,,,,,,,,,1522.8,97.0,2256.866666666667,106.0
LUG,1957,11.6,-1.4,16.1,8.3,,,,,,,,,1829.6,117.0,2133.6,101.0
LUG,1958,12.0,-1.0,15.9,8.7,,,,,,,,,1567.3,100.0,2199.766666666667,104.0
LUG,1959,12.1,-0.9,16.4,8.8,31.4,-4.6,63.0,2.0,,4.0,27.0,0.0,1842.1,118.0,2237.116666666667,106.0
LUG,1960,11.1,-1.9,15.0,8.2,28.4,-7.1,34.0,0.0,,0.0,28.0,2.0,2594.8,166.0,1909.2,90.0
LUG,1961,12.2,-0.8,16.8,8.4,29.8,-5.9,65.0,0.0,,3.0,44.0,0.0,1272.7,81.0,2370.9666666666667,112.0
LUG,1962,11.4,-1.6,15.5,7.6,31.0,-6.7,64.0,2.0,,4.0,55.0,2.0,1020.0,65.0,2377.5,112.0
LUG,1963,10.9,-2.1,14.6,7.5,30.0,-8.3,42.0,1.0,,0.0,65.0,6.0,2192.4,140.0,1929.4166666666667,91.0
LUG,1964,11.8,-1.2,15.8,8.4,32.2,-4.5,53.0,1.0,,2.0,38.0,0.0,1297.6,83.0,2165.483333333333,102.0
LUG,1965,11.0,-2.0,15.0,7.4,33.3,-4.4,34.0,2.0,,1.0,56.0,0.0,1196.1,76.0,2138.4166666666665,101.0
LUG,1966,11.6,-1.4,15.6,8.0,29.1,-7.3,45.0,0.0,,0.0,46.0,0.0,1861.8,119.0,2171.5,102.0
LUG,1967,11.9,-1.1,16.0,8.1,29.7,-6.8,52.0,0.0,,4.0,44.0,0.0,1313.5,84.0,2266.633333333333,107.0
LUG,1968,11.3,-1.7,15.4,7.9,29.4,-6.1,26.0,0.0,,6.0,43.0,0.0,1676.8,107.0,2064.1666666666665,97.0
LUG,1969,11.2,-1.8,15.1,7.7,29.5,-5.8,37.0,0.0,,3.0,56.0,0.0,1175.9,75.0,2081.7166666666667,98.0
LUG,1970,11.3,-1.7,15.3,7.8,30.9,-5.9,53.0,1.0,0.0,0.0,39.0,0.0,1404.2,90.0,2194.1833333333334,104.0
LUG,1971,11.8,-1.2,15.7,8.0,29.1,-7.7,50.0,0.0,0.0,5.0,35.0,1.0,1494.7,95.0,2254.2166666666667,106.0
LUG,1972,11.3,-1.7,15.0,8.2,29.1,-1.9,25.0,0.0,0.0,3.0,15.0,0.0,1618.3,103.0,1758.3166666666666,83.0
LUG,1973,11.7,-1.3,15.9,8.2,30.9,-6.5,56.0,1.0,0.0,1.0,38.0,0.0,1311.7,84.0,2213.5833333333335,104.0
LUG,1974,11.9,-1.1,15.9,8.3,30.9,-1.1,57.0,6.0,0.0,6.0,5.0,0.0,1308.0,83.0,2081.2833333333333,98.0
LUG,1975,11.8,-1.2,15.7,8.4,29.8,-1.9,50.0,0.0,0.0,4.0,17.0,0.0,1535.8,98.0,2124.233333333333,100.0
LUG,1976,11.9,-1.1,16.2,8.4,32.6,-4.3,53.0,4.0,0.0,4.0,26.0,0.0,1700.3,109.0,2232.0333333333333,105.0
LUG,1977,11.3,-1.7,15.1,8.2,28.6,-4.0,21.0,0.0,0.0,0.0,24.0,0.0,2195.7,140.0,1912.95,90.0
LUG,1978,11.2,-1.8,15.1,7.9,28.3,-3.0,41.0,0.0,0.0,7.0,30.0,0.0,1575.6,101.0,2081.266666666667,98.0
LUG,1979,11.4,-1.6,15.2,8.2,28.9,-5.8,43.0,0.0,0.0,0.0,28.0,3.0,2079.2,133.0,1864.6666666666667,88.0
LUG,1980,11.1,-1.9,15.0,7.9,30.2,-4.1,38.0,1.0,0.0,5.0,28.0,0.0,1505.0,96.0,1931.65,91.0
LUG,1981,11.6,-1.4,15.6,8.0,29.1,-5.4,46.0,0.0,0.0,4.0,53.0,0.0,1637.1,105.0,1975.6166666666666,93.0
LUG,1982,12.1,-0.9,16.1,8.6,34.0,-3.6,63.0,1.0,0.0,6.0,30.0,1.0,1683.2,107.0,2009.5333333333333,95.0
LUG,1983,11.9,-1.1,16.1,8.5,37.1,-2.6,59.0,14.0,2.0,13.0,36.0,0.0,1453.2,93.0,1998.1333333333334,94.0
LUG,1984,11.3,-1.7,15.7,8.0,34.6,-3.5,61.0,15.0,0.0,3.0,30.0,0.0,1831.9,117.0,1929.6,91.0
LUG,1985,11.5,-1.5,15.7,8.2,30.3,-9.0,62.0,2.0,0.0,5.0,35.0,6.0,1380.4,88.0,2112.883333333333,100.0
LUG,1986,11.9,-1.1,15.8,8.8,30.0,-5.6,53.0,1.0,0.0,12.0,23.0,1.0,1599.9,102.0,1916.55,90.0
LUG,1987,11.6,-1.4,15.8,8.4,30.1,-5.2,60.0,1.0,0.0,8.0,36.0,2.0,1661.4,106.0,1944.2,92.0
LUG,1988,12.3,-0.7,16.5,8.9,30.8,-3.0,54.0,5.0,0.0,5.0,14.0,0.0,1558.5,99.0,1948.3833333333334,92.0
LUG,1989,12.3,-0.7,16.7,8.7,32.1,-2.8,58.0,1.0,0.0,6.0,28.0,0.0,1468.4,94.0,2221.6666666666665,105.0
LUG,1990,12.7,-0.3,17.2,9.1,31.3,-3.0,67.0,7.0,0.0,5.0,33.0,0.0,1342.4,86.0,2154.233333333333,102.0
LUG,1991,12.3,-0.7,16.4,8.8,32.3,-8.2,77.0,12.0,0.0,25.0,48.0,2.0,1287.5,82.0,2099.45,99.0
LUG,1992,12.4,-0.6,16.3,9.1,31.7,-2.9,56.0,10.0,0.0,19.0,27.0,0.0,1600.5,102.0,1849.8666666666666,87.0
LUG,1993,12.1,-0.9,16.1,8.7,31.0,-5.0,59.0,3.0,0.0,3.0,22.0,0.0,1590.2,102.0,1937.35,91.0
LUG,1994,13.2,0.2,17.2,9.7,33.3,-3.5,75.0,18.0,0.0,19.0,16.0,2.0,1702.5,109.0,1968.1333333333334,93.0
LUG,1995,12.5,-0.5,16.4,9.1,31.2,-4.2,57.0,6.0,0.0,16.0,16.0,0.0,1411.8,90.0,2134.483333333333,101.0
LUG,1996,12.1,-0.9,15.7,8.9,33.4,-6.2,48.0,4.0,0.0,9.0,21.0,4.0,1720.5,110.0,1880.2166666666667,89.0
LUG,1997,13.0,0.0,17.2,9.4,30.4,-1.5,79.0,3.0,0.0,4.0,6.0,0.0,1227.1,78.0,2298.8166666666666,108.0
LUG,1998,12.5,-0.5,16.7,8.7,32.0,-2.9,70.0,6.0,0.0,17.0,28.0,0.0,1507.9,96.0,2272.383333333333,107.0
LUG,1999,12.6,-0.4,16.4,9.2,30.2,-3.8,59.0,1.0,0.0,5.0,22.0,0.0,1698.5,108.0,2006.2666666666667,95.0
LUG,2000,13.0,0.0,16.9,9.6,31.5,-4.7,67.0,2.0,0.0,5.0,18.0,0.0,2149.3,137.0,2054.9166666666665,97.0
LUG,2001,12.7,-0.3,16.8,9.3,31.0,-4.4,69.0,4.0,0.0,13.0,29.0,0.0,1499.1,96.0,2184.6666666666665,103.0
LUG,2002,12.9,-0.1,16.8,9.5,31.6,-3.8,60.0,7.0,0.0,9.0,21.0,0.0,2105.4,134.0,1976.0666666666666,93.0
LUG,2003,13.3,0.3,18.0,9.3,35.9,-4.0,111.0,47.0,1.0,33.0,44.0,0.0,1166.8,74.0,2347.883333333333,111.0
LUG,2004,12.6,-0.4,16.7,9.2,32.4,-2.3,76.0,6.0,0.0,9.0,20.0,0.0,1372.9,88.0,1984.6666666666667,94.0
LUG,2005,12.6,-0.4,16.6,9.1,32.6,-5.5,75.0,11.0,0.0,19.0,54.0,1.0,952.2,61.0,2184.616666666667,103.0
LUG,2006,13.1,0.1,17.1,9.6,34.4,-3.4,69.0,22.0,0.0,20.0,34.0,1.0,1298.3,83.0,2184.4333333333334,103.0
LUG,2007,13.5,0.5,17.7,9.8,31.8,-2.6,68.0,10.0,0.0,8.0,16.0,0.0,1143.2,73.0,2317.0833333333335,109.0
LUG,2008,12.7,-0.3,16.6,9.2,31.7,-4.0,64.0,3.0,0.0,8.0,15.0,0.0,2188.6,140.0,1988.6333333333334,94.0
LUG,2009,13.2,0.2,17.3,9.6,31.2,-5.2,85.0,10.0,0.0,14.0,25.0,0.0,1679.7,107.0,2249.7,106.0
LUG,2010,12.1,-0.9,15.8,8.9,31.8,-5.0,65.0,11.0,0.0,21.0,41.0,1.0,1854.2,118.0,1948.95,92.0
LUG,2011,13.5,0.5,18.0,9.9,32.7,-2.6,98.0,12.0,0.0,11.0,12.0,0.0,1179.3,75.0,2336.0666666666666,110.0
LUG,2012,13.2,0.2,17.5,9.5,33.4,-8.5,95.0,13.0,0.0,20.0,31.0,4.0,1411.7,90.0,2179.8333333333335,103.0
LUG,2013,12.8,-0.2,16.8,9.4,32.5,-2.4,82.0,16.0,0.0,18.0,18.0,0.0,1713.3,109.0,1997.9,94.0
LUG,2014,13.5,0.5,17.3,10.0,31.4,-1.7,47.0,6.0,0.0,3.0,6.0,0.0,2429.6,155.0,1874.9166666666667,88.0
LUG,2015,13.8,0.8,18.0,10.1,33.9,-1.4,75.0,27.0,0.0,28.0,6.0,0.0,1232.4,79.0,2236.2166666666667,105.0
LUG,2016,13.3,0.3,17.5,9.8,31.6,-2.6,86.0,9.0,0.0,11.0,10.0,0.0,1680.5,107.0,2076.95,98.0
LUG,2017,13.4,0.4,17.8,9.6,33.0,-3.7,89.0,16.0,0.0,26.0,32.0,0.0,1509.4,96.0,2347.2,111.0
LUG,2018,13.9,0.9,18.0,10.2,32.8,-6.1,105.0,22.0,0.0,14.0,12.0,0.0,1472.2,94.0,2109.6833333333334,100.0
LUG,2019,13.9,0.9,18.1,10.1,34.8,-2.1,92.0,22.0,0.0,26.0,10.0,0.0,1675.2,107.0,2226.2833333333333,105.0
LUG,2020,13.7,0.7,17.9,9.9,33.3,-1.5,84.0,13.0,0.0,18.0,7.0,0.0,1542.0,98.0,2339.8166666666666,110.0
LUG,2021,13.1,0.1,17.4,9.4,33.3,-3.2,81.0,9.0,0.0,11.0,17.0,0.0,1443.6,92.0,2296.0333333333333,108.0
LUG,2022,14.4,1.4,18.9,10.5,34.2,-1.7,112.0,38.0,0.0,29.0,11.0,0.0,1096.4,70.0,2513.616666666667,119.0
LUG,2023,14.2,1.2,18.5,10.6,33.9,-2.1,88.0,24.0,0.0,24.0,8.0,0.0,1461.8,93.0,2309.016666666667,109.0
LUG,2024,13.9,0.9,18.1,10.5,33.3,-1.9,80.0,29.0,0.0,42.0,6.0,0.0,1786.3,114.0,2019.2,95.0
LUG,2025,14.0,1.0,18.3,10.4,34.2,-1.2,94.0,31.0,0.0,27.0,8.0,0.0,1876.8,120.0,2218.7,105.0
LUZ,1864,,,,,,,,,,,,,1018.9,79.0,,
LUZ,1865,,,,,,,,,,,,,906.0,70.0,,
LUZ,1866,,,,,,,,,,,,,1258.8,97.0,,
LUZ,1867,,,,,,,,,,,,,1431.1,111.0,,
LUZ,1868,,,,,,,,,,,,,1105.6,86.0,,
LUZ,1869,,,,,,,,,,,,,1082.2,84.0,,
LUZ,1870,,,,,,,,,,,,,887.1,69.0,,
LUZ,1871,7.1,-3.0,,,,,,,,,,,938.2,73.0,,
LUZ,1872,8.9,-1.2,,,,,,,,,,,1273.3,99.0,,
LUZ,1873,8.5,-1.6,,,,,,,,,,,1236.7,96.0,,
LUZ,1874,7.9,-2.2,,,,,,,,,,,1076.5,83.0,,
LUZ,1875,8.1,-2.0,,,,,,,,,,,1151.4,89.0,,
LUZ,1876,8.2,-1.9,,,,,,,,,,,1399.8,108.0,,
LUZ,1877,8.5,-1.6,,,,,,,,,,,1304.5,101.0,,
LUZ,1878,7.8,-2.3,,,,,,,,,,,1289.9,100.0,,
LUZ,1879,6.6,-3.5,,,,,,,,,,,1315.4,102.0,,
LUZ,1880,8.5,-1.6,,,,,,,,,,,1217.2,94.0,,
LUZ,1881,7.8,-2.3,,,,,,,,,,,1197.1,93.0,,
LUZ,1882,8.0,-2.1,,,,,,,,,,,1374.6,106.0,,
LUZ,1883,7.9,-2.2,,,,,,,,,,,1138.6,88.0,,
LUZ,1884,8.5,-1.6,,,,,,,,,,,964.4,75.0,,
LUZ,1885,8.1,-2.0,,,,,,,,,,,1055.5,82.0,,
LUZ,1886,8.1,-2.0,12.4,3.7,,,,,,,,,1328.7,103.0,,
LUZ,1887,6.9,-3.2,11.5,2.5,,,,,,,,,1003.7,78.0,,
LUZ,1888,7.2,-2.9,11.4,3.1,,,,,,,,,1287.4,100.0,,
LUZ,1889,7.2,-2.9,11.4,3.2,,,,,,,,,1092.0,85.0,,
LUZ,1890,7.1,-3.0,11.4,2.9,,,,,,,,,1037.0,80.0,,
LUZ,1891,6.9,-3.2,11.5,2.7,,,,,,,,,1223.9,95.0,,
LUZ,1892,7.9,-2.2,12.4,3.8,,,,,,,,,1220.0,94.0,,
LUZ,1893,8.3,-1.8,13.1,3.8,,,,,,,,,953.9,74.0,,
LUZ,1894,8.0,-2.1,12.5,3.8,,,,,,,,,1035.0,80.0,,
LUZ,1895,7.6,-2.5,12.5,3.3,,,,,,,,,1084.2,84.0,,
LUZ,1896,7.4,-2.7,11.5,3.7,,,,,,,,,1362.7,106.0,,
LUZ,1897,8.3,-1.8,12.6,4.4,,,,,,,,,1326.1,103.0,,
LUZ,1898,8.6,-1.5,12.8,4.6,,,,,,,,,1163.4,90.0,,
LUZ,1899,8.5,-1.6,13.6,4.1,,,,,,,,,989.7,77.0,,
LUZ,1900,8.7,-1.4,13.5,4.5,,,,,,,,,1203.6,93.0,,
LUZ,1901,7.7,-2.4,12.5,3.4,,,,,,,,,1170.8,91.0,1507.0833333333333,98.0
LUZ,1902,7.8,-2.3,12.4,3.9,,,,,,,,,1235.1,96.0,1321.8166666666666,86.0
LUZ,1903,8.0,-2.1,12.8,3.8,,,,,,,,,1136.6,88.0,1497.5666666666666,98.0
LUZ,1904,8.7,-1.4,13.4,4.4,,,,,,,,,1032.3,80.0,1507.8,99.0
LUZ,1905,7.9,-2.2,12.6,3.7,,,,,,,,,1408.9,109.0,1450.0166666666667,95.0
LUZ,1906,8.1,-2.0,13.1,3.8,,,,,,,,,1067.1,83.0,1615.8333333333333,106.0
LUZ,1907,7.9,-2.2,12.7,3.7,,,,,,,,,1127.4,87.0,1468.8,96.0
LUZ,1908,7.7,-2.4,12.6,3.5,,,,,,,,,1003.6,78.0,1411.9166666666667,92.0
LUZ,1909,7.5,-2.6,12.3,3.3,,,,,,,,,1137.3,88.0,1414.3833333333334,92.0
LUZ,1910,8.1,-2.0,12.6,4.1,,,,,,,,,1650.0,128.0,1348.6166666666666,88.0
LUZ,1911,8.9,-1.2,14.0,4.5,,,,,,,,,1019.4,79.0,1943.5666666666666,127.0
LUZ,1912,7.9,-2.2,12.5,3.8,,,,,,,,,1300.0,101.0,1464.3166666666666,96.0
LUZ,1913,8.5,-1.6,13.0,4.6,,,,,,,,,1162.5,90.0,1432.2333333333333,94.0
LUZ,1914,8.0,-2.1,12.6,4.1,,,,,,,,,1322.6,102.0,1353.7333333333333,88.0
LUZ,1915,8.1,-2.0,13.0,4.3,,,,,,,,,1117.7,87.0,1278.15,84.0
LUZ,1916,8.4,-1.7,13.0,4.5,,,,,,,,,1293.7,100.0,1303.1,85.0
LUZ,1917,7.7,-2.4,12.4,3.5,,,,,,,,,1144.9,89.0,1448.8833333333334,95.0
LUZ,1918,8.4,-1.7,13.2,3.9,,,,,,,,,1176.3,91.0,1526.2,100.0
LUZ,1919,7.9,-2.2,12.7,3.6,,,,,,,,,1193.1,92.0,1522.5333333333333,100.0
LUZ,1920,8.8,-1.3,14.5,4.7,,,,,,,,,959.3,74.0,1355.1166666666666,89.0
LUZ,1921,9.3,-0.8,15.0,5.0,,,,,,,,,907.0,70.0,1699.7166666666667,111.0
LUZ,1922,7.8,-2.3,12.6,3.9,,,,,,,,,1501.2,116.0,1331.3833333333334,87.0
LUZ,1923,8.8,-1.3,13.3,4.6,,,,,,,,,1175.6,91.0,1487.5,97.0
LUZ,1924,7.8,-2.3,12.0,3.8,,,,,,,,,1145.7,89.0,1410.4833333333333,92.0
LUZ,1925,8.2,-1.9,12.7,4.0,,,,,,,,,1177.0,91.0,1475.7,96.0
LUZ,1926,8.7,-1.4,13.3,4.9,,,,,,,,,1200.7,93.0,1424.45,93.0
LUZ,1927,8.5,-1.6,13.3,4.4,,,,,,,,,1415.6,110.0,1449.1833333333334,95.0
LUZ,1928,9.1,-1.0,13.8,4.9,,,,,,,,,1137.2,88.0,1623.9,106.0
LUZ,1929,7.9,-2.2,12.7,3.7,,,,,,,,,1089.4,84.0,1612.95,105.0
LUZ,1930,9.1,-1.0,13.6,5.1,,,,,,,,,1438.6,111.0,1362.6,89.0
LUZ,1931,7.8,-2.3,12.5,3.6,,,,,,,,,1291.7,100.0,1528.3166666666666,100.0
LUZ,1932,8.1,-2.0,13.0,4.0,,,,,,,,,1191.3,92.0,1409.6166666666666,92.0
LUZ,1933,7.9,-2.2,12.5,4.1,,,,,,,,,1167.5,90.0,1513.85,99.0
LUZ,1934,9.1,-1.0,14.0,5.1,,,,,,,,,1036.7,80.0,1657.8833333333334,108.0
LUZ,1935,8.3,-1.8,12.8,4.3,,,,,,,,,1341.4,104.0,1534.7166666666667,100.0
LUZ,1936,8.7,-1.4,13.4,5.1,,,,,,,,,1370.0,106.0,1287.8166666666666,84.0
LUZ,1937,8.8,-1.3,12.9,5.1,,,,,,,,,1235.7,96.0,1303.9833333333333,85.0
LUZ,1938,8.4,-1.7,13.3,4.4,,,,,,,,,1145.3,89.0,1623.1666666666667,106.0
LUZ,1939,8.2,-1.9,12.4,4.7,,,,,,,,,1356.6,105.0,1127.7833333333333,74.0
LUZ,1940,7.4,-2.7,11.9,3.6,,,,,,,,,1527.9,118.0,1317.7333333333333,86.0
LUZ,1941,7.7,-2.4,12.1,3.8,,,,,,,,,1135.5,88.0,1371.45,90.0
LUZ,1942,8.1,-2.0,12.6,4.2,,,,,,,,,978.8,76.0,1439.4833333333333,94.0
LUZ,1943,9.4,-0.7,13.9,5.3,,,,,,,,,893.3,69.0,1580.7333333333333,103.0
LUZ,1944,8.3,-1.8,12.8,4.6,,,,,,,,,1361.6,105.0,1338.6166666666666,87.0
LUZ,1945,9.0,-1.1,13.9,4.9,,,,,,,,,1210.7,94.0,1631.1833333333334,107.0
LUZ,1946,8.9,-1.2,13.3,5.2,,,,,,,,,1236.5,96.0,1438.1166666666666,94.0
LUZ,1947,9.7,-0.4,14.5,5.5,,,,,,,,,978.2,76.0,1625.8333333333333,106.0
LUZ,1948,9.3,-0.8,13.9,5.3,,,,,,,,,1080.8,84.0,1513.8,99.0
LUZ,1949,9.6,-0.5,14.7,5.1,,,,,,,,,830.9,64.0,1752.3333333333333,115.0
LUZ,1950,9.2,-0.9,14.1,5.1,,,,,,,,,1320.4,102.0,1525.1333333333334,100.0
LUZ,1951,8.8,-1.3,13.5,4.9,,,,,,,,,1318.9,102.0,1335.6666666666667,87.0
LUZ,1952,8.9,-1.2,13.6,5.1,,,,,,,,,1295.0,100.0,1397.6833333333334,91.0
LUZ,1953,8.8,-1.3,13.3,5.0,,,,,,,,,1140.1,88.0,1434.1666666666667,94.0
LUZ,1954,8.3,-1.8,12.6,4.7,,,,,,,,,1282.5,99.0,1269.6333333333334,83.0
LUZ,1955,8.5,-1.6,12.8,5.0,,,,,,,,,1355.9,105.0,1288.7,84.0
LUZ,1956,7.4,-2.7,11.8,3.7,,,,,,,,,1231.9,95.0,1334.0666666666666,87.0
LUZ,1957,8.7,-1.4,13.2,5.0,,,,,,,,,1134.4,88.0,1374.3,90.0
LUZ,1958,8.8,-1.3,13.2,5.1,,,,,,,,,1325.5,103.0,1357.6333333333334,89.0
LUZ,1959,9.2,-0.9,13.9,5.3,31.8,-11.5,35.0,3.0,,0.0,93.0,12.0,1079.6,84.0,1580.0666666666666,103.0
LUZ,1960,8.7,-1.4,13.2,5.2,29.9,-16.1,19.0,0.0,,0.0,72.0,19.0,1487.9,115.0,1488.6666666666667,97.0
LUZ,1961,9.7,-0.4,14.3,5.7,30.6,-10.3,35.0,1.0,,0.0,82.0,18.0,1030.0,80.0,1620.0166666666667,106.0
LUZ,1962,7.9,-2.2,12.5,4.0,31.2,-14.1,37.0,6.0,,0.0,117.0,26.0,1142.6,88.0,1634.25,107.0
LUZ,1963,7.5,-2.6,11.9,3.9,29.6,-20.9,24.0,0.0,,0.0,104.0,52.0,1297.6,100.0,1339.0833333333333,88.0
LUZ,1964,8.8,-1.3,13.0,5.2,32.3,-13.5,46.0,9.0,,0.0,95.0,30.0,1097.6,85.0,1384.9166666666667,91.0
LUZ,1965,7.9,-2.2,12.2,4.3,30.9,-12.1,20.0,3.0,,0.0,103.0,17.0,1621.4,126.0,1198.1666666666667,78.0
LUZ,1966,9.0,-1.1,13.4,5.4,30.6,-14.9,31.0,1.0,,0.0,89.0,18.0,1287.5,100.0,1398.25,91.0
LUZ,1967,9.0,-1.1,13.5,5.0,30.6,-13.6,31.0,2.0,,0.0,81.0,26.0,1164.8,90.0,1479.1333333333334,97.0
LUZ,1968,8.6,-1.5,12.8,4.9,30.6,-17.1,20.0,2.0,,0.0,108.0,22.0,1282.5,99.0,1337.9166666666667,87.0
LUZ,1969,8.2,-1.9,12.4,4.5,30.1,-11.7,34.0,1.0,,0.0,115.0,34.0,1165.9,90.0,1356.4166666666667,89.0
LUZ,1970,8.1,-2.0,12.3,4.3,30.9,-12.0,31.0,1.0,0.0,0.0,109.0,30.0,1389.4,108.0,1285.05,84.0
LUZ,1971,8.3,-1.8,13.4,4.2,31.9,-15.0,39.0,9.0,0.0,0.0,112.0,32.0,1162.9,90.0,1527.7833333333333,100.0
LUZ,1972,8.0,-2.1,12.3,4.4,30.6,-8.6,23.0,1.0,0.0,0.0,90.0,22.0,1260.3,98.0,1211.8833333333334,79.0
LUZ,1973,8.4,-1.7,12.8,4.8,30.3,-12.3,45.0,2.0,0.0,0.0,123.0,18.0,1262.0,98.0,1386.2166666666667,91.0
LUZ,1974,9.1,-1.0,13.5,5.3,32.0,-5.5,29.0,4.0,0.0,0.0,67.0,1.0,1281.4,99.0,1339.0666666666666,88.0
LUZ,1975,8.8,-1.3,13.0,5.4,30.7,-8.0,36.0,4.0,0.0,1.0,90.0,9.0,1314.7,102.0,1254.7333333333333,82.0
LUZ,1976,9.0,-1.1,13.6,5.2,32.0,-10.0,45.0,8.0,0.0,0.0,95.0,26.0,1079.0,84.0,1481.5833333333333,97.0
LUZ,1977,9.0,-1.1,13.4,5.3,29.1,-9.6,21.0,0.0,0.0,0.0,81.0,11.0,1319.2,102.0,1127.75,74.0
LUZ,1978,8.0,-2.1,11.9,4.5,29.1,-11.0,24.0,0.0,0.0,0.0,83.0,27.0,1336.2,103.0,1045.6,68.0
LUZ,1979,8.7,-1.4,12.9,4.9,30.0,-14.0,28.0,1.0,0.0,0.0,78.0,14.0,1542.6,119.0,1185.1,77.0
LUZ,1980,8.3,-1.8,12.5,4.7,30.6,-10.3,20.0,1.0,0.0,0.0,88.0,26.0,1204.8,93.0,1149.2,75.0
LUZ,1981,8.8,-1.3,13.1,5.0,29.4,-11.6,27.0,0.0,0.0,0.0,92.0,29.0,1500.5,116.0,1200.7833333333333,78.0
LUZ,1982,9.3,-0.8,13.7,5.7,31.0,-12.6,37.0,2.0,0.0,0.0,77.0,15.0,1347.4,104.0,1333.5,87.0
LUZ,1983,9.5,-0.6,14.0,5.7,35.2,-8.0,48.0,14.0,2.0,0.0,84.0,21.0,1047.8,81.0,1296.5666666666666,85.0
LUZ,1984,8.5,-1.6,12.9,4.7,34.1,-7.4,29.0,5.0,0.0,0.0,93.0,10.0,1113.9,86.0,1290.5666666666666,84.0
LUZ,1985,8.3,-1.8,12.9,4.2,33.3,-18.8,41.0,4.0,0.0,0.0,109.0,40.0,1170.8,91.0,1459.35,95.0
LUZ,1986,8.7,-1.4,13.2,4.8,32.7,-14.6,45.0,6.0,0.0,0.0,100.0,28.0,1282.5,99.0,1427.3833333333334,93.0
LUZ,1987,8.7,-1.4,12.7,5.2,30.7,-19.9,37.0,1.0,0.0,0.0,87.0,35.0,1304.9,101.0,1100.4833333333333,72.0
LUZ,1988,9.9,-0.2,14.0,6.1,32.3,-8.8,32.0,1.0,0.0,0.0,71.0,4.0,1313.2,102.0,1298.6666666666667,85.0
LUZ,1989,9.8,-0.3,14.2,5.8,30.5,-4.9,38.0,1.0,0.0,0.0,71.0,19.0,1096.2,85.0,1524.1333333333334,100.0
LUZ,1990,10.0,-0.1,14.6,5.7,33.0,-10.1,42.0,7.0,0.0,0.0,78.0,16.0,1294.0,100.0,1584.7166666666667,104.0
LUZ,1991,9.1,-1.0,13.6,5.2,32.2,-10.8,57.0,4.0,0.0,0.0,96.0,27.0,1063.8,82.0,1357.1833333333334,89.0
LUZ,1992,9.8,-0.3,14.1,5.9,31.8,-10.0,49.0,10.0,0.0,0.0,80.0,17.0,1309.0,101.0,1275.0333333333333,83.0
LUZ,1993,9.5,-0.6,13.9,5.8,31.5,-10.2,35.0,2.0,0.0,0.0,83.0,17.0,1381.0,107.0,1316.9833333333333,86.0
LUZ,1994,10.9,0.8,15.1,7.1,33.5,-7.5,52.0,11.0,0.0,0.0,45.0,7.0,1323.9,103.0,1288.75,84.0
LUZ,1995,9.7,-0.4,14.1,5.6,33.3,-11.0,42.0,7.0,0.0,1.0,93.0,21.0,1491.7,116.0,1367.4,89.0
LUZ,1996,8.7,-1.4,12.6,4.9,30.3,-10.7,35.0,1.0,0.0,0.0,100.0,21.0,1264.4,98.0,1302.9,85.0
LUZ,1997,9.8,-0.3,14.3,5.7,30.0,-9.6,44.0,1.0,0.0,0.0,80.0,18.0,1246.8,97.0,1561.9166666666667,102.0
LUZ,1998,9.8,-0.3,14.3,5.6,33.9,-8.1,49.0,12.0,0.0,0.0,101.0,23.0,1106.4,86.0,1490.3166666666666,97.0
LUZ,1999,9.6,-0.5,13.9,5.8,31.5,-13.4,40.0,2.0,0.0,0.0,88.0,18.0,1609.3,125.0,1322.8333333333333,86.0
LUZ,2000,10.4,0.3,14.8,6.3,31.2,-9.3,45.0,2.0,0.0,0.0,60.0,6.0,1280.0,99.0,1524.1166666666666,100.0
LUZ,2001,9.9,-0.2,14.1,5.9,31.3,-12.1,46.0,5.0,0.0,0.0,73.0,11.0,1635.1,127.0,1441.3166666666666,94.0
LUZ,2002,10.4,0.3,14.8,6.4,33.6,-9.4,39.0,9.0,0.0,2.0,51.0,15.0,1622.5,126.0,1469.4333333333334,96.0
LUZ,2003,10.4,0.3,15.2,5.9,35.7,-9.9,88.0,25.0,2.0,1.0,92.0,23.0,1063.6,82.0,1865.3833333333334,122.0
LUZ,2004,9.8,-0.3,14.0,5.7,30.7,-9.7,45.0,4.0,0.0,0.0,89.0,6.0,1205.4,93.0,1456.1333333333334,95.0
LUZ,2005,9.5,-0.6,13.9,5.4,33.7,-14.5,43.0,12.0,0.0,0.0,99.0,27.0,1266.9,98.0,1570.0833333333333,103.0
LUZ,2006,10.1,0.0,14.5,6.1,33.8,-7.8,54.0,18.0,0.0,0.0,93.0,25.0,1336.2,103.0,1558.2833333333333,102.0
LUZ,2007,10.4,0.3,15.0,6.2,33.0,-9.0,49.0,4.0,0.0,0.0,63.0,18.0,1401.8,109.0,1616.1,106.0
LUZ,2008,9.9,-0.2,14.2,5.9,31.9,-7.9,42.0,3.0,0.0,0.0,88.0,7.0,1310.1,101.0,1509.75,99.0
LUZ,2009,10.2,0.1,14.5,6.1,32.0,-16.1,51.0,5.0,0.0,0.0,84.0,25.0,1186.1,92.0,1545.0833333333333,101.0
LUZ,2010,9.2,-0.9,13.2,5.5,32.5,-12.5,44.0,9.0,0.0,0.0,94.0,37.0,1376.2,107.0,1349.35,88.0
LUZ,2011,10.7,0.6,15.5,6.4,32.7,-8.5,47.0,9.0,0.0,0.0,72.0,10.0,1120.8,87.0,1809.9666666666667,118.0
LUZ,2012,10.1,0.0,14.5,5.9,33.2,-13.8,55.0,10.0,0.0,0.0,74.0,19.0,1305.9,101.0,1632.0,107.0
LUZ,2013,9.5,-0.6,13.6,5.8,34.9,-9.8,48.0,13.0,0.0,0.0,94.0,19.0,1212.4,94.0,1401.2333333333333,92.0
LUZ,2014,10.9,0.8,15.3,7.0,34.3,-8.6,29.0,7.0,0.0,0.0,46.0,2.0,1418.2,110.0,1563.1,102.0
LUZ,2015,10.8,0.7,15.3,6.7,34.8,-7.1,58.0,26.0,0.0,4.0,74.0,7.0,1123.4,87.0,1732.4833333333333,113.0
LUZ,2016,10.3,0.2,14.5,6.5,32.2,-8.0,52.0,8.0,0.0,0.0,68.0,2.0,1422.8,110.0,1464.5666666666666,96.0
LUZ,2017,10.4,0.3,15.1,6.3,34.3,-9.2,59.0,16.0,0.0,2.0,76.0,15.0,1244.9,96.0,1706.4,112.0
LUZ,2018,11.4,1.3,16.0,7.3,34.4,-10.5,84.0,17.0,0.0,3.0,55.0,8.0,1061.8,82.0,1720.4333333333334,112.0
LUZ,2019,10.9,0.8,15.5,6.7,35.0,-5.9,57.0,17.0,1.0,3.0,65.0,3.0,1131.5,88.0,1788.75,117.0
LUZ,2020,11.1,1.0,15.8,6.8,32.8,-4.8,55.0,6.0,0.0,0.0,64.0,1.0,1226.2,95.0,1895.5,124.0
LUZ,2021,9.8,-0.3,14.3,5.9,30.9,-8.0,41.0,6.0,0.0,0.0,71.0,8.0,1369.4,106.0,1564.45,102.0
LUZ,2022,11.6,1.5,16.4,7.3,33.8,-7.5,76.0,14.0,0.0,1.0,64.0,6.0,1141.3,88.0,1986.2666666666667,130.0
LUZ,2023,11.6,1.5,16.3,7.5,35.5,-8.7,83.0,18.0,1.0,2.0,58.0,4.0,1283.9,99.0,1712.7666666666667,112.0
LUZ,2024,11.2,1.1,15.5,7.5,32.5,-8.1,60.0,13.0,0.0,1.0,47.0,11.0,1441.7,112.0,1370.0833333333333,90.0
LUZ,2025,11.0,0.9,15.4,7.0,33.5,-7.3,60.0,17.0,0.0,0.0,50.0,2.0,1222.0,95.0,1669.4666666666667,109.0
MER,1890,6.2,-2.5,,,,,,,,,,,1234.4,92.0,,
MER,1891,6.0,-2.7,,,,,,,,,,,1307.2,97.0,,
MER,1892,7.1,-1.6,,,,,,,,,,,1176.8,88.0,,
MER,1893,7.3,-1.4,,,,,,,,,,,1159.8,86.0,,
MER,1894,6.9,-1.8,,,,,,,,,,,1193.1,89.0,,
MER,1895,6.7,-2.0,,,,,,,,,,,1242.4,93.0,,
MER,1896,6.0,-2.7,,,,,,,,,,,1643.1,123.0,,
MER,1897,7.2,-1.5,,,,,,,,,,,1379.7,103.0,,
MER,1898,7.1,-1.6,,,,,,,,,,,1421.3,106.0,,
MER,1899,7.4,-1.3,,,,,,,,,,,1189.3,89.0,,
MER,1900,7.5,-1.2,,,,,,,,,,,1312.5,98.0,,
MER,1901,6.5,-2.2,,,,,,,,,,,1496.2,112.0,,
MER,1902,6.7,-2.0,,,,,,,,,,,1427.2,106.0,,
MER,1903,6.9,-1.8,,,,,,,,,,,1382.1,103.0,,
MER,1904,7.4,-1.3,,,,,,,,,,,1254.4,94.0,,
MER,1905,6.7,-2.0,,,,,,,,,,,1598.3,119.0,,
MER,1906,6.8,-1.9,,,,,,,,,,,1212.9,90.0,,
MER,1907,7.1,-1.6,,,,,,,,,,,1267.8,95.0,,
MER,1908,6.7,-2.0,,,,,,,,,,,1316.6,98.0,,
MER,1909,6.5,-2.2,,,,,,,,,,,1368.5,102.0,,
MER,1910,7.2,-1.5,,,,,,,,,,,1808.8,135.0,,
MER,1911,7.7,-1.0,,,,,,,,,,,1184.9,88.0,,
MER,1912,6.8,-1.9,,,,,,,,,,,1468.1,109.0,,
MER,1913,7.4,-1.3,,,,,,,,,,,1440.9,107.0,,
MER,1914,6.7,-2.0,,,,,,,,,,,1595.9,119.0,,
MER,1915,6.8,-1.9,,,,,,,,,,,1273.5,95.0,,
MER,1916,7.1,-1.6,,,,,,,,,,,1621.1,121.0,,
MER,1917,6.3,-2.4,,,,,,,,,,,1310.9,98.0,,
MER,1918,7.1,-1.6,,,,,,,,,,,1448.5,108.0,,
MER,1919,6.5,-2.2,,,,,,,,,,,1582.9,118.0,,
MER,1920,7.9,-0.8,,,,,,,,,,,1032.3,77.0,,
MER,1921,7.7,-1.0,,,,,,,,,,,1030.1,77.0,,
MER,1922,6.4,-2.3,,,,,,,,,,,1884.7,141.0,,
MER,1923,7.4,-1.3,,,,,,,,,,,1394.7,104.0,,
MER,1924,6.5,-2.2,,,,,,,,,,,1320.7,98.0,,
MER,1925,6.8,-1.9,,,,,,,,,,,1229.1,92.0,,
MER,1926,7.7,-1.0,,,,,,,,,,,1484.6,111.0,,
MER,1927,7.2,-1.5,,,,,,,,,,,1416.2,106.0,,
MER,1928,7.6,-1.1,,,,,,,,,,,1683.6,126.0,,
MER,1929,6.8,-1.9,,,,,,,,,,,1118.9,83.0,,
MER,1930,7.9,-0.8,,,,,,,,,,,1627.2,121.0,,
MER,1931,6.5,-2.2,,,,,,,,,,,1413.9,105.0,,
MER,1932,6.9,-1.8,,,,,,,,,,,1195.6,89.0,,
MER,1933,6.8,-1.9,,,,,,,,,,,1415.7,106.0,,
MER,1934,7.7,-1.0,,,,,,,,,,,1228.2,92.0,,
MER,1935,7.2,-1.5,,,,,,,,,,,1559.8,116.0,,
MER,1936,7.4,-1.3,,,,,,,,,,,1443.4,108.0,,
MER,1937,7.8,-0.9,,,,,,,,,,,1533.0,114.0,,
MER,1938,7.1,-1.6,,,,,,,,,,,1240.2,92.0,,
MER,1939,6.7,-2.0,,,,,,,,,,,1655.1,123.0,,
MER,1940,6.4,-2.3,,,,,,,,,,,1696.2,126.0,,
MER,1941,6.7,-2.0,,,,,,,,,,,1226.4,91.0,,
MER,1942,6.8,-1.9,,,,,,,,,,,1209.8,90.0,,
MER,1943,8.0,-0.7,,,,,,,,,,,1115.2,83.0,,
MER,1944,6.7,-2.0,,,,,,,,,,,1703.5,127.0,,
MER,1945,7.3,-1.4,,,,,,,,,,,1399.7,104.0,,
MER,1946,7.5,-1.2,,,,,,,,,,,1307.6,97.0,,
MER,1947,8.6,-0.1,,,,,,,,,,,1320.3,98.0,,
MER,1948,7.8,-0.9,,,,,,,,,,,1320.9,98.0,,
MER,1949,7.9,-0.8,,,,,,,,,,,1032.8,77.0,,
MER,1950,7.9,-0.8,,,,,,,,,,,1344.1,100.0,,
MER,1951,7.8,-0.9,,,,,,,,,,,1623.0,121.0,,
MER,1952,7.3,-1.4,,,,,,,,,,,1715.6,128.0,,
MER,1953,7.4,-1.3,,,,,,,,,,,1095.9,82.0,,
MER,1954,7.0,-1.7,,,,,,,,,,,1552.7,116.0,,
MER,1955,7.1,-1.6,,,,,,,,,,,1502.2,112.0,,
MER,1956,5.9,-2.8,,,,,,,,,,,1403.8,105.0,,
MER,1957,7.4,-1.3,,,,,,,,,,,1298.2,97.0,,
MER,1958,7.1,-1.6,,,,,,,,,,,1705.0,127.0,,
MER,1959,8.0,-0.7,12.9,3.1,29.1,-14.3,19.0,0.0,,0.0,135.0,24.0,1184.9,88.0,,
MER,1960,7.7,-1.0,12.3,2.9,28.5,-19.1,8.0,0.0,,0.0,129.0,30.0,1427.7,106.0,,
MER,1961,8.3,-0.4,13.3,3.4,28.6,-12.1,24.0,0.0,,0.0,131.0,20.0,1248.1,93.0,,
MER,1962,6.6,-2.1,11.3,1.9,28.9,-17.8,24.0,0.0,,0.0,154.0,36.0,1283.0,96.0,,
MER,1963,6.5,-2.2,11.2,1.8,27.7,-24.9,13.0,0.0,,0.0,131.0,60.0,1171.8,87.0,,
MER,1964,7.4,-1.3,11.8,2.8,30.5,-14.0,21.0,1.0,,0.0,132.0,47.0,1158.6,86.0,,
MER,1965,6.4,-2.3,11.0,2.0,30.3,-14.2,16.0,1.0,,0.0,140.0,28.0,1754.6,131.0,,
MER,1966,7.7,-1.0,12.3,3.2,28.7,-18.1,15.0,0.0,,0.0,130.0,27.0,1566.9,117.0,,
MER,1967,7.5,-1.2,12.3,2.5,30.1,-17.5,23.0,1.0,,0.0,137.0,35.0,1296.9,97.0,,
MER,1968,7.2,-1.5,11.7,2.5,30.4,-18.6,12.0,2.0,,0.0,145.0,40.0,1552.0,116.0,,
MER,1969,7.0,-1.7,11.8,2.2,29.0,-13.9,28.0,0.0,,0.0,140.0,46.0,1223.5,91.0,,
MER,1970,6.8,-1.9,11.7,1.8,28.2,-16.2,17.0,0.0,0.0,0.0,160.0,36.0,1610.2,120.0,,
MER,1971,7.1,-1.6,12.0,2.5,32.9,-18.3,31.0,1.0,0.0,0.0,144.0,43.0,1114.9,83.0,,
MER,1972,7.1,-1.6,11.6,2.7,30.0,-11.2,15.0,1.0,0.0,0.0,121.0,33.0,1095.1,82.0,,
MER,1973,7.0,-1.7,11.6,2.5,29.4,-17.2,32.0,0.0,0.0,0.0,160.0,39.0,1256.2,94.0,,
MER,1974,7.6,-1.1,12.1,3.0,30.0,-10.0,16.0,1.0,0.0,0.0,143.0,8.0,1359.5,101.0,,
MER,1975,7.4,-1.3,12.1,3.0,31.0,-9.9,25.0,1.0,0.0,0.0,146.0,24.0,1286.2,96.0,,
MER,1976,7.6,-1.1,12.4,2.8,30.0,-15.0,35.0,1.0,0.0,0.0,141.0,32.0,1112.9,83.0,,
MER,1977,7.7,-1.0,12.3,3.3,28.1,-11.2,9.0,0.0,0.0,0.0,124.0,29.0,1508.6,112.0,,
MER,1978,6.9,-1.8,11.4,2.5,28.4,-12.4,10.0,0.0,0.0,0.0,137.0,33.0,1432.3,107.0,,
MER,1979,7.7,-1.0,12.3,3.2,28.8,-14.3,16.0,0.0,0.0,0.0,136.0,22.0,1473.7,110.0,,
MER,1980,6.6,-2.1,11.2,2.4,28.5,-13.9,18.0,0.0,0.0,0.0,151.0,41.0,1282.1,96.0,,
MER,1981,7.2,-1.5,12.0,2.8,29.4,-13.7,23.0,0.0,0.0,0.0,134.0,36.0,1621.3,121.0,,
MER,1982,8.0,-0.7,13.0,3.4,29.2,-11.3,21.0,0.0,0.0,0.0,137.0,13.0,1369.2,102.0,,
MER,1983,8.0,-0.7,13.1,3.2,37.1,-12.3,37.0,12.0,1.0,0.0,129.0,26.0,1242.6,93.0,,
MER,1984,7.3,-1.4,12.0,2.5,32.3,-12.4,15.0,2.0,0.0,0.0,142.0,27.0,1214.8,91.0,,
MER,1985,7.0,-1.7,12.0,2.2,31.0,-20.0,25.0,3.0,0.0,0.0,150.0,47.0,1199.5,89.0,,
MER,1986,7.4,-1.3,12.3,2.8,31.4,-16.9,36.0,1.0,0.0,0.0,144.0,30.0,1442.2,108.0,,
MER,1987,7.2,-1.5,11.8,2.8,29.6,-20.5,25.0,0.0,0.0,0.0,136.0,40.0,1482.6,111.0,,
MER,1988,8.0,-0.7,12.7,3.4,30.7,-11.2,27.0,1.0,0.0,0.0,138.0,24.0,1480.9,110.0,,
MER,1989,8.1,-0.6,13.0,3.5,29.7,-10.5,18.0,0.0,0.0,0.0,115.0,28.0,1194.3,89.0,,
MER,1990,8.6,-0.1,13.6,3.7,31.9,-12.2,32.0,4.0,0.0,0.0,114.0,20.0,1486.8,111.0,,
MER,1991,7.8,-0.9,12.7,2.9,31.4,-16.1,43.0,4.0,0.0,0.0,138.0,37.0,1228.3,92.0,,
MER,1992,8.2,-0.5,12.7,3.3,32.8,-14.9,38.0,4.0,0.0,0.0,135.0,32.0,1279.0,95.0,,
MER,1993,8.0,-0.7,12.7,3.4,30.9,-15.0,29.0,1.0,0.0,0.0,129.0,18.0,1282.4,96.0,,
MER,1994,9.4,0.7,14.1,4.7,31.8,-11.2,43.0,4.0,0.0,0.0,99.0,13.0,1351.1,101.0,,
MER,1995,8.3,-0.4,13.0,3.6,31.8,-14.8,35.0,4.0,0.0,0.0,125.0,26.0,1547.8,115.0,,
MER,1996,7.7,-1.0,12.2,2.9,29.3,-12.5,17.0,0.0,0.0,0.0,135.0,23.0,1220.3,91.0,,
MER,1997,8.5,-0.2,13.6,3.5,29.4,-11.7,24.0,0.0,0.0,0.0,136.0,17.0,1228.6,92.0,,
MER,1998,8.3,-0.4,13.2,3.5,32.4,-14.3,32.0,5.0,0.0,1.0,132.0,28.0,1280.2,95.0,,
MER,1999,8.2,-0.5,12.6,3.5,30.3,-15.1,22.0,1.0,0.0,0.0,131.0,36.0,1772.2,132.0,,
MER,2000,8.9,0.2,13.4,4.0,31.4,-16.7,32.0,2.0,0.0,0.0,113.0,24.0,1306.1,97.0,,
MER,2001,8.7,0.0,13.1,4.1,31.4,-15.3,33.0,1.0,0.0,1.0,111.0,22.0,1473.4,110.0,,
MER,2002,9.0,0.3,13.8,4.3,31.8,-13.7,28.0,5.0,0.0,0.0,92.0,17.0,1876.1,140.0,,
MER,2003,9.0,0.3,14.4,3.5,34.4,-16.3,71.0,15.0,0.0,0.0,135.0,32.0,1085.3,81.0,,
MER,2004,8.3,-0.4,13.0,3.4,29.3,-13.1,29.0,0.0,0.0,0.0,136.0,21.0,1275.5,95.0,,
MER,2005,7.8,-0.9,12.7,2.8,31.8,-17.4,39.0,5.0,0.0,1.0,134.0,50.0,1286.0,96.0,,
MER,2006,8.6,-0.1,13.5,3.8,31.8,-15.7,49.0,5.0,0.0,0.0,122.0,37.0,1374.3,102.0,,
MER,2007,8.9,0.2,13.8,3.9,32.3,-11.7,28.0,2.0,0.0,0.0,117.0,24.0,1591.1,119.0,,
MER,2008,8.8,0.1,13.4,3.9,30.3,-10.8,30.0,1.0,0.0,1.0,123.0,12.0,1407.5,105.0,,
MER,2009,8.8,0.1,13.6,3.9,32.3,-14.2,35.0,2.0,0.0,0.0,119.0,27.0,1395.9,104.0,,
MER,2010,8.1,-0.6,12.5,3.4,33.3,-15.6,38.0,4.0,0.0,0.0,122.0,50.0,1241.6,93.0,,
MER,2011,9.1,0.4,14.4,3.9,31.8,-13.8,28.0,3.0,0.0,0.0,120.0,19.0,1247.0,93.0,,
MER,2012,8.6,-0.1,13.4,3.7,30.8,-17.8,40.0,3.0,0.0,0.0,122.0,23.0,1369.5,102.0,,
MER,2013,8.2,-0.5,12.7,3.7,33.7,-16.3,44.0,9.0,0.0,1.0,121.0,36.0,1108.4,83.0,,
MER,2014,9.6,0.9,14.4,4.8,32.7,-13.0,20.0,3.0,0.0,0.0,95.0,4.0,1303.5,97.0,,
MER,2015,9.1,0.4,14.0,4.1,33.3,-11.6,53.0,18.0,0.0,0.0,113.0,9.0,1102.0,82.0,,
MER,2016,9.0,0.3,13.7,4.2,31.8,-15.7,41.0,3.0,0.0,0.0,108.0,9.0,1449.8,108.0,,
MER,2017,8.9,0.2,14.0,4.0,32.5,-16.2,50.0,9.0,0.0,0.0,111.0,26.0,1333.5,99.0,,
MER,2018,10.2,1.5,15.1,5.1,32.9,-12.7,56.0,12.0,0.0,0.0,95.0,12.0,1296.9,97.0,,
MER,2019,9.5,0.8,14.5,4.4,33.9,-12.3,47.0,11.0,0.0,0.0,108.0,9.0,1253.2,93.0,,
MER,2020,9.5,0.8,14.7,4.5,31.3,-9.7,40.0,1.0,0.0,0.0,111.0,2.0,1269.1,95.0,,
MER,2021,8.6,-0.1,13.4,3.8,30.7,-13.1,32.0,1.0,0.0,0.0,129.0,24.0,1409.7,105.0,,
MER,2022,10.1,1.4,15.3,4.9,33.5,-11.7,72.0,11.0,0.0,0.0,106.0,14.0,990.2,74.0,,
MER,2023,10.2,1.5,15.3,5.3,34.5,-14.2,71.0,11.0,0.0,0.0,91.0,11.0,1427.4,106.0,,
MER,2024,10.0,1.3,14.6,5.5,31.1,-11.9,52.0,5.0,0.0,0.0,87.0,14.0,1385.8,103.0,,
MER,2025,9.8,1.1,14.7,4.8,32.6,-13.7,50.0,9.0,0.0,0.0,101.0,14.0,1243.5,93.0,,
NEU,1864,7.4,-3.3,,,,,,,,,,,744.8,78.0,,
NEU,1865,9.1,-1.6,14.1,5.3,,,,,,,,,835.1,87.0,,
NEU,1866,9.4,-1.3,14.1,5.8,,,,,,,,,1081.3,113.0,,
NEU,1867,8.7,-2.0,13.5,5.2,,,,,,,,,1005.3,105.0,,
NEU,1868,9.9,-0.8,14.5,6.0,,,,,,,,,847.4,89.0,,
NEU,1869,8.9,-1.8,13.3,5.0,,,,,,,,,753.6,79.0,,
NEU,1870,8.3,-2.4,12.9,4.2,,,,,,,,,819.2,86.0,,
NEU,1871,7.6,-3.1,12.0,3.9,,,,,,,,,635.3,66.0,,
NEU,1872,9.4,-1.3,13.6,5.9,,,,,,,,,1089.7,114.0,,
NEU,1873,9.0,-1.7,13.2,5.7,,,,,,,,,785.8,82.0,,
NEU,1874,8.7,-2.0,13.0,4.9,,,,,,,,,791.5,83.0,,
NEU,1875,8.7,-2.0,13.3,5.0,,,,,,,,,971.4,102.0,,
NEU,1876,9.1,-1.6,13.3,4.8,,,,,,,,,1015.3,106.0,,
NEU,1877,9.1,-1.6,13.7,6.1,,,,,,,,,1061.3,111.0,,
NEU,1878,8.4,-2.3,12.7,4.8,,,,,,,,,983.3,103.0,,
NEU,1879,7.1,-3.6,11.6,3.7,,,,,,,,,1142.4,120.0,,
NEU,1880,8.9,-1.8,13.5,5.2,,,,,,,,,1132.4,119.0,,
NEU,1881,8.7,-2.0,13.1,4.9,,,,,,,,,854.7,89.0,,
NEU,1882,8.6,-2.1,13.0,5.1,,,,,,,,,1104.8,116.0,,
NEU,1883,8.5,-2.2,13.0,5.0,,,,,,,,,831.9,87.0,,
NEU,1884,9.2,-1.5,13.9,5.4,,,,,,,,,621.5,65.0,,
NEU,1885,8.8,-1.9,13.1,5.2,,,,,,,,,1076.4,113.0,,
NEU,1886,8.7,-2.0,13.1,5.3,,,,,,,,,1029.0,108.0,,
NEU,1887,7.5,-3.2,12.0,3.9,,,,,,,,,796.9,83.0,,
NEU,1888,7.7,-3.0,12.0,3.5,,,,,,,,,917.8,96.0,,
NEU,1889,7.7,-3.0,11.7,4.0,,,,,,,,,915.0,96.0,,
NEU,1890,7.6,-3.1,11.7,3.8,,,,,,,,,779.6,82.0,,
NEU,1891,7.7,-3.0,11.7,4.2,,,,,,,,,953.1,100.0,,
NEU,1892,8.7,-2.0,13.0,4.9,,,,,,,,,769.4,81.0,,
NEU,1893,9.0,-1.7,14.2,5.0,,,,,,,,,682.6,71.0,,
NEU,1894,8.7,-2.0,13.2,5.1,,,,,,,,,827.9,87.0,,
NEU,1895,8.4,-2.3,13.1,4.3,,,,,,,,,912.0,95.0,,
NEU,1896,8.0,-2.7,11.9,4.8,,,,,,,,,1240.9,130.0,,
NEU,1897,9.0,-1.7,13.0,5.5,,,,,,,,,863.1,90.0,,
NEU,1898,9.5,-1.2,14.0,5.5,,,,,,,,,766.8,80.0,,
NEU,1899,9.5,-1.2,13.8,5.1,,,,,,,,,771.9,81.0,,
NEU,1900,9.6,-1.1,13.5,5.6,,,,,,,,,744.3,78.0,,
NEU,1901,8.3,-2.4,12.2,4.4,,,,,,,,,954.8,100.0,1788.5166666666667,99.0
NEU,1902,8.4,-2.3,12.4,4.9,,,,,,,,,880.9,92.0,1544.0666666666666,86.0
NEU,1903,8.6,-2.1,13.1,4.7,,,,,,,,,776.1,81.0,1689.9333333333334,94.0
NEU,1904,9.5,-1.2,13.7,5.3,,,,,,,,,717.7,75.0,1723.45,96.0
NEU,1905,8.6,-2.1,13.0,4.8,,,,,,,,,990.8,104.0,1861.4166666666667,103.0
NEU,1906,9.2,-1.5,13.6,4.9,,,,,,,,,725.6,76.0,2104.3,117.0
NEU,1907,8.7,-2.0,12.9,4.8,,,,,,,,,760.5,80.0,1698.1666666666667,94.0
NEU,1908,8.3,-2.4,12.3,4.5,,,,,,,,,909.5,95.0,1685.1,94.0
NEU,1909,8.1,-2.6,12.2,4.2,,,,,,,,,957.3,100.0,1797.9666666666667,100.0
NEU,1910,8.6,-2.1,12.7,4.9,,,,,,,,,1306.4,137.0,1475.4333333333334,82.0
NEU,1911,9.9,-0.8,14.4,5.5,,,,,,,,,877.4,92.0,1932.6166666666666,107.0
NEU,1912,8.5,-2.2,12.7,4.6,,,,,,,,,957.3,100.0,1574.0333333333333,87.0
NEU,1913,9.1,-1.6,13.4,5.4,,,,,,,,,919.3,96.0,1656.8,92.0
NEU,1914,8.5,-2.2,12.6,5.0,,,,,,,,,1179.3,123.0,1606.4833333333333,89.0
NEU,1915,8.8,-1.9,12.7,5.3,,,,,,,,,1071.7,112.0,1652.3833333333334,92.0
NEU,1916,8.9,-1.8,12.9,5.4,,,,,,,,,1140.9,119.0,1463.2666666666667,81.0
NEU,1917,8.0,-2.7,12.2,4.4,,,,,,,,,926.1,97.0,1688.35,94.0
NEU,1918,8.9,-1.8,13.3,5.0,,,,,,,,,902.3,94.0,1805.7666666666667,100.0
NEU,1919,8.6,-2.1,13.0,4.8,,,,,,,,,924.2,97.0,1792.5833333333333,100.0
NEU,1920,9.5,-1.2,14.0,5.7,,,,,,,,,728.5,76.0,1665.95,93.0
NEU,1921,10.0,-0.7,15.1,5.7,,,,,,,,,599.7,63.0,2066.3,115.0
NEU,1922,8.5,-2.2,12.8,4.8,,,,,,,,,1237.2,129.0,1622.4833333333333,90.0
NEU,1923,9.5,-1.2,13.6,5.7,,,,,,,,,1080.0,113.0,1716.4833333333333,95.0
NEU,1924,8.4,-2.3,12.2,5.1,,,,,,,,,840.4,88.0,1495.3833333333334,83.0
NEU,1925,9.0,-1.7,13.0,5.3,,,,,,,,,874.8,92.0,1676.6166666666666,93.0
NEU,1926,9.4,-1.3,13.5,5.7,,,,,,,,,935.0,98.0,1686.75,94.0
NEU,1927,9.1,-1.6,12.9,5.6,,,,,,,,,1041.0,109.0,1626.0,90.0
NEU,1928,10.0,-0.7,14.2,6.0,,,,,,,,,918.6,96.0,1798.3,100.0
NEU,1929,8.8,-1.9,13.2,4.7,,,,,,,,,649.8,68.0,1868.95,104.0
NEU,1930,9.5,-1.2,13.6,6.0,,,,,,,,,930.0,97.0,1512.7,84.0
NEU,1931,8.4,-2.3,12.7,4.8,,,,,,,,,1019.2,107.0,1723.7,96.0
NEU,1932,8.6,-2.1,12.7,5.3,,,,,,,,,913.6,96.0,1567.3333333333333,87.0
NEU,1933,8.5,-2.2,12.6,5.0,,,,,,,,,790.2,83.0,1669.35,93.0
NEU,1934,9.8,-0.9,14.3,6.0,,,,,,,,,768.7,80.0,1892.3333333333333,105.0
NEU,1935,8.9,-1.8,12.9,5.9,,,,,,,,,1125.8,118.0,1694.6166666666666,94.0
NEU,1936,9.2,-1.5,13.0,6.3,,,,,,,,,904.1,95.0,1506.9666666666667,84.0
NEU,1937,9.3,-1.4,13.3,6.3,,,,,,,,,1117.7,117.0,1684.3833333333334,94.0
NEU,1938,9.0,-1.7,13.2,5.5,,,,,,,,,937.4,98.0,1887.7833333333333,105.0
NEU,1939,8.5,-2.2,12.1,5.4,,,,,,,,,1286.3,135.0,1367.35,76.0
NEU,1940,8.1,-2.6,12.3,4.9,,,,,,,,,1017.2,106.0,1657.0166666666667,92.0
NEU,1941,8.3,-2.4,12.1,5.0,,,,,,,,,759.1,79.0,1613.0,90.0
NEU,1942,8.7,-2.0,12.7,5.2,,,,,,,,,825.4,86.0,1735.1333333333334,96.0
NEU,1943,10.1,-0.6,14.2,6.5,,,,,,,,,819.1,86.0,1892.4833333333333,105.0
NEU,1944,9.1,-1.6,13.0,5.7,,,,,,,,,1043.1,109.0,1704.3666666666666,95.0
NEU,1945,9.9,-0.8,14.3,6.1,,,,,,,,,726.7,76.0,1944.5,108.0
NEU,1946,9.4,-1.3,13.5,6.0,,,,,,,,,939.0,98.0,1682.6,93.0
NEU,1947,10.5,-0.2,14.8,6.4,,,,,,,,,711.2,74.0,1878.15,104.0
NEU,1948,9.7,-1.0,13.9,6.1,,,,,,,,,910.6,95.0,1689.0833333333333,94.0
NEU,1949,10.2,-0.5,15.0,6.6,,,,,,,,,688.4,72.0,2090.6666666666665,116.0
NEU,1950,9.7,-1.0,14.1,6.3,,,,,,,,,1084.0,113.0,1811.1833333333334,101.0
NEU,1951,9.3,-1.4,13.3,6.1,,,,,,,,,928.4,97.0,1565.8,87.0
NEU,1952,9.6,-1.1,13.7,6.0,,,,,,,,,1155.4,121.0,1839.1833333333334,102.0
NEU,1953,9.2,-1.5,13.2,5.6,,,,,,,,,662.8,69.0,1741.7666666666667,97.0
NEU,1954,8.9,-1.8,12.8,5.3,,,,,,,,,960.1,100.0,1622.6666666666667,90.0
NEU,1955,8.9,-1.8,12.7,5.5,,,,,,,,,873.6,91.0,1605.6,89.0
NEU,1956,7.8,-2.9,11.6,4.8,,,,,,,,,931.5,97.0,1559.2333333333333,87.0
NEU,1957,9.2,-1.5,13.1,6.1,,,,,,,,,760.2,80.0,1791.0,100.0
NEU,1958,9.3,-1.4,13.0,6.0,,,,,,,,,876.3,92.0,1642.7166666666667,91.0
NEU,1959,10.1,-0.6,14.5,6.4,31.6,-7.1,48.0,5.0,,0.0,54.0,10.0,801.9,84.0,1967.3666666666666,109.0
NEU,1960,9.3,-1.4,13.4,5.9,28.1,-12.6,17.0,0.0,,0.0,48.0,18.0,969.9,101.0,1760.7166666666667,98.0
NEU,1961,10.3,-0.4,14.3,6.9,28.5,-9.3,33.0,0.0,,0.0,47.0,15.0,887.2,93.0,1786.5,99.0
NEU,1962,8.7,-2.0,12.9,5.1,32.7,-12.7,49.0,8.0,,0.0,93.0,20.0,785.6,82.0,1945.25,108.0
NEU,1963,8.1,-2.6,11.9,4.8,29.5,-18.7,21.0,0.0,,0.0,83.0,53.0,998.9,105.0,1632.3333333333333,91.0
NEU,1964,9.5,-1.2,13.2,6.1,32.9,-9.9,38.0,11.0,,0.0,77.0,28.0,589.8,62.0,1690.85,94.0
NEU,1965,8.5,-2.2,12.2,5.4,29.6,-9.4,22.0,0.0,,0.0,76.0,11.0,1275.9,134.0,1432.0333333333333,80.0
NEU,1966,9.7,-1.0,13.6,6.3,30.1,-14.7,28.0,3.0,,1.0,53.0,15.0,1025.7,107.0,1634.0666666666666,91.0
NEU,1967,9.7,-1.0,13.7,6.0,30.8,-10.6,30.0,2.0,,0.0,62.0,15.0,888.6,93.0,1846.75,103.0
NEU,1968,9.3,-1.4,12.8,6.0,31.0,-14.3,17.0,3.0,,1.0,65.0,17.0,1121.8,117.0,1613.3833333333334,90.0
NEU,1969,8.9,-1.8,12.7,5.5,30.1,-9.3,32.0,2.0,,0.0,80.0,33.0,920.4,96.0,1630.15,91.0
NEU,1970,8.9,-1.8,12.7,5.5,30.9,-9.2,33.0,1.0,0.0,0.0,84.0,24.0,1039.1,109.0,1599.6333333333334,89.0
NEU,1971,9.2,-1.5,13.3,5.7,31.6,-13.1,41.0,5.0,0.0,1.0,82.0,31.0,748.6,78.0,1846.05,103.0
NEU,1972,8.8,-1.9,12.6,5.5,30.4,-5.4,22.0,1.0,0.0,0.0,57.0,13.0,724.8,76.0,1487.75,83.0
NEU,1973,9.1,-1.6,12.8,5.7,30.0,-11.8,42.0,1.0,0.0,0.0,87.0,16.0,711.0,74.0,1605.0666666666666,89.0
NEU,1974,9.8,-0.9,13.2,6.3,32.5,-3.4,26.0,4.0,0.0,0.0,26.0,1.0,893.6,94.0,1500.05,83.0
NEU,1975,9.6,-1.1,12.9,6.3,31.1,-7.8,35.0,8.0,0.0,0.0,60.0,10.0,888.5,93.0,1463.3166666666666,81.0
NEU,1976,9.8,-0.9,13.8,6.1,32.6,-10.2,52.0,14.0,0.0,0.0,63.0,24.0,682.5,71.0,1756.8,98.0
NEU,1977,9.6,-1.1,13.1,6.5,28.2,-6.5,12.0,0.0,0.0,0.0,42.0,11.0,1244.8,130.0,1441.4166666666667,80.0
NEU,1978,8.8,-1.9,12.1,5.7,29.6,-6.3,15.0,0.0,0.0,0.0,53.0,19.0,949.7,99.0,1423.9166666666667,79.0
NEU,1979,9.5,-1.2,13.1,6.3,32.0,-12.1,37.0,2.0,0.0,0.0,53.0,13.0,1041.1,109.0,1495.3,83.0
NEU,1980,8.8,-1.9,12.4,5.6,29.3,-10.0,18.0,0.0,0.0,0.0,64.0,21.0,967.9,101.0,1449.2333333333333,81.0
NEU,1981,9.5,-1.2,13.2,5.8,31.6,-8.7,32.0,2.0,0.0,0.0,80.0,18.0,1072.4,112.0,1479.55,82.0
NEU,1982,10.1,-0.6,13.8,6.7,30.6,-6.7,36.0,2.0,0.0,2.0,45.0,13.0,1080.4,113.0,1530.6,85.0
NEU,1983,10.0,-0.7,13.9,6.5,34.1,-7.3,56.0,15.0,0.0,5.0,67.0,14.0,1041.6,109.0,1513.4333333333334,84.0
NEU,1984,9.2,-1.5,13.0,5.9,30.9,-6.9,37.0,4.0,0.0,0.0,63.0,6.0,907.5,95.0,1549.9,86.0
NEU,1985,9.2,-1.5,13.3,5.5,32.0,-17.7,55.0,5.0,0.0,0.0,75.0,30.0,841.2,88.0,1712.2833333333333,95.0
NEU,1986,9.4,-1.3,13.2,6.0,31.9,-12.9,47.0,7.0,0.0,0.0,68.0,24.0,922.2,97.0,1488.85,83.0
NEU,1987,9.4,-1.3,12.8,6.2,29.7,-16.4,35.0,0.0,0.0,0.0,70.0,27.0,1092.3,114.0,1391.9,77.0
NEU,1988,10.1,-0.6,13.8,6.8,32.4,-6.8,24.0,2.0,0.0,0.0,49.0,2.0,1211.8,127.0,1572.9833333333333,87.0
NEU,1989,10.3,-0.4,14.3,6.6,31.2,-5.2,49.0,4.0,0.0,0.0,58.0,18.0,658.9,69.0,1751.65,97.0
NEU,1990,10.5,-0.2,14.7,6.8,32.0,-6.1,45.0,9.0,0.0,0.0,52.0,14.0,1046.3,109.0,1802.4166666666667,100.0
NEU,1991,9.7,-1.0,13.4,6.2,31.0,-11.3,56.0,4.0,0.0,0.0,70.0,28.0,810.3,85.0,1773.25,99.0
NEU,1992,10.4,-0.3,13.9,6.9,32.6,-9.6,42.0,13.0,0.0,0.0,53.0,15.0,987.9,103.0,1574.7,88.0
NEU,1993,10.0,-0.7,13.4,6.6,31.6,-11.2,37.0,3.0,0.0,0.0,66.0,15.0,995.3,104.0,1535.4,85.0
NEU,1994,11.4,0.7,14.8,8.0,32.3,-6.4,51.0,11.0,0.0,4.0,28.0,5.0,974.7,102.0,1534.5,85.0
NEU,1995,10.3,-0.4,14.0,6.6,34.2,-9.8,42.0,8.0,0.0,1.0,66.0,14.0,1029.1,108.0,1692.85,94.0
NEU,1996,9.4,-1.3,13.0,5.7,29.7,-10.7,32.0,0.0,0.0,0.0,79.0,17.0,877.9,92.0,1666.5833333333333,93.0
NEU,1997,10.4,-0.3,14.2,6.9,30.1,-8.2,38.0,1.0,0.0,0.0,53.0,16.0,984.6,103.0,1838.1833333333334,102.0
NEU,1998,10.4,-0.3,14.3,6.8,34.3,-7.5,46.0,13.0,0.0,4.0,65.0,14.0,907.4,95.0,1793.0,100.0
NEU,1999,10.3,-0.4,13.9,7.1,30.8,-8.3,36.0,2.0,0.0,0.0,64.0,12.0,1183.4,124.0,1569.1,87.0
NEU,2000,11.0,0.3,14.8,7.5,30.5,-10.4,43.0,4.0,0.0,0.0,28.0,3.0,905.8,95.0,1813.2333333333333,101.0
NEU,2001,10.4,-0.3,14.0,7.2,31.8,-11.1,46.0,4.0,0.0,0.0,50.0,8.0,1162.8,122.0,1675.95,93.0
NEU,2002,10.9,0.2,14.5,7.7,33.0,-7.1,35.0,8.0,0.0,2.0,27.0,13.0,1134.0,119.0,1696.8333333333333,94.0
NEU,2003,11.1,0.4,15.3,7.3,36.2,-9.8,83.0,34.0,6.0,15.0,67.0,20.0,698.3,73.0,2134.8166666666666,119.0
NEU,2004,10.3,-0.4,14.0,7.0,31.6,-5.8,47.0,2.0,0.0,0.0,61.0,4.0,1072.5,112.0,1781.5,99.0
NEU,2005,10.0,-0.7,14.0,6.6,34.3,-11.8,53.0,13.0,0.0,1.0,89.0,20.0,728.8,76.0,1890.15,105.0
NEU,2006,10.7,0.0,14.4,7.4,34.1,-7.0,52.0,17.0,0.0,4.0,72.0,23.0,1236.7,129.0,1758.3666666666666,98.0
NEU,2007,10.8,0.1,14.6,7.4,30.4,-6.6,31.0,1.0,0.0,1.0,41.0,18.0,1301.8,136.0,1912.5833333333333,106.0
NEU,2008,10.3,-0.4,14.0,6.9,30.9,-6.8,41.0,3.0,0.0,1.0,63.0,6.0,967.6,101.0,1704.4666666666667,95.0
NEU,2009,10.8,0.1,14.8,7.4,33.6,-10.0,53.0,9.0,0.0,1.0,60.0,21.0,780.0,82.0,1821.8333333333333,101.0
NEU,2010,9.8,-0.9,13.5,6.4,34.3,-9.4,42.0,12.0,0.0,3.0,78.0,32.0,712.7,75.0,1678.4666666666667,93.0
NEU,2011,11.3,0.6,15.4,7.6,32.8,-6.1,49.0,8.0,0.0,0.0,44.0,6.0,710.3,74.0,2076.9333333333334,115.0
NEU,2012,10.6,-0.1,14.5,7.2,33.6,-13.2,50.0,8.0,0.0,3.0,48.0,15.0,1124.4,118.0,1888.4166666666667,105.0
NEU,2013,10.0,-0.7,13.5,6.9,34.5,-6.3,50.0,13.0,0.0,3.0,72.0,16.0,1037.4,109.0,1631.5333333333333,91.0
NEU,2014,11.3,0.6,15.1,8.0,31.2,-7.9,28.0,5.0,0.0,0.0,16.0,1.0,921.3,96.0,1798.65,100.0
NEU,2015,11.5,0.8,15.4,7.9,37.8,-5.4,58.0,28.0,4.0,14.0,39.0,5.0,766.5,80.0,1982.3333333333333,110.0
NEU,2016,10.8,0.1,14.5,7.5,32.3,-5.9,57.0,9.0,0.0,1.0,43.0,5.0,1087.9,114.0,1740.3166666666666,97.0
NEU,2017,11.2,0.5,15.3,7.5,33.9,-10.0,69.0,20.0,0.0,7.0,54.0,14.0,754.8,79.0,1997.6333333333334,111.0
NEU,2018,11.8,1.1,15.7,8.2,34.0,-10.2,72.0,17.0,0.0,8.0,45.0,7.0,889.1,93.0,1941.0666666666666,108.0
NEU,2019,11.3,0.6,15.4,7.5,35.8,-5.0,63.0,17.0,2.0,7.0,45.0,2.0,960.5,101.0,2022.1166666666666,112.0
NEU,2020,11.7,1.0,15.8,8.0,34.2,-2.8,64.0,15.0,0.0,4.0,31.0,2.0,964.9,101.0,2063.6,115.0
NEU,2021,10.4,-0.3,14.3,6.9,31.1,-7.7,36.0,1.0,0.0,0.0,49.0,6.0,1065.8,112.0,1863.8666666666666,104.0
NEU,2022,12.5,1.8,16.7,8.7,36.7,-5.2,82.0,28.0,4.0,6.0,46.0,4.0,832.3,87.0,2243.5,125.0
NEU,2023,12.4,1.7,16.6,8.7,35.8,-6.5,90.0,23.0,3.0,11.0,33.0,1.0,973.5,102.0,1983.15,110.0
NEU,2024,11.7,1.0,15.5,8.3,32.9,-5.7,59.0,10.0,0.0,4.0,28.0,4.0,1051.6,110.0,1573.2333333333333,87.0
NEU,2025,11.6,0.9,15.6,8.0,35.8,-5.3,63.0,24.0,1.0,11.0,37.0,0.0,1070.9,112.0,1928.8833333333334,107.0
OTL,1883,10.6,-2.3,,,,,,,,,,,1680.0,91.0,,
OTL,1884,11.8,-1.1,,,,,,,,,,,1282.6,69.0,,
OTL,1885,11.2,-1.7,,,,,,,,,,,2330.0,126.0,,
OTL,1886,11.0,-1.9,,,,,,,,,,,2592.6,140.0,,
OTL,1887,10.2,-2.7,,,,,,,,,,,1936.9,104.0,,
OTL,1888,10.1,-2.8,,,,,,,,,,,2508.2,135.0,,
OTL,1889,10.5,-2.4,,,,,,,,,,,2441.6,132.0,,
OTL,1890,10.4,-2.5,,,,,,,,,,,2658.1,143.0,,
OTL,1891,10.4,-2.5,,,,,,,,,,,2270.9,122.0,,
OTL,1892,11.1,-1.8,,,,,,,,,,,1939.6,105.0,,
OTL,1893,11.7,-1.2,,,,,,,,,,,1235.3,67.0,,
OTL,1894,11.3,-1.6,,,,,,,,,,,1497.7,81.0,,
OTL,1895,10.8,-2.1,,,,,,,,,,,1384.7,75.0,,
OTL,1896,10.7,-2.2,,,,,,,,,,,2473.4,133.0,,
OTL,1897,11.4,-1.5,,,,,,,,,,,2059.5,111.0,,
OTL,1898,11.9,-1.0,,,,,,,,,,,2053.6,111.0,,
OTL,1899,12.0,-0.9,,,,,,,,,,,1164.2,63.0,,
OTL,1900,11.8,-1.1,,,,,,,,,,,2142.5,115.0,,
OTL,1901,10.6,-2.3,,7.1,,,,,,,,,2125.1,115.0,,
OTL,1902,11.0,-1.9,,7.7,,,,,,,,,1828.0,99.0,,
OTL,1903,10.8,-2.1,,7.3,,,,,,,,,2396.7,129.0,,
OTL,1904,11.8,-1.1,,8.0,,,,,,,,,1414.5,76.0,,
OTL,1905,10.9,-2.0,,6.9,,,,,,,,,2203.6,119.0,,
OTL,1906,11.7,-1.2,,7.9,,,,,,,,,1389.3,75.0,,
OTL,1907,11.3,-1.6,,7.7,,,,,,,,,1820.2,98.0,,
OTL,1908,11.1,-1.8,,7.3,,,,,,,,,1842.0,99.0,,
OTL,1909,10.5,-2.4,,7.1,,,,,,,,,1617.7,87.0,,
OTL,1910,10.8,-2.1,,7.4,,,,,,,,,2218.1,120.0,,
OTL,1911,11.5,-1.4,,8.0,,,,,,,,,1764.4,95.0,,
OTL,1912,10.5,-2.4,,7.0,,,,,,,,,1736.2,94.0,,
OTL,1913,11.1,-1.8,,7.6,,,,,,,,,1791.5,97.0,,
OTL,1914,10.7,-2.2,,6.9,,,,,,,,,2205.9,119.0,,
OTL,1915,10.5,-2.4,,7.0,,,,,,,,,1680.9,91.0,,
OTL,1916,10.8,-2.1,,7.3,,,,,,,,,2669.3,144.0,,
OTL,1917,10.6,-2.3,,7.0,,,,,,,,,1981.3,107.0,,
OTL,1918,11.0,-1.9,,7.4,,,,,,,,,2108.7,114.0,,
OTL,1919,11.1,-1.8,,7.3,,,,,,,,,1647.0,89.0,,
OTL,1920,11.8,-1.1,,8.5,,,,,,,,,2353.2,127.0,,
OTL,1921,12.3,-0.6,,8.3,,,,,,,,,909.5,49.0,,
OTL,1922,11.0,-1.9,,7.5,,,,,,,,,2088.6,113.0,,
OTL,1923,11.7,-1.2,,8.1,,,,,,,,,1900.4,102.0,,
OTL,1924,11.2,-1.7,,7.8,,,,,,,,,1859.3,100.0,,
OTL,1925,10.9,-2.0,,7.4,,,,,,,,,1853.0,100.0,,
OTL,1926,12.0,-0.9,,8.2,,,,,,,,,2383.9,129.0,,
OTL,1927,11.8,-1.1,,7.9,,,,,,,,,2190.1,118.0,,
OTL,1928,12.0,-0.9,,8.2,,,,,,,,,2224.3,120.0,,
OTL,1929,11.6,-1.3,,7.6,,,,,,,,,1592.1,86.0,,
OTL,1930,11.4,-1.5,,8.0,,,,,,,,,2023.5,109.0,,
OTL,1931,11.0,-1.9,,7.3,,,,,,,,,1962.0,106.0,,
OTL,1932,11.0,-1.9,,7.6,,,,,,,,,2178.2,117.0,,
OTL,1933,11.2,-1.7,,7.6,,,,,,,,,1828.5,99.0,,
OTL,1934,11.5,-1.4,,8.0,,,,,,,,,2227.3,120.0,,
OTL,1935,11.2,-1.7,,7.8,,,,,,,,,2500.8,135.0,,
OTL,1936,11.1,-1.8,15.4,7.9,,,,,,,,,1979.0,107.0,,
OTL,1937,11.3,-1.6,15.8,8.0,,,,,,,,,2159.0,116.0,,
OTL,1938,11.4,-1.5,16.0,7.5,,,,,,,,,1782.8,96.0,,
OTL,1939,10.8,-2.1,15.2,7.4,,,,,,,,,2634.9,142.0,,
OTL,1940,10.6,-2.3,15.1,6.9,,,,,,,,,1854.4,100.0,,
OTL,1941,10.5,-2.4,14.9,6.8,,,,,,,,,2206.9,119.0,,
OTL,1942,11.4,-1.5,15.7,7.8,,,,,,,,,1817.4,98.0,,
OTL,1943,12.5,-0.4,17.0,8.8,,,,,,,,,1379.8,74.0,,
OTL,1944,11.3,-1.6,15.6,7.5,,,,,,,,,1600.1,86.0,,
OTL,1945,12.3,-0.6,17.1,8.2,,,,,,,,,1736.4,94.0,,
OTL,1946,11.5,-1.4,15.7,8.0,,,,,,,,,1961.8,106.0,,
OTL,1947,11.9,-1.0,16.2,8.4,,,,,,,,,1916.4,103.0,,
OTL,1948,11.9,-1.0,16.3,8.3,,,,,,,,,1921.8,104.0,,
OTL,1949,12.4,-0.5,17.1,8.6,,,,,,,,,1424.1,77.0,,
OTL,1950,11.9,-1.0,16.4,8.2,,,,,,,,,1887.9,102.0,,
OTL,1951,11.2,-1.7,15.5,7.8,,,,,,,,,2956.6,159.0,,
OTL,1952,11.3,-1.6,15.8,7.7,,,,,,,,,1829.5,99.0,,
OTL,1953,11.9,-1.0,16.3,8.3,,,,,,,,,1779.6,96.0,,
OTL,1954,11.0,-1.9,15.3,7.3,,,,,,,,,1979.4,107.0,,
OTL,1955,11.4,-1.5,15.9,7.8,,,,,,,,,1327.1,72.0,,
OTL,1956,10.6,-2.3,15.0,7.2,,,,,,,,,2180.1,118.0,,
OTL,1957,11.5,-1.4,15.9,8.1,,,,,,,,,2228.9,120.0,,
OTL,1958,11.6,-1.3,16.0,8.2,,,,,,,,,2049.1,110.0,,
OTL,1959,12.0,-0.9,16.1,8.6,30.8,-5.1,51.0,1.0,,4.0,30.0,0.0,1701.2,92.0,2282.8166666666666,102.0
OTL,1960,10.9,-2.0,14.9,7.6,27.9,-8.1,21.0,0.0,,0.0,39.0,2.0,3034.4,164.0,2004.95,90.0
OTL,1961,12.2,-0.7,16.6,8.7,29.3,-4.6,55.0,0.0,,2.0,41.0,3.0,1422.4,77.0,2440.15,110.0
OTL,1962,11.2,-1.7,15.5,7.8,30.5,-6.1,72.0,4.0,,7.0,46.0,2.0,1203.7,65.0,2388.2833333333333,107.0
OTL,1963,10.6,-2.3,14.7,7.6,29.4,-8.1,38.0,0.0,,3.0,55.0,11.0,2564.1,138.0,2037.1,91.0
OTL,1964,11.8,-1.1,16.0,8.5,32.0,-4.4,63.0,6.0,,4.0,34.0,0.0,1335.5,72.0,2201.5,99.0
OTL,1965,11.0,-1.9,15.4,7.5,32.9,-4.9,37.0,3.0,,2.0,60.0,0.0,1717.1,93.0,2226.766666666667,100.0
OTL,1966,11.4,-1.5,15.8,8.1,29.3,-7.7,40.0,0.0,,0.0,38.0,1.0,2112.5,114.0,2263.65,102.0
OTL,1967,11.5,-1.4,16.0,8.2,31.0,-7.3,51.0,2.0,,4.0,37.0,3.0,1870.6,101.0,2348.2833333333333,105.0
OTL,1968,11.0,-1.9,15.4,7.8,30.1,-6.5,30.0,1.0,,5.0,36.0,3.0,2229.2,120.0,2145.8333333333335,96.0
OTL,1969,11.0,-1.9,15.4,7.6,31.7,-5.7,45.0,3.0,,4.0,60.0,1.0,1574.2,85.0,2179.15,98.0
OTL,1970,11.0,-1.9,15.5,7.7,30.6,-6.8,53.0,2.0,0.0,1.0,50.0,1.0,1726.6,93.0,2226.766666666667,100.0
OTL,1971,11.4,-1.5,15.9,7.9,29.7,-8.8,55.0,0.0,0.0,5.0,37.0,2.0,1682.6,91.0,2312.983333333333,104.0
OTL,1972,10.8,-2.1,14.9,7.7,30.5,-2.7,35.0,1.0,0.0,1.0,21.0,0.0,1726.6,93.0,1791.4166666666667,80.0
OTL,1973,11.5,-1.4,16.1,7.9,30.1,-7.9,68.0,2.0,0.0,2.0,45.0,0.0,1443.2,78.0,2241.3166666666666,101.0
OTL,1974,11.6,-1.3,16.1,8.3,31.7,-0.9,59.0,7.0,0.0,3.0,1.0,0.0,1590.6,86.0,2107.3,95.0
OTL,1975,11.5,-1.4,15.9,8.3,29.8,-1.8,53.0,0.0,0.0,4.0,16.0,0.0,2053.6,111.0,2157.616666666667,97.0
OTL,1976,11.8,-1.1,16.4,8.4,31.6,-4.9,67.0,13.0,0.0,3.0,31.0,1.0,2001.6,108.0,2331.016666666667,105.0
OTL,1977,11.0,-1.9,15.1,8.1,28.1,-4.6,32.0,0.0,0.0,0.0,25.0,0.0,2747.0,148.0,2036.4666666666667,91.0
OTL,1978,10.9,-2.0,15.1,7.7,28.6,-4.0,40.0,0.0,0.0,1.0,31.0,1.0,1829.8,99.0,2112.6833333333334,95.0
OTL,1979,11.3,-1.6,15.3,8.0,29.1,-7.0,53.0,0.0,0.0,1.0,37.0,3.0,2007.9,108.0,1943.1333333333334,87.0
OTL,1980,11.1,-1.8,15.2,7.8,31.5,-5.4,42.0,3.0,0.0,5.0,27.0,0.0,1473.5,79.0,2004.4666666666667,90.0
OTL,1981,11.6,-1.3,15.9,8.1,31.3,-6.1,55.0,2.0,0.0,4.0,54.0,1.0,2203.1,119.0,2050.05,92.0
OTL,1982,11.8,-1.1,16.0,8.6,33.8,-4.3,65.0,3.0,0.0,6.0,28.0,0.0,1874.8,101.0,2104.95,94.0
OTL,1983,11.8,-1.1,16.1,8.5,37.3,-3.0,68.0,16.0,2.0,16.0,37.0,1.0,1938.2,104.0,2090.95,94.0
OTL,1984,11.1,-1.8,15.3,7.8,32.2,-3.6,59.0,11.0,0.0,3.0,33.0,0.0,2131.9,115.0,2046.6833333333334,92.0
OTL,1985,11.4,-1.5,15.8,8.0,30.7,-10.0,61.0,1.0,0.0,3.0,42.0,6.0,1729.1,93.0,2161.6833333333334,97.0
OTL,1986,11.8,-1.1,16.2,8.6,31.6,-7.0,71.0,8.0,0.0,10.0,35.0,2.0,1763.3,95.0,2027.0333333333333,91.0
OTL,1987,11.5,-1.4,15.7,8.2,30.0,-7.5,61.0,1.0,0.0,6.0,40.0,2.0,2277.5,123.0,2027.7,91.0
OTL,1988,12.1,-0.8,16.4,8.9,30.3,-3.3,55.0,2.0,0.0,5.0,12.0,0.0,2127.1,115.0,2053.4333333333334,92.0
OTL,1989,12.4,-0.5,17.1,8.8,32.7,-2.1,69.0,3.0,0.0,5.0,24.0,0.0,1478.1,80.0,2345.0,105.0
OTL,1990,12.7,-0.2,17.3,9.1,32.2,-3.6,74.0,10.0,0.0,6.0,27.0,0.0,1474.3,79.0,2239.5,101.0
OTL,1991,12.3,-0.6,16.6,8.8,31.9,-8.7,86.0,26.0,0.0,23.0,39.0,2.0,1861.2,100.0,2265.6,102.0
OTL,1992,12.5,-0.4,16.4,9.2,33.2,-3.2,58.0,13.0,0.0,22.0,19.0,0.0,1779.4,96.0,1928.6,87.0
OTL,1993,12.3,-0.6,16.3,8.9,30.3,-5.1,60.0,3.0,0.0,3.0,18.0,0.0,2314.0,125.0,2035.6333333333334,91.0
OTL,1994,13.0,0.1,17.2,9.4,34.0,-4.4,75.0,22.0,0.0,8.0,17.0,1.0,2022.1,109.0,2113.0333333333333,95.0
OTL,1995,12.2,-0.7,16.5,8.6,32.5,-4.9,64.0,8.0,0.0,7.0,24.0,0.0,1524.6,82.0,2275.5666666666666,102.0
OTL,1996,11.9,-1.0,15.9,8.5,33.2,-7.3,50.0,4.0,0.0,2.0,26.0,4.0,1800.8,97.0,2004.6,90.0
OTL,1997,12.9,0.0,17.4,9.3,30.4,-2.3,78.0,3.0,0.0,2.0,5.0,0.0,1696.1,91.0,2354.7,106.0
OTL,1998,12.5,-0.4,16.9,8.8,32.3,-3.6,75.0,10.0,0.0,15.0,30.0,0.0,1843.7,99.0,2332.15,105.0
OTL,1999,12.4,-0.5,16.6,9.0,29.8,-3.9,66.0,0.0,0.0,1.0,26.0,0.0,2366.6,128.0,2120.25,95.0
OTL,2000,12.8,-0.1,17.0,9.5,32.0,-5.5,73.0,3.0,0.0,3.0,19.0,0.0,2622.7,141.0,2096.9333333333334,94.0
OTL,2001,12.5,-0.4,16.8,9.0,31.2,-4.9,70.0,6.0,0.0,9.0,34.0,1.0,1753.9,95.0,2267.266666666667,102.0
OTL,2002,12.7,-0.2,16.9,9.3,31.6,-3.7,69.0,7.0,0.0,5.0,17.0,0.0,2649.2,143.0,2111.25,95.0
OTL,2003,13.4,0.5,18.2,9.6,37.9,-4.3,109.0,56.0,4.0,42.0,40.0,0.0,1107.4,60.0,2459.2166666666667,110.0
OTL,2004,12.5,-0.4,16.8,9.1,31.9,-3.0,71.0,11.0,0.0,8.0,30.0,0.0,1893.8,102.0,2095.1,94.0
OTL,2005,12.4,-0.5,16.8,8.8,32.0,-6.3,78.0,14.0,0.0,13.0,65.0,1.0,1057.7,57.0,2325.0333333333333,104.0
OTL,2006,13.0,0.1,17.4,9.3,34.4,-4.7,78.0,29.0,0.0,20.0,40.0,1.0,1629.0,88.0,2313.5333333333333,104.0
OTL,2007,13.5,0.6,18.0,9.7,32.0,-3.3,82.0,12.0,0.0,4.0,12.0,0.0,1503.8,81.0,2420.9166666666665,109.0
OTL,2008,12.5,-0.4,16.7,9.0,31.2,-5.2,66.0,5.0,0.0,7.0,26.0,1.0,2347.1,127.0,2135.35,96.0
OTL,2009,13.0,0.1,17.4,9.3,31.2,-5.6,92.0,9.0,0.0,7.0,30.0,0.0,2106.0,114.0,2335.5666666666666,105.0
OTL,2010,11.9,-1.0,15.9,8.5,32.6,-5.4,72.0,17.0,0.0,15.0,55.0,2.0,2019.8,109.0,2073.266666666667,93.0
OTL,2011,13.4,0.5,18.0,9.7,32.5,-3.8,93.0,11.0,0.0,9.0,14.0,0.0,1578.3,85.0,2430.6666666666665,109.0
OTL,2012,13.1,0.2,17.6,9.3,33.9,-9.5,96.0,21.0,0.0,13.0,33.0,8.0,1862.9,100.0,2251.0833333333335,101.0
OTL,2013,12.7,-0.2,16.9,9.2,33.5,-3.6,87.0,19.0,0.0,11.0,27.0,1.0,1947.3,105.0,2137.25,96.0
OTL,2014,13.3,0.4,17.4,9.9,32.2,-1.3,55.0,7.0,0.0,2.0,9.0,0.0,2781.4,150.0,2004.75,90.0
OTL,2015,13.8,0.9,18.3,10.1,36.8,-1.7,81.0,38.0,2.0,29.0,9.0,0.0,1344.5,72.0,2381.733333333333,107.0
OTL,2016,13.2,0.3,17.5,9.8,31.8,-2.9,84.0,10.0,0.0,8.0,9.0,0.0,1619.9,87.0,2182.5333333333333,98.0
OTL,2017,13.4,0.5,18.0,9.6,34.5,-3.5,93.0,18.0,0.0,25.0,32.0,0.0,1685.5,91.0,2460.616666666667,110.0
OTL,2018,13.8,0.9,18.2,10.2,35.0,-7.5,116.0,38.0,1.0,18.0,13.0,0.0,1465.6,79.0,2226.733333333333,100.0
OTL,2019,13.8,0.9,18.3,10.0,35.5,-2.4,90.0,25.0,1.0,21.0,10.0,0.0,1867.9,101.0,2317.0833333333335,104.0
OTL,2020,13.7,0.8,18.3,10.0,34.4,-1.8,91.0,24.0,0.0,17.0,7.0,0.0,1599.2,86.0,2452.4,110.0
OTL,2021,12.9,0.0,17.3,9.1,33.7,-4.5,79.0,11.0,0.0,11.0,21.0,1.0,1611.6,87.0,2350.866666666667,106.0
OTL,2022,14.4,1.5,19.0,10.5,34.9,-2.2,110.0,40.0,0.0,29.0,11.0,0.0,1283.0,69.0,2577.4666666666667,116.0
OTL,2023,14.2,1.3,18.7,10.5,34.9,-2.8,100.0,24.0,0.0,19.0,11.0,0.0,1809.8,98.0,2345.15,105.0
OTL,2024,13.9,1.0,18.1,10.4,34.7,-1.9,83.0,38.0,0.0,34.0,8.0,0.0,1848.9,100.0,2062.616666666667,93.0
OTL,2025,13.8,0.9,18.0,10.2,33.5,-1.6,90.0,28.0,0.0,22.0,5.0,0.0,1926.9,104.0,2308.45,104.0
PAY,1965,7.7,-2.1,12.3,3.7,,-15.0,,,,0.0,104.0,,1101.3,129.0,1501.8666666666666,82.0
PAY,1966,8.8,-1.0,13.7,4.6,,-21.6,,,,0.0,92.0,,863.0,101.0,1649.9666666666667,90.0
PAY,1967,8.6,-1.2,13.7,4.0,,-15.1,,,,0.0,105.0,,781.4,92.0,1842.9833333333333,101.0
PAY,1968,8.3,-1.5,12.9,4.2,,-20.4,,,,0.0,110.0,,1010.9,118.0,1613.2666666666667,88.0
PAY,1969,7.9,-1.9,12.6,3.7,,-13.0,,,,0.0,116.0,,712.7,83.0,1642.6333333333334,90.0
PAY,1970,8.1,-1.7,12.6,3.9,,-13.5,,,,0.0,115.0,,946.0,111.0,1571.4666666666667,86.0
PAY,1971,8.2,-1.6,13.1,3.8,,-20.7,,,,0.0,116.0,,698.0,82.0,1848.2333333333333,101.0
PAY,1972,8.0,-1.8,12.6,3.8,,-10.7,,,,0.0,107.0,,657.4,77.0,1568.0333333333333,86.0
PAY,1973,8.2,-1.6,12.8,3.9,,-14.9,,,,0.0,136.0,,710.9,83.0,1671.6,91.0
PAY,1974,9.0,-0.8,13.4,4.5,,-5.7,,,,0.0,78.0,,816.8,96.0,1504.5166666666667,82.0
PAY,1975,8.7,-1.1,12.9,4.8,,-10.1,,,,0.0,94.0,,709.4,83.0,1514.5,83.0
PAY,1976,8.7,-1.1,13.4,4.0,,-14.8,,,,0.0,107.0,,609.0,71.0,1866.2833333333333,102.0
PAY,1977,8.8,-1.0,13.2,4.9,,-12.2,,,,0.0,81.0,,1057.8,124.0,1416.4166666666667,77.0
PAY,1978,8.0,-1.8,12.6,4.0,,-9.6,,,,0.0,91.0,,863.2,101.0,1270.9,69.0
PAY,1979,8.6,-1.2,13.0,4.4,,-15.0,,,,0.0,86.0,,935.4,110.0,1514.7,83.0
PAY,1980,7.9,-1.9,12.3,3.9,,-13.3,,,,0.0,104.0,,930.8,109.0,1480.5,81.0
PAY,1981,8.7,-1.1,13.2,3.9,,-16.1,,,,0.0,103.0,,889.5,104.0,1518.3833333333334,83.0
PAY,1982,9.4,-0.4,14.0,4.9,,-11.3,,,,0.0,94.0,,931.3,109.0,1560.8,85.0
PAY,1983,9.1,-0.7,13.8,4.7,,-10.3,,,,0.0,109.0,,884.0,104.0,1561.3833333333334,85.0
PAY,1984,8.5,-1.3,12.9,4.2,,-9.7,,,,0.0,95.0,,867.8,102.0,1552.15,85.0
PAY,1985,8.2,-1.6,13.1,3.4,,-22.0,,,,0.0,113.0,,848.8,99.0,1750.5333333333333,96.0
PAY,1986,8.7,-1.1,13.1,4.3,,-14.5,,,,0.0,100.0,,847.2,99.0,1527.25,83.0
PAY,1987,8.6,-1.2,12.8,4.7,,-19.2,,,,0.0,91.0,,1050.7,123.0,1391.2833333333333,76.0
PAY,1988,9.5,-0.3,14.0,5.4,,-7.2,,,,0.0,76.0,,932.6,109.0,1627.65,89.0
PAY,1989,9.4,-0.4,14.3,5.0,,-7.2,,,,0.0,84.0,,607.6,71.0,1796.7166666666667,98.0
PAY,1990,9.7,-0.1,14.5,5.3,,-9.1,,,,0.0,74.0,,896.4,105.0,1874.8166666666666,102.0
PAY,1991,9.0,-0.8,13.6,4.7,,-13.8,,,,0.0,92.0,,749.8,88.0,1796.4333333333334,98.0
PAY,1992,9.5,-0.3,13.9,5.1,,-13.0,,,,0.0,85.0,,891.0,104.0,1583.3666666666666,86.0
PAY,1993,9.3,-0.5,13.5,5.2,,-10.6,,,,0.0,91.0,,893.9,105.0,1545.55,84.0
PAY,1994,10.5,0.7,14.9,6.4,,-7.6,,,,0.0,52.0,,963.3,113.0,1549.6833333333334,85.0
PAY,1995,9.4,-0.4,14.1,5.0,,-14.7,,,,0.0,90.0,,1059.4,124.0,1761.5333333333333,96.0
PAY,1996,8.5,-1.3,12.9,4.3,,-11.4,,,,0.0,100.0,,860.0,101.0,1650.6666666666667,90.0
PAY,1997,9.5,-0.3,14.2,5.0,,-9.5,,,,0.0,103.0,,928.4,109.0,1872.15,102.0
PAY,1998,9.5,-0.3,14.4,4.8,,-10.3,,,,0.0,105.0,,749.4,88.0,1841.9833333333333,101.0
PAY,1999,9.5,-0.3,14.0,5.4,,-11.9,,,,0.0,87.0,,983.4,115.0,1619.3833333333334,88.0
PAY,2000,10.1,0.3,14.9,5.7,,-14.0,,,,0.0,68.0,,889.8,104.0,1887.6833333333334,103.0
PAY,2001,9.7,-0.1,14.2,5.8,,-11.9,,,,0.0,79.0,,1093.9,128.0,1715.0,94.0
PAY,2002,10.1,0.3,14.6,5.9,,-10.5,,,,0.0,52.0,,979.2,115.0,1724.35,94.0
PAY,2003,10.1,0.3,15.3,5.2,,-12.0,,,,1.0,105.0,,612.9,72.0,2156.6,118.0
PAY,2004,9.4,-0.4,14.0,5.0,,-11.1,,,,0.0,99.0,,843.9,99.0,1776.1166666666666,97.0
PAY,2005,9.2,-0.6,13.9,4.6,,-15.3,,,,0.0,102.0,,675.1,79.0,1909.2,104.0
PAY,2006,9.8,0.0,14.5,5.5,,-7.8,,,,0.0,100.0,,894.0,105.0,1754.9666666666667,96.0
PAY,2007,10.0,0.2,14.8,5.4,,-11.3,,,,0.0,82.0,,1005.1,118.0,1922.9833333333333,105.0
PAY,2008,9.5,-0.3,14.1,5.0,,-8.8,,,,0.0,98.0,,849.3,99.0,1740.8,95.0
PAY,2009,9.8,0.0,14.7,5.0,,-13.6,,,,0.0,95.0,,712.7,83.0,1873.1166666666666,102.0
PAY,2010,9.0,-0.8,13.6,4.4,,-15.4,,,,0.0,105.0,,593.5,70.0,1724.4,94.0
PAY,2011,10.4,0.6,15.7,5.3,,-9.6,,,,0.0,80.0,,581.2,68.0,2135.6,117.0
PAY,2012,9.8,0.0,14.7,5.3,,-17.9,,,,0.0,77.0,,980.4,115.0,1933.15,106.0
PAY,2013,9.1,-0.7,13.5,5.1,,-13.3,,,,0.0,98.0,,957.3,112.0,1701.8833333333334,93.0
PAY,2014,10.5,0.7,15.3,6.0,,-11.3,,,,0.0,51.0,,940.7,110.0,1826.0333333333333,100.0
PAY,2015,10.4,0.6,15.4,5.5,,-9.3,,,,0.0,86.0,,643.3,75.0,2037.4,111.0
PAY,2016,9.9,0.1,14.4,5.6,,-9.9,,,,0.0,82.0,,1019.6,119.0,1729.6833333333334,94.0
PAY,2017,10.3,0.5,15.5,5.4,,-14.2,,,,1.0,95.0,,649.5,76.0,2017.6166666666666,110.0
PAY,2018,11.0,1.2,15.9,6.3,,-14.2,,,,0.0,69.0,,780.4,91.0,1974.05,108.0
PAY,2019,10.5,0.7,15.5,5.7,,-6.9,,,,0.0,87.0,,864.6,101.0,2070.2,113.0
PAY,2020,10.7,0.9,15.7,5.7,,-5.3,,,,1.0,77.0,,959.8,112.0,2113.0,115.0
PAY,2021,9.6,-0.2,14.3,5.0,,-7.5,,,,0.0,100.0,,979.5,115.0,1883.55,103.0
PAY,2022,11.3,1.5,16.7,6.1,,-8.4,,,,0.0,85.0,,815.6,96.0,2322.65,127.0
PAY,2023,11.5,1.7,16.7,6.4,,-11.2,,,,0.0,69.0,,915.6,107.0,1999.8666666666666,109.0
PAY,2024,11.0,1.2,15.6,6.7,,-8.7,,,,0.0,62.0,,899.3,105.0,1610.3166666666666,88.0
PAY,2025,10.8,1.0,15.7,6.1,,-7.9,,,,1.0,61.0,,806.1,94.0,1968.3666666666666,107.0
RAG,1864,7.2,-3.1,,,,,,,,,,,,,,
RAG,1865,9.0,-1.3,,,,,,,,,,,,,,
RAG,1866,9.2,-1.1,,,,,,,,,,,,,,
RAG,1867,8.6,-1.7,,,,,,,,,,,,,,
RAG,1868,9.4,-0.9,,,,,,,,,,,,,,
RAG,1869,8.6,-1.7,,,,,,,,,,,,,,
RAG,1870,8.0,-2.3,,,,,,,,,,,,,,
RAG,1871,7.2,-3.1,,,,,,,,,,,,,,
RAG,1872,9.8,-0.5,,,,,,,,,,,,,,
RAG,1873,9.2,-1.1,,,,,,,,,,,,,,
RAG,1874,8.4,-1.9,,,,,,,,,,,,,,
RAG,1875,8.2,-2.1,,,,,,,,,,,,,,
RAG,1876,8.8,-1.5,,,,,,,,,,,,,,
RAG,1877,8.8,-1.5,,,,,,,,,,,,,,
RAG,1878,8.0,-2.3,,,,,,,,,,,,,,
RAG,1879,7.1,-3.2,,,,,,,,,,,,,,
RAG,1880,8.4,-1.9,,,,,,,,,,,,,,
RAG,1881,8.5,-1.8,,,,,,,,,,,,,,
RAG,1882,8.4,-1.9,,,,,,,,,,,,,,
RAG,1883,8.2,-2.1,,,,,,,,,,,,,,
RAG,1884,8.7,-1.6,,,,,,,,,,,,,,
RAG,1885,8.4,-1.9,,,,,,,,,,,,,,
RAG,1886,8.5,-1.8,,,,,,,,,,,,,,
RAG,1887,7.0,-3.3,,,,,,,,,,,,,,
RAG,1888,7.6,-2.7,,,,,,,,,,,,,,
RAG,1889,7.3,-3.0,,,,,,,,,,,,,,
RAG,1890,7.4,-2.9,,,,,,,,,,,,,,
RAG,1891,7.4,-2.9,,,,,,,,,,,,,,
RAG,1892,8.5,-1.8,,,,,,,,,,,,,,
RAG,1893,8.6,-1.7,,,,,,,,,,,,,,
RAG,1894,8.4,-1.9,,,,,,,,,,,,,,
RAG,1895,8.2,-2.1,,,,,,,,,,,,,,
RAG,1896,7.5,-2.8,,,,,,,,,,,,,,
RAG,1897,8.7,-1.6,,,,,,,,,,,,,,
RAG,1898,8.9,-1.4,,,,,,,,,,,,,,
RAG,1899,8.9,-1.4,,,,,,,,,,,,,,
RAG,1900,9.1,-1.2,,,,,,,,,,,,,,
RAG,1901,7.9,-2.4,,,,,,,,,,,,,,
RAG,1902,8.3,-2.0,,,,,,,,,,,,,,
RAG,1903,8.6,-1.7,,,,,,,,,,,,,,
RAG,1904,8.9,-1.4,,,,,,,,,,,,,,
RAG,1905,8.2,-2.1,,,,,,,,,,,,,,
RAG,1906,8.3,-2.0,,,,,,,,,,,,,,
RAG,1907,8.5,-1.8,,,,,,,,,,,,,,
RAG,1908,7.9,-2.4,,,,,,,,,,,,,,
RAG,1909,7.9,-2.4,,,,,,,,,,,,,,
RAG,1910,8.6,-1.7,,,,,,,,,,,,,,
RAG,1911,9.4,-0.9,,,,,,,,,,,,,,
RAG,1912,8.3,-2.0,,,,,,,,,,,,,,
RAG,1913,8.9,-1.4,,,,,,,,,,,,,,
RAG,1914,8.5,-1.8,,,,,,,,,,,,,,
RAG,1915,8.3,-2.0,,,,,,,,,,,,,,
RAG,1916,8.9,-1.4,,,,,,,,,,,,,,
RAG,1917,7.7,-2.6,,,,,,,,,,,,,,
RAG,1918,8.8,-1.5,,,,,,,,,,,,,,
RAG,1919,7.9,-2.4,,,,,,,,,,,,,,
RAG,1920,9.4,-0.9,,,,,,,,,,,,,,
RAG,1921,9.5,-0.8,,,,,,,,,,,,,,
RAG,1922,7.8,-2.5,,,,,,,,,,,,,,
RAG,1923,9.0,-1.3,,,,,,,,,,,,,,
RAG,1924,8.1,-2.2,,,,,,,,,,,,,,
RAG,1925,8.5,-1.8,,,,,,,,,,,,,,
RAG,1926,9.4,-0.9,,,,,,,,,,,,,,
RAG,1927,8.7,-1.6,,,,,,,,,,,,,,
RAG,1928,9.3,-1.0,,,,,,,,,,,,,,
RAG,1929,8.3,-2.0,,,,,,,,,,,,,,
RAG,1930,9.5,-0.8,,,,,,,,,,,,,,
RAG,1931,7.8,-2.5,,,,,,,,,,,,,,
RAG,1932,8.5,-1.8,,,,,,,,,,,,,,
RAG,1933,8.0,-2.3,,,,,,,,,,,,,,
RAG,1934,9.4,-0.9,,,,,,,,,,,,,,
RAG,1935,8.6,-1.7,,,,,,,,,,,,,,
RAG,1936,8.9,-1.4,,,,,,,,,,,,,,
RAG,1937,9.3,-1.0,,,,,,,,,,,,,,
RAG,1938,8.5,-1.8,,,,,,,,,,,,,,
RAG,1939,8.6,-1.7,12.9,5.0,,,,,,,,,,,,
RAG,1940,7.4,-2.9,12.0,3.5,,,,,,,,,,,,
RAG,1941,8.1,-2.2,12.6,4.1,,,,,,,,,,,,
RAG,1942,8.6,-1.7,13.2,4.5,,,,,,,,,,,,
RAG,1943,9.9,-0.4,14.8,5.6,,,,,,,,,,,,
RAG,1944,8.4,-1.9,12.7,4.5,,,,,,,,,,,,
RAG,1945,9.1,-1.2,14.2,5.0,,,,,,,,,,,,
RAG,1946,9.2,-1.1,14.0,5.2,,,,,,,,,,,,
RAG,1947,10.2,-0.1,15.1,5.6,,,,,,,,,,,,
RAG,1948,9.8,-0.5,14.6,5.3,,,,,,,,,,,,
RAG,1949,10.0,-0.3,15.0,5.6,,,,,,,,,,,,
RAG,1950,9.6,-0.7,14.5,5.5,,,,,,,,,,,,
RAG,1951,9.7,-0.6,14.4,5.7,,,,,,,,,,,,
RAG,1952,8.9,-1.4,13.6,4.9,,,,,,,,,,,,
RAG,1953,9.1,-1.2,14.2,4.9,,,,,,,,,,,,
RAG,1954,8.4,-1.9,12.9,4.5,,,,,,,,,,,,
RAG,1955,8.5,-1.8,13.3,4.7,,,,,,,,,,,,
RAG,1956,7.6,-2.7,12.2,3.6,,,,,,,,,,,,
RAG,1957,9.1,-1.2,13.4,5.0,,,,,,,,,,,,
RAG,1958,8.9,-1.4,13.0,5.0,,,,,,,,,,,,
RAG,1959,9.9,-0.4,14.6,5.6,30.0,-10.8,32.0,1.0,,0.0,82.0,10.0,826.7,75.0,,
RAG,1960,9.5,-0.8,13.9,5.6,30.5,-16.4,23.0,2.0,,0.0,61.0,19.0,1076.7,98.0,,
RAG,1961,10.1,-0.2,14.8,5.8,30.9,-11.3,33.0,1.0,,0.0,75.0,15.0,912.5,83.0,,
RAG,1962,8.3,-2.0,12.8,4.1,32.2,-22.0,33.0,3.0,,0.0,107.0,27.0,1050.0,96.0,,
RAG,1963,8.0,-2.3,12.7,3.9,33.8,-21.4,25.0,4.0,,0.0,99.0,47.0,1025.2,93.0,,
RAG,1964,9.1,-1.2,13.3,5.1,31.8,-12.9,43.0,6.0,,0.0,96.0,29.0,960.9,87.0,,
RAG,1965,8.2,-2.1,12.7,4.5,35.0,-14.1,21.0,5.0,,0.0,91.0,20.0,1323.2,120.0,,
RAG,1966,9.3,-1.0,13.7,5.4,30.0,-19.0,32.0,2.0,,0.0,75.0,15.0,1346.2,123.0,,
RAG,1967,9.0,-1.3,13.6,4.9,32.7,-19.0,33.0,3.0,,0.0,76.0,26.0,1183.3,108.0,,
RAG,1968,8.6,-1.7,13.0,4.8,31.0,-15.0,22.0,1.0,,0.0,103.0,32.0,1031.8,94.0,,
RAG,1969,8.5,-1.8,13.0,4.4,32.2,-14.4,33.0,1.0,,0.0,99.0,34.0,1022.3,93.0,,
RAG,1970,8.5,-1.8,12.9,4.6,30.0,-16.0,34.0,1.0,0.0,1.0,100.0,26.0,1493.3,136.0,,
RAG,1971,8.6,-1.7,13.4,4.5,32.5,-17.1,39.0,7.0,0.0,1.0,104.0,33.0,735.1,67.0,,
RAG,1972,8.9,-1.4,13.5,5.0,34.4,-10.5,29.0,3.0,0.0,0.0,72.0,14.0,849.3,77.0,,
RAG,1973,8.5,-1.8,12.9,5.0,32.0,-15.8,45.0,2.0,0.0,0.0,113.0,23.0,1120.9,102.0,,
RAG,1974,9.3,-1.0,13.5,5.7,30.2,-8.6,28.0,3.0,0.0,0.0,49.0,2.0,1356.9,123.0,,
RAG,1975,9.1,-1.2,13.6,5.4,32.5,-13.4,37.0,2.0,0.0,0.0,84.0,13.0,1050.9,96.0,,
RAG,1976,9.0,-1.3,13.8,4.9,30.8,-16.7,41.0,5.0,0.0,0.0,99.0,22.0,1091.4,99.0,,
RAG,1977,9.4,-0.9,13.9,5.6,32.9,-11.7,22.0,1.0,0.0,0.0,73.0,10.0,1173.2,107.0,,
RAG,1978,8.3,-2.0,12.9,4.5,28.8,-12.5,25.0,0.0,0.0,0.0,98.0,20.0,1140.4,104.0,,
RAG,1979,9.0,-1.3,13.5,5.5,29.8,-17.1,28.0,0.0,0.0,0.0,76.0,11.0,1353.3,123.0,,
RAG,1980,8.3,-2.0,12.6,4.4,31.8,-15.8,21.0,2.0,0.0,0.0,113.0,24.0,972.6,89.0,,
RAG,1981,8.8,-1.5,13.1,4.7,29.8,-15.1,29.0,0.0,0.0,0.0,104.0,30.0,1296.1,118.0,,
RAG,1982,9.7,-0.6,14.2,5.7,31.4,-10.4,36.0,1.0,0.0,0.0,86.0,13.0,965.9,88.0,,
RAG,1983,9.6,-0.7,14.3,5.6,34.8,-12.7,49.0,12.0,0.0,4.0,91.0,22.0,1071.0,97.0,,
RAG,1984,8.8,-1.5,13.4,5.0,34.9,-13.5,19.0,5.0,0.0,2.0,94.0,15.0,1235.7,112.0,,
RAG,1985,8.6,-1.7,13.4,4.7,32.9,-21.1,40.0,6.0,0.0,0.0,95.0,39.0,883.0,80.0,,
RAG,1986,8.9,-1.4,13.6,5.1,34.3,-15.1,49.0,2.0,0.0,0.0,92.0,19.0,1230.1,112.0,,
RAG,1987,8.6,-1.7,13.0,4.9,30.1,-20.1,41.0,1.0,0.0,0.0,92.0,30.0,1141.1,104.0,,
RAG,1988,9.8,-0.5,14.4,6.1,32.1,-8.8,35.0,3.0,0.0,0.0,78.0,8.0,1304.5,119.0,,
RAG,1989,9.6,-0.7,14.5,5.7,34.1,-10.1,35.0,1.0,0.0,0.0,78.0,25.0,892.9,81.0,,
RAG,1990,9.8,-0.5,14.8,5.8,31.6,-13.9,41.0,5.0,0.0,0.0,72.0,13.0,1193.9,109.0,,
RAG,1991,9.1,-1.2,13.7,5.3,32.1,-14.1,49.0,4.0,0.0,0.0,94.0,21.0,1026.7,93.0,,
RAG,1992,10.0,-0.3,14.4,6.1,35.0,-14.1,53.0,12.0,1.0,2.0,86.0,14.0,1139.2,104.0,,
RAG,1993,9.4,-0.9,13.9,5.5,31.1,-13.4,40.0,5.0,0.0,0.0,89.0,24.0,1235.1,112.0,,
RAG,1994,11.0,0.7,15.5,7.1,32.4,-11.9,54.0,10.0,0.0,4.0,55.0,5.0,958.6,87.0,,
RAG,1995,9.7,-0.6,14.2,5.8,34.6,-13.4,39.0,7.0,0.0,1.0,86.0,18.0,1228.5,112.0,,
RAG,1996,8.9,-1.4,13.4,5.1,31.9,-11.6,31.0,2.0,0.0,0.0,99.0,16.0,1099.8,100.0,,
RAG,1997,9.9,-0.4,14.8,5.9,30.5,-9.4,41.0,1.0,0.0,0.0,88.0,8.0,1090.2,99.0,,
RAG,1998,9.9,-0.4,14.6,6.0,34.0,-11.4,45.0,9.0,0.0,3.0,77.0,17.0,955.7,87.0,,
RAG,1999,9.8,-0.5,14.3,6.1,32.1,-14.5,38.0,6.0,0.0,1.0,90.0,12.0,1365.3,124.0,,
RAG,2000,10.8,0.5,15.4,6.9,32.8,-16.7,43.0,5.0,0.0,2.0,56.0,5.0,1232.4,112.0,,
RAG,2001,10.0,-0.3,14.5,6.3,33.8,-15.4,49.0,4.0,0.0,2.0,84.0,14.0,1368.9,125.0,,
RAG,2002,10.8,0.5,15.3,7.0,33.0,-12.4,41.0,5.0,0.0,4.0,45.0,10.0,1454.1,132.0,,
RAG,2003,10.7,0.4,15.9,6.3,36.4,-14.2,92.0,30.0,1.0,6.0,100.0,26.0,847.1,77.0,,
RAG,2004,9.7,-0.6,14.2,5.9,31.1,-10.9,44.0,2.0,0.0,0.0,107.0,14.0,954.2,87.0,,
RAG,2005,9.3,-1.0,14.1,5.3,34.7,-17.6,48.0,12.0,0.0,2.0,109.0,30.0,831.7,76.0,,
RAG,2006,10.2,-0.1,15.0,6.3,32.6,-16.8,62.0,16.0,0.0,3.0,96.0,24.0,952.0,87.0,,
RAG,2007,10.5,0.2,15.2,6.3,34.4,-9.9,48.0,6.0,0.0,1.0,64.0,17.0,972.6,89.0,,
RAG,2008,10.4,0.1,15.0,6.5,31.4,-8.7,50.0,9.0,0.0,1.0,78.0,7.0,1138.1,104.0,,
RAG,2009,10.5,0.2,15.0,6.6,32.2,-13.9,50.0,7.0,0.0,4.0,77.0,25.0,929.9,85.0,,
RAG,2010,9.5,-0.8,13.7,5.8,33.0,-11.5,41.0,9.0,0.0,2.0,95.0,39.0,1073.1,98.0,,
RAG,2011,11.0,0.7,15.8,6.8,34.4,-9.7,46.0,9.0,0.0,2.0,79.0,13.0,1001.5,91.0,,
RAG,2012,10.3,0.0,14.7,6.3,,,,,,,,,1425.7,130.0,,
RAG,2013,9.9,-0.4,14.2,6.0,35.8,-12.5,49.0,12.0,2.0,2.0,90.0,17.0,989.2,90.0,,
RAG,2014,11.4,1.1,16.0,7.3,34.9,-10.0,30.0,8.0,0.0,0.0,26.0,2.0,1021.2,93.0,,
RAG,2015,10.9,0.6,15.6,6.7,36.2,-8.8,62.0,23.0,1.0,8.0,71.0,6.0,1011.5,92.0,,
RAG,2016,10.6,0.3,15.2,6.7,31.4,-10.7,53.0,8.0,0.0,0.0,62.0,4.0,1157.7,105.0,,
RAG,2017,10.5,0.2,15.3,6.4,35.4,-16.7,58.0,20.0,1.0,2.0,67.0,18.0,1208.5,110.0,,
RAG,2018,11.9,1.6,16.7,7.6,33.2,-10.9,87.0,14.0,0.0,0.0,54.0,5.0,940.8,86.0,,
RAG,2019,11.2,0.9,15.8,7.1,34.9,-7.4,55.0,20.0,0.0,7.0,49.0,8.0,1233.4,112.0,,
RAG,2020,11.2,0.9,16.0,6.9,33.8,-4.8,55.0,6.0,0.0,1.0,59.0,4.0,1124.1,102.0,,
RAG,2021,10.1,-0.2,14.8,6.0,33.6,-10.5,41.0,8.0,0.0,1.0,72.0,12.0,1028.5,94.0,,
RAG,2022,11.8,1.5,16.6,7.5,35.1,-9.1,73.0,16.0,1.0,2.0,62.0,4.0,850.9,77.0,,
RAG,2023,11.8,1.5,16.5,7.6,36.0,-7.2,72.0,17.0,1.0,3.0,51.0,7.0,1367.7,124.0,,
RAG,2024,11.8,1.5,16.3,7.7,32.8,-6.3,69.0,12.0,0.0,2.0,39.0,4.0,1071.7,98.0,,
RAG,2025,11.5,1.2,16.3,7.2,32.9,-6.5,55.0,16.0,0.0,1.0,58.0,3.0,945.9,86.0,,
SAE,1864,-3.0,-2.3,,,,,,,,,,,,,,
SAE,1865,-1.8,-1.1,,,,,,,,,,,,,,
SAE,1866,-2.0,-1.3,,,,,,,,,,,,,,
SAE,1867,-2.6,-1.9,,,,,,,,,,,,,,
SAE,1868,-1.6,-0.9,,,,,,,,,,,,,,
SAE,1869,-2.7,-2.0,,,,,,,,,,,,,,
SAE,1870,-3.5,-2.8,,,,,,,,,,,,,,
SAE,1871,-3.1,-2.4,,,,,,,,,,,,,,
SAE,1872,-1.8,-1.1,,,,,,,,,,,,,,
SAE,1873,-2.0,-1.3,,,,,,,,,,,,,,
SAE,1874,-2.7,-2.0,,,,,,,,,,,,,,
SAE,1875,-2.8,-2.1,,,,,,,,,,,,,,
SAE,1876,-2.6,-1.9,,,,,,,,,,,,,,
SAE,1877,-2.9,-2.2,,,,,,,,,,,,,,
SAE,1878,-3.1,-2.4,,,,,,,,,,,,,,
SAE,1879,-3.6,-2.9,,,,,,,,,,,,,,
SAE,1880,-2.1,-1.4,,,,,,,,,,,,,,
SAE,1881,-2.5,-1.8,,,,,,,,,,,,,,
SAE,1882,-2.4,-1.7,,,,,,,,,,,,,,
SAE,1883,-3.6,-2.9,,,,,,,,,,,2536.1,89.0,,
SAE,1884,-2.7,-2.0,,,,,,,,,,,2485.1,88.0,,
SAE,1885,-2.2,-1.5,,,,,,,,,,,2142.5,75.0,,
SAE,1886,-2.5,-1.8,,,,,,,,,,,2508.1,88.0,,
SAE,1887,-3.2,-2.5,,,,,,,,,,,2069.2,73.0,,
SAE,1888,-3.3,-2.6,,,,,,,,,,,2631.4,93.0,1873.5333333333333,105.0
SAE,1889,-3.7,-3.0,,,,,,,,,,,2541.0,89.0,1601.2,89.0
SAE,1890,-2.8,-2.1,,,,,,,,,,,2351.1,83.0,1941.1166666666666,108.0
SAE,1891,-2.9,-2.2,,,,,,,,,,,2170.9,76.0,1966.6333333333334,110.0
SAE,1892,-2.5,-1.8,,-5.4,,,,,,,,,2508.3,88.0,1862.1666666666667,104.0
SAE,1893,-2.3,-1.6,,-5.3,,,,,,,,,2133.2,75.0,1906.2166666666667,106.0
SAE,1894,-2.7,-2.0,,-5.5,,,,,,,,,2742.5,97.0,1739.8166666666666,97.0
SAE,1895,-2.9,-2.2,,-6.0,,,,,,,,,2128.7,75.0,1899.6166666666666,106.0
SAE,1896,-2.9,-2.2,,-5.6,,,,,,,,,2575.6,91.0,1684.4166666666667,94.0
SAE,1897,-1.8,-1.1,,-4.5,,,,,,,,,2653.3,93.0,1816.1833333333334,101.0
SAE,1898,-1.5,-0.8,,-4.1,,,,,,,,,2314.3,81.0,1954.55,109.0
SAE,1899,-1.9,-1.2,,-4.5,,,,,,,,,2594.6,91.0,1940.7833333333333,108.0
SAE,1900,-2.2,-1.5,,-4.8,,,,,,,,,2454.3,86.0,1631.05,91.0
SAE,1901,-3.1,-2.4,-0.7,-5.6,,,,,,,,,2292.1,81.0,1847.4,103.0
SAE,1902,-2.4,-1.7,-0.1,-4.8,,,,,,,,,2743.7,97.0,1836.4333333333334,103.0
SAE,1903,-2.5,-1.8,-0.2,-4.9,,,,,,,,,2528.5,89.0,1734.0833333333333,97.0
SAE,1904,-1.9,-1.2,0.5,-4.3,,,,,,,,,2740.9,97.0,1865.5,104.0
SAE,1905,-3.0,-2.3,-0.5,-5.7,,,,,,,,,2725.7,96.0,1837.5166666666667,103.0
SAE,1906,-2.9,-2.2,-0.4,-5.4,,,,,,,,,2404.4,85.0,1954.5166666666667,109.0
SAE,1907,-2.6,-1.9,-0.2,-5.0,,,,,,,,,2335.4,82.0,1840.6,103.0
SAE,1908,-2.3,-1.6,0.0,-4.7,,,,,,,,,2330.5,82.0,1934.0833333333333,108.0
SAE,1909,-3.4,-2.7,-1.1,-6.0,,,,,,,,,2960.0,104.0,1773.0166666666667,99.0
SAE,1910,-3.1,-2.4,-0.9,-5.4,,,,,,,,,3607.5,127.0,1587.6333333333334,89.0
SAE,1911,-1.6,-0.9,0.8,-4.0,,,,,,,,,1653.0,58.0,2097.45,117.0
SAE,1912,-3.0,-2.3,-0.7,-5.4,,,,,,,,,3077.7,108.0,1456.25,81.0
SAE,1913,-2.3,-1.6,-0.2,-4.8,,,,,,,,,2812.8,99.0,1641.6333333333334,92.0
SAE,1914,-2.4,-1.7,-0.1,-4.9,,,,,,,,,3046.4,107.0,1785.6833333333334,100.0
SAE,1915,-3.1,-2.4,-0.9,-5.4,,,,,,,,,2557.2,90.0,1729.9333333333334,97.0
SAE,1916,-2.6,-1.9,-0.3,-5.1,,,,,,,,,3130.9,110.0,1724.05,96.0
SAE,1917,-3.1,-2.4,-0.6,-5.7,,,,,,,,,2009.6,71.0,2017.3333333333333,113.0
SAE,1918,-2.0,-1.3,0.6,-4.5,,,,,,,,,2242.4,79.0,1881.7,105.0
SAE,1919,-3.5,-2.8,-0.9,-6.0,,,,,,,,,2599.5,92.0,1742.2833333333333,97.0
SAE,1920,-0.7,0.0,1.9,-3.2,,,,,,,,,2033.2,72.0,1769.2166666666667,99.0
SAE,1921,-1.1,-0.4,1.4,-3.4,,,,,,,,,2029.1,71.0,2172.9,121.0
SAE,1922,-2.9,-2.2,-0.3,-5.7,,,,,,,,,4172.9,147.0,1742.5333333333333,97.0
SAE,1923,-2.5,-1.8,0.0,-5.1,,,,,,,,,2908.1,102.0,1693.5166666666667,95.0
SAE,1924,-2.0,-1.3,0.4,-4.6,,,,,,,,,2538.8,89.0,1818.9666666666667,102.0
SAE,1925,-2.7,-2.0,-0.2,-5.3,,,,,,,,,2638.3,93.0,1594.5333333333333,89.0
SAE,1926,-1.8,-1.1,0.7,-4.4,,,,,,,,,2650.8,93.0,1784.5833333333333,100.0
SAE,1927,-1.8,-1.1,0.7,-4.6,,,,,,,,,2725.4,96.0,1879.5166666666667,105.0
SAE,1928,-1.9,-1.2,0.7,-4.6,,,,,,,,,2489.8,88.0,1931.2666666666667,108.0
SAE,1929,-2.3,-1.6,0.5,-4.8,,,,,,,,,1980.3,70.0,2220.5666666666666,124.0
SAE,1930,-1.6,-0.9,0.8,-4.2,,,,,,,,,2892.1,102.0,1784.6,100.0
SAE,1931,-2.8,-2.1,-0.2,-5.6,,,,,,,,,2105.1,74.0,1908.5333333333333,107.0
SAE,1932,-1.7,-1.0,0.9,-4.2,,,,,,,,,2140.0,75.0,1964.8666666666666,110.0
SAE,1933,-2.8,-2.1,-0.4,-5.3,,,,,,,,,2555.4,90.0,1786.05,100.0
SAE,1934,-1.0,-0.3,1.6,-3.8,,,,,,,,,1949.0,69.0,2111.7166666666667,118.0
SAE,1935,-2.7,-2.0,-0.1,-5.5,,,,,,,,,2509.3,88.0,1773.2833333333333,99.0
SAE,1936,-2.2,-1.5,0.3,-4.7,,,,,,,,,2578.0,91.0,1657.95,93.0
SAE,1937,-2.3,-1.6,0.2,-4.8,,,,,,,,,2477.7,87.0,1556.1666666666667,87.0
SAE,1938,-2.0,-1.3,0.7,-4.6,,,,,,,,,2018.7,71.0,1994.5166666666667,111.0
SAE,1939,-2.4,-1.7,0.1,-4.9,,,,,,,,,2848.1,100.0,1565.1333333333334,87.0
SAE,1940,-3.1,-2.4,-0.6,-5.7,,,,,,,,,3326.9,117.0,1552.7833333333333,87.0
SAE,1941,-3.0,-2.3,-0.5,-5.6,,,,,,,,,2669.4,94.0,1694.0166666666667,95.0
SAE,1942,-1.9,-1.2,0.7,-4.5,,,,,,,,,2325.2,82.0,1945.4166666666667,109.0
SAE,1943,-1.1,-0.4,1.5,-3.6,,,,,,,,,2320.5,82.0,1957.1166666666666,109.0
SAE,1944,-2.8,-2.1,-0.3,-5.4,,,,,,,,,3303.9,116.0,1498.3833333333334,84.0
SAE,1945,-1.6,-0.9,0.9,-4.2,,,,,,,,,2829.8,100.0,1834.2166666666667,102.0
SAE,1946,-1.5,-0.8,1.2,-4.1,,,,,,,,,2222.2,78.0,1860.5,104.0
SAE,1947,-0.9,-0.2,1.8,-3.6,,,,,,,,,2416.3,85.0,1948.6833333333334,109.0
SAE,1948,-0.9,-0.2,1.7,-3.4,,,,,,,,,2651.9,93.0,2117.483333333333,118.0
SAE,1949,-1.1,-0.4,1.6,-3.6,,,,,,,,,1916.5,67.0,2181.366666666667,122.0
SAE,1950,-1.3,-0.6,1.4,-4.1,,,,,,,,,2275.3,80.0,1926.8833333333334,108.0
SAE,1951,-1.5,-0.8,1.2,-4.0,,,,,,,,,2017.3,71.0,1829.0833333333333,102.0
SAE,1952,-2.5,-1.8,0.1,-5.1,,,,,,,,,3117.5,110.0,1533.2666666666667,86.0
SAE,1953,-1.0,-0.3,1.6,-3.4,,,,,,,,,1736.8,61.0,2106.95,118.0
SAE,1954,-2.6,-1.9,0.0,-5.1,,,,,,,,,2700.0,95.0,1555.2,87.0
SAE,1955,-2.4,-1.7,0.1,-4.9,,,,,,,,,2733.4,96.0,1645.9333333333334,92.0
SAE,1956,-3.3,-2.6,-0.7,-5.9,,,,,,,,,2608.7,92.0,1825.7166666666667,102.0
SAE,1957,-1.4,-0.7,1.1,-3.9,,,,,,,,,2652.6,93.0,1816.7833333333333,101.0
SAE,1958,-1.6,-0.9,0.6,-4.3,,,,,,,,,2946.0,104.0,1709.0833333333333,95.0
SAE,1959,-0.8,-0.1,1.8,-3.7,15.4,-20.9,0.0,0.0,,0.0,244.0,133.0,1839.3,65.0,1946.55,109.0
SAE,1960,-2.2,-1.5,0.0,-4.5,15.0,-25.0,0.0,0.0,,0.0,272.0,190.0,2833.2,100.0,1479.9,83.0
SAE,1961,-0.9,-0.2,1.3,-3.4,16.2,-21.8,0.0,0.0,,0.0,265.0,176.0,2706.8,95.0,1900.7333333333333,106.0
SAE,1962,-2.9,-2.2,-0.5,-5.7,18.0,-26.5,0.0,0.0,,0.0,262.0,207.0,2413.3,85.0,1857.1,104.0
SAE,1963,-2.3,-1.6,0.1,-4.7,16.5,-25.9,0.0,0.0,,0.0,258.0,173.0,2190.3,77.0,1855.0833333333333,104.0
SAE,1964,-1.2,-0.5,1.1,-3.6,16.3,-22.4,0.0,0.0,,0.0,250.0,174.0,2577.5,91.0,1909.4333333333334,107.0
SAE,1965,-3.1,-2.4,-0.8,-5.4,15.3,-22.3,0.0,0.0,,0.0,270.0,204.0,3466.5,122.0,1550.6,87.0
SAE,1966,-2.2,-1.5,0.1,-4.5,18.5,-24.7,0.0,0.0,,0.0,253.0,186.0,3268.6,115.0,1675.2166666666667,94.0
SAE,1967,-1.8,-1.1,1.0,-4.3,17.0,-21.9,0.0,0.0,,0.0,247.0,166.0,2496.6,88.0,1807.2666666666667,101.0
SAE,1968,-2.1,-1.4,0.5,-4.3,15.6,-25.7,0.0,0.0,,0.0,261.0,164.0,2848.3,100.0,1754.2666666666667,98.0
SAE,1969,-2.3,-1.6,0.3,-4.5,15.1,-22.1,0.0,0.0,,0.0,240.0,189.0,2331.4,82.0,1842.6,103.0
SAE,1970,-2.7,-2.0,0.1,-5.0,16.8,-21.9,0.0,0.0,0.0,0.0,258.0,179.0,3520.7,124.0,1583.3166666666666,88.0
SAE,1971,-1.6,-0.9,1.1,-4.0,18.8,-28.1,0.0,0.0,0.0,0.0,241.0,167.0,2094.3,74.0,2116.45,118.0
SAE,1972,-2.1,-1.4,0.4,-4.3,17.7,-16.8,0.0,0.0,0.0,0.0,284.0,201.0,2058.1,72.0,1768.6333333333334,99.0
SAE,1973,-2.3,-1.6,0.1,-4.7,14.0,-24.9,0.0,0.0,0.0,0.0,254.0,190.0,3071.9,108.0,1731.2,97.0
SAE,1974,-2.6,-1.9,-0.3,-4.9,17.8,-17.3,0.0,0.0,0.0,0.0,289.0,218.0,2873.2,101.0,1535.8666666666666,86.0
SAE,1975,-1.4,-0.7,1.3,-4.3,16.3,-19.8,0.0,0.0,0.0,0.0,260.0,172.0,2247.8,79.0,1992.95,111.0
SAE,1976,-2.0,-1.3,0.3,-4.7,15.7,-21.7,0.0,0.0,0.0,0.0,263.0,182.0,2322.8,82.0,1840.8833333333334,103.0
SAE,1977,-1.7,-1.0,0.4,-4.0,14.3,-17.2,0.0,0.0,0.0,0.0,255.0,166.0,2468.7,87.0,1488.8166666666666,83.0
SAE,1978,-2.1,-1.4,0.0,-4.5,14.2,-20.0,0.0,0.0,0.0,0.0,276.0,189.0,2269.1,80.0,1667.15,93.0
SAE,1979,-2.2,-1.5,0.0,-4.7,14.3,-29.0,0.0,0.0,0.0,0.0,251.0,187.0,2607.9,92.0,1617.6833333333334,90.0
SAE,1980,-2.8,-2.1,-0.2,-5.0,18.1,-21.3,0.0,0.0,0.0,0.0,282.0,191.0,2805.8,99.0,1631.85,91.0
SAE,1981,-2.5,-1.8,0.2,-5.0,15.2,-23.0,0.0,0.0,0.0,0.0,256.0,166.0,3704.2,130.0,1463.25,82.0
SAE,1982,-1.2,-0.5,1.3,-3.5,14.9,-20.0,0.0,0.0,0.0,0.0,241.0,165.0,2293.8,81.0,1721.0833333333333,96.0
SAE,1983,-0.8,-0.1,1.7,-3.4,20.6,-19.1,0.0,0.0,0.0,0.0,248.0,152.0,2708.8,95.0,1770.0,99.0
SAE,1984,-2.6,-1.9,0.0,-5.0,18.2,-20.7,0.0,0.0,0.0,0.0,264.0,179.0,2762.6,97.0,1738.6333333333334,97.0
SAE,1985,-2.1,-1.4,0.5,-4.6,16.9,-27.8,0.0,0.0,0.0,0.0,256.0,175.0,2305.0,81.0,1845.0166666666667,103.0
SAE,1986,-1.8,-1.1,0.9,-4.2,16.9,-29.3,0.0,0.0,0.0,0.0,242.0,170.0,3145.1,111.0,1823.6666666666667,102.0
SAE,1987,-1.8,-1.1,0.7,-4.1,16.0,-30.6,0.0,0.0,0.0,0.0,257.0,168.0,2825.0,99.0,1605.3,90.0
SAE,1988,-1.4,-0.7,1.2,-3.7,15.8,-21.6,0.0,0.0,0.0,0.0,240.0,157.0,3275.8,115.0,1625.1333333333334,91.0
SAE,1989,-0.2,0.5,2.4,-2.5,16.0,-15.5,0.0,0.0,0.0,0.0,240.0,118.0,2335.8,82.0,1999.1666666666667,112.0
SAE,1990,-0.9,-0.2,1.7,-3.4,16.4,-19.1,0.0,0.0,0.0,0.0,267.0,143.0,3029.9,107.0,1849.45,103.0
SAE,1991,-1.4,-0.7,1.2,-3.8,18.0,-24.1,0.0,0.0,0.0,0.0,253.0,169.0,2557.6,90.0,1795.0333333333333,100.0
SAE,1992,-0.4,0.3,2.1,-2.9,18.1,-19.0,0.0,0.0,0.0,0.0,239.0,152.0,2832.9,100.0,1844.1833333333334,103.0
SAE,1993,-1.3,-0.6,1.2,-3.7,16.5,-23.7,0.0,0.0,0.0,0.0,264.0,145.0,2884.8,102.0,1777.0833333333333,99.0
SAE,1994,-0.4,0.3,1.8,-2.7,16.6,-17.1,0.0,0.0,0.0,0.0,236.0,150.0,3208.2,113.0,1583.75,88.0
SAE,1995,-1.6,-0.9,0.8,-3.9,17.6,-21.0,0.0,0.0,0.0,0.0,249.0,171.0,3200.5,113.0,1588.2166666666667,89.0
SAE,1996,-1.7,-1.0,0.9,-4.1,16.6,-21.3,0.0,0.0,0.0,0.0,268.0,166.0,2213.9,78.0,1704.6666666666667,95.0
SAE,1997,-0.4,0.3,2.0,-2.8,15.4,-15.4,0.0,0.0,0.0,0.0,247.0,146.0,2658.7,94.0,1824.7833333333333,102.0
SAE,1998,-1.2,-0.5,1.3,-3.8,18.3,-19.0,0.0,0.0,0.0,0.0,256.0,169.0,3100.4,109.0,1749.6166666666666,98.0
SAE,1999,-1.1,-0.4,1.3,-3.5,16.1,-24.0,0.0,0.0,0.0,0.0,230.0,146.0,3540.7,125.0,1667.8666666666666,93.0
SAE,2000,-0.6,0.1,1.8,-3.0,17.1,-18.6,0.0,0.0,0.0,0.0,236.0,167.0,3058.8,108.0,1694.6,95.0
SAE,2001,-1.1,-0.4,1.3,-3.6,18.1,-26.0,0.0,0.0,0.0,0.0,249.0,164.0,3553.1,125.0,1679.3333333333333,94.0
SAE,2002,-0.4,0.3,2.1,-2.7,18.4,-17.4,0.0,0.0,0.0,0.0,242.0,143.0,3234.8,114.0,1650.5666666666666,92.0
SAE,2003,-0.1,0.6,2.6,-2.6,19.0,-21.3,0.0,0.0,0.0,0.0,222.0,144.0,2219.5,78.0,2262.883333333333,126.0
SAE,2004,-1.3,-0.6,1.2,-3.7,15.8,-18.8,0.0,0.0,0.0,0.0,247.0,157.0,2432.1,86.0,1718.0666666666666,96.0
SAE,2005,-1.8,-1.1,0.8,-4.0,18.6,-24.0,0.0,0.0,0.0,0.0,231.0,155.0,2657.5,94.0,1875.55,105.0
SAE,2006,-0.3,0.4,2.2,-2.6,17.6,-22.3,0.0,0.0,0.0,0.0,226.0,147.0,2850.5,100.0,1922.8166666666666,107.0
SAE,2007,-0.5,0.2,2.1,-2.9,17.7,-19.8,0.0,0.0,0.0,0.0,237.0,139.0,3095.8,109.0,2017.7333333333333,113.0
SAE,2008,-0.9,-0.2,1.6,-3.3,15.5,-19.0,0.0,0.0,0.0,0.0,245.0,169.0,2560.1,90.0,1786.0833333333333,100.0
SAE,2009,-1.0,-0.3,1.6,-3.3,18.0,-22.0,0.0,0.0,0.0,0.0,243.0,152.0,2467.2,87.0,1650.3333333333333,92.0
SAE,2010,-2.1,-1.4,0.3,-4.4,18.0,-21.2,0.0,0.0,0.0,0.0,250.0,177.0,2386.1,84.0,1629.7166666666667,91.0
SAE,2011,0.3,1.0,2.9,-2.0,20.5,-18.2,0.0,0.0,0.0,0.0,221.0,118.0,2518.1,89.0,2129.7833333333333,119.0
SAE,2012,-0.7,0.0,2.0,-3.2,18.5,-26.5,0.0,0.0,0.0,0.0,229.0,145.0,2967.0,104.0,1837.0833333333333,103.0
SAE,2013,-1.1,-0.4,1.4,-3.5,18.4,-20.2,0.0,0.0,0.0,0.0,231.0,156.0,2814.1,99.0,1702.3,95.0
SAE,2014,-0.1,0.6,2.4,-2.4,17.9,-18.4,0.0,0.0,0.0,0.0,236.0,118.0,2379.2,84.0,1589.2666666666667,89.0
SAE,2015,0.2,0.9,2.8,-2.3,20.0,-17.1,0.0,0.0,0.0,0.0,231.0,123.0,2364.6,83.0,1990.7833333333333,111.0
SAE,2016,-0.6,0.1,1.9,-2.9,17.4,-19.6,0.0,0.0,0.0,0.0,235.0,151.0,2939.4,103.0,1631.3666666666666,91.0
SAE,2017,-0.6,0.1,2.0,-3.1,18.0,-22.2,0.0,0.0,0.0,0.0,246.0,161.0,3535.5,124.0,1788.65,100.0
SAE,2018,0.3,1.0,2.9,-2.0,17.0,-26.0,0.0,0.0,0.0,0.0,201.0,127.0,2584.4,91.0,1912.1,107.0
SAE,2019,-0.1,0.6,2.5,-2.5,21.0,-19.0,0.0,0.0,0.0,0.0,225.0,141.0,3501.3,123.0,1839.85,103.0
SAE,2020,0.3,1.0,3.0,-2.1,17.6,-16.3,0.0,0.0,0.0,0.0,227.0,109.0,2795.3,98.0,1889.3333333333333,106.0
SAE,2021,-0.9,-0.2,1.6,-3.3,16.9,-17.6,0.0,0.0,0.0,0.0,225.0,151.0,3504.0,123.0,1674.9666666666667,94.0
SAE,2022,0.7,1.4,3.2,-1.6,18.2,-17.1,0.0,0.0,0.0,0.0,206.0,134.0,2639.8,93.0,1885.5166666666667,105.0
SAE,2023,0.3,1.0,2.9,-2.1,20.7,-18.0,0.0,0.0,0.0,0.0,217.0,144.0,3955.2,139.0,1665.7,93.0
SAE,2024,0.9,1.6,3.4,-1.4,18.6,-17.4,0.0,0.0,0.0,0.0,211.0,127.0,3084.2,109.0,1721.95,96.0
SAE,2025,0.8,1.5,3.3,-1.5,19.8,-17.5,0.0,0.0,0.0,0.0,221.0,115.0,2187.8,77.0,2000.5,112.0
SAM,1864,-0.1,-2.4,,,,,,,,,,,691.8,97.0,,
SAM,1865,0.9,-1.4,,,,,,,,,,,678.5,96.0,,
SAM,1866,1.5,-0.8,,,,,,,,,,,659.3,93.0,,
SAM,1867,1.5,-0.8,,,,,,,,,,,789.8,111.0,,
SAM,1868,1.5,-0.8,,,,,,,,,,,819.1,115.0,,
SAM,1869,1.1,-1.2,7.7,-6.7,,,,,,,,,622.5,88.0,,
SAM,1870,0.5,-1.8,7.2,-7.3,,,,,,,,,520.3,73.0,,
SAM,1871,-0.5,-2.8,6.3,-8.5,,,,,,,,,586.5,83.0,,
SAM,1872,1.5,-0.8,7.9,-5.6,,,,,,,,,1142.1,161.0,,
SAM,1873,1.1,-1.2,7.7,-6.3,,,,,,,,,677.7,95.0,,
SAM,1874,0.4,-1.9,7.5,-7.2,,,,,,,,,675.4,95.0,,
SAM,1875,0.6,-1.7,7.4,-6.9,,,,,,,,,603.6,85.0,,
SAM,1876,1.2,-1.1,7.5,-6.3,,,,,,,,,702.5,99.0,,
SAM,1877,1.1,-1.2,7.2,-6.5,,,,,,,,,723.3,102.0,,
SAM,1878,0.4,-1.9,6.8,-7.3,,,,,,,,,924.3,130.0,,
SAM,1879,0.0,-2.3,6.6,-7.7,,,,,,,,,613.3,86.0,,
SAM,1880,1.5,-0.8,7.7,-6.0,,,,,,,,,720.4,101.0,,
SAM,1881,1.0,-1.3,7.1,-6.6,,,,,,,,,413.6,58.0,,
SAM,1882,1.2,-1.1,7.2,-6.3,,,,,,,,,968.0,136.0,,
SAM,1883,0.3,-2.0,6.5,-7.2,,,,,,,,,574.5,81.0,,
SAM,1884,1.1,-1.2,7.4,-6.4,,,,,,,,,473.3,67.0,,
SAM,1885,1.3,-1.0,7.4,-6.2,,,,,,,,,623.7,88.0,,
SAM,1886,0.8,-1.5,7.1,-6.8,,,,,,,,,643.8,91.0,,
SAM,1887,-0.7,-3.0,5.8,-8.5,,,,,,,,,741.3,104.0,,
SAM,1888,0.0,-2.3,6.0,-7.2,,,,,,,,,882.8,124.0,,
SAM,1889,0.2,-2.1,6.0,-6.6,,,,,,,,,803.9,113.0,,
SAM,1890,0.0,-2.3,5.9,-7.3,,,,,,,,,780.8,110.0,,
SAM,1891,0.1,-2.2,6.0,-7.2,,,,,,,,,940.4,132.0,,
SAM,1892,0.6,-1.7,6.5,-6.9,,,,,,,,,657.2,93.0,,
SAM,1893,0.9,-1.4,7.4,-7.0,,,,,,,,,503.0,71.0,,
SAM,1894,0.7,-1.6,7.3,-7.0,,,,,,,,,657.2,93.0,,
SAM,1895,0.7,-1.6,7.2,-6.8,,,,,,,,,546.1,77.0,,
SAM,1896,0.1,-2.2,6.2,-6.7,,,,,,,,,990.9,140.0,,
SAM,1897,1.3,-1.0,8.0,-6.0,,,,,,,,,602.2,85.0,,
SAM,1898,1.6,-0.7,8.4,-5.9,,,,,,,,,819.1,115.0,,
SAM,1899,1.4,-0.9,8.3,-6.6,,,,,,,,,534.1,75.0,,
SAM,1900,1.7,-0.6,8.2,-5.9,,,,,,,,,643.3,91.0,,
SAM,1901,0.3,-2.0,7.1,-7.5,,,,,,,,,874.3,123.0,1773.4166666666667,100.0
SAM,1902,0.9,-1.4,7.4,-6.6,,,,,,,,,690.6,97.0,1850.95,105.0
SAM,1903,0.4,-1.9,7.0,-7.5,,,,,,,,,730.5,103.0,1830.45,104.0
SAM,1904,1.3,-1.0,7.9,-7.5,,,,,,,,,596.4,84.0,1943.9,110.0
SAM,1905,0.5,-1.8,6.8,-7.8,,,,,,,,,753.0,106.0,1804.0,102.0
SAM,1906,0.6,-1.7,7.2,-7.5,,,,,,,,,557.7,79.0,1879.0833333333333,106.0
SAM,1907,0.9,-1.4,7.5,-6.8,,,,,,,,,615.4,87.0,1789.8,101.0
SAM,1908,0.5,-1.8,7.3,-7.0,,,,,,,,,657.3,93.0,2023.4,114.0
SAM,1909,0.5,-1.8,6.7,-7.3,,,,,,,,,617.7,87.0,1773.2166666666667,100.0
SAM,1910,0.7,-1.6,6.9,-6.5,,,,,,,,,794.2,112.0,1683.45,95.0
SAM,1911,1.0,-1.3,8.1,-7.6,,,,,,,,,873.2,123.0,1979.8833333333334,112.0
SAM,1912,0.8,-1.5,7.3,-6.5,,,,,,,,,683.9,96.0,1591.4333333333334,90.0
SAM,1913,1.1,-1.2,7.7,-6.4,,,,,,,,,706.3,99.0,1649.6833333333334,93.0
SAM,1914,1.0,-1.3,7.7,-6.5,,,,,,,,,660.8,93.0,1758.2666666666667,99.0
SAM,1915,0.9,-1.4,7.4,-6.5,,,,,,,,,585.9,82.0,1728.6833333333334,98.0
SAM,1916,1.2,-1.1,7.3,-6.1,,,,,,,,,904.9,127.0,1650.1333333333334,93.0
SAM,1917,-0.2,-2.5,6.7,-8.1,,,,,,,,,826.0,116.0,1928.5666666666666,109.0
SAM,1918,1.2,-1.1,7.9,-6.5,,,,,,,,,646.7,91.0,1803.5833333333333,102.0
SAM,1919,0.0,-2.3,7.1,-7.7,,,,,,,,,679.0,96.0,1779.1666666666667,101.0
SAM,1920,2.1,-0.2,8.4,-5.2,,,,,,,,,811.1,114.0,1762.7,100.0
SAM,1921,1.9,-0.4,8.9,-5.7,,,,,,,,,447.3,63.0,1992.6833333333334,113.0
SAM,1922,0.9,-1.4,7.1,-6.5,,,,,,,,,863.8,122.0,1406.9333333333334,80.0
SAM,1923,1.6,-0.7,7.7,-5.8,,,,,,,,,674.0,95.0,1728.35,98.0
SAM,1924,1.1,-1.2,7.4,-6.2,,,,,,,,,658.4,93.0,2028.7666666666667,115.0
SAM,1925,0.7,-1.6,7.3,-7.0,,,,,,,,,608.1,86.0,1891.6166666666666,107.0
SAM,1926,1.6,-0.7,8.1,-5.8,,,,,,,,,861.0,121.0,1740.1666666666667,98.0
SAM,1927,1.5,-0.8,8.0,-6.2,,,,,,,,,716.6,101.0,1901.3,108.0
SAM,1928,1.6,-0.7,8.0,-5.8,,,,,,,,,752.9,106.0,1841.3,104.0
SAM,1929,0.6,-1.7,7.5,-7.1,,,,,,,,,579.9,82.0,1914.6,108.0
SAM,1930,1.5,-0.8,8.1,-6.0,,,,,,,,,612.8,86.0,1694.7666666666667,96.0
SAM,1931,0.6,-1.7,7.3,-6.9,,,,,,,,,644.8,91.0,1830.7666666666667,104.0
SAM,1932,1.0,-1.3,7.6,-6.6,,,,,,,,,503.3,71.0,1824.1166666666666,103.0
SAM,1933,0.6,-1.7,7.0,-7.0,,,,,,,,,649.2,91.0,1746.7333333333333,99.0
SAM,1934,1.5,-0.8,8.3,-6.3,,,,,,,,,644.5,91.0,1889.0666666666666,107.0
SAM,1935,0.7,-1.6,7.0,-6.7,,,,,,,,,757.2,107.0,1746.1,99.0
SAM,1936,1.2,-1.1,7.6,-5.8,,,,,,,,,619.6,87.0,1634.9333333333334,93.0
SAM,1937,1.4,-0.9,7.6,-6.0,,,,,,,,,838.2,118.0,1619.25,92.0
SAM,1938,1.1,-1.2,7.8,-6.1,,,,,,,,,530.0,75.0,1969.1,111.0
SAM,1939,0.9,-1.4,7.1,-5.9,,,,,,,,,715.7,101.0,1557.9833333333333,88.0
SAM,1940,0.2,-2.1,6.9,-7.0,,,,,,,,,664.6,94.0,1731.4833333333333,98.0
SAM,1941,0.4,-1.9,6.7,-7.0,,,,,,,,,505.8,71.0,1811.7333333333333,103.0
SAM,1942,1.7,-0.6,7.9,-5.7,,,,,,,,,524.1,74.0,1828.35,103.0
SAM,1943,2.0,-0.3,8.8,-5.9,,,,,,,,,490.6,69.0,1920.1666666666667,109.0
SAM,1944,0.9,-1.4,6.8,-6.4,,,,,,,,,752.7,106.0,1699.8166666666666,96.0
SAM,1945,1.6,-0.7,8.6,-6.2,,,,,,,,,587.4,83.0,2034.4833333333333,115.0
SAM,1946,1.5,-0.8,8.3,-5.7,,,,,,,,,655.7,92.0,1747.6833333333334,99.0
SAM,1947,2.3,0.0,9.2,-5.3,,,,,,,,,581.4,82.0,1890.35,107.0
SAM,1948,2.0,-0.3,8.9,-5.1,,,,,,,,,704.1,99.0,1850.8333333333333,105.0
SAM,1949,1.9,-0.4,8.8,-5.5,,,,,,,,,477.7,67.0,2026.45,115.0
SAM,1950,1.5,-0.8,8.4,-6.2,,,,,,,,,727.5,102.0,1801.7833333333333,102.0
SAM,1951,1.7,-0.6,7.7,-5.5,,,,,,,,,857.0,121.0,1691.8833333333334,96.0
SAM,1952,1.4,-0.9,7.8,-6.3,,,,,,,,,781.6,110.0,1819.5666666666666,103.0
SAM,1953,1.7,-0.6,8.5,-5.3,,,,,,,,,551.9,78.0,1918.7833333333333,109.0
SAM,1954,1.4,-0.9,7.6,-6.1,,,,,,,,,890.2,125.0,1655.0,94.0
SAM,1955,1.0,-1.3,7.9,-6.3,,,,,,,,,490.1,69.0,1668.9833333333333,94.0
SAM,1956,-0.1,-2.4,6.5,-7.3,,,,,,,,,641.4,90.0,1772.5166666666667,100.0
SAM,1957,1.3,-1.0,8.1,-5.7,,,,,,,,,675.3,95.0,1812.8333333333333,103.0
SAM,1958,1.1,-1.2,7.7,-6.2,,,,,,,,,756.4,106.0,1814.5666666666666,103.0
SAM,1959,1.4,-0.9,8.3,-6.2,25.6,-29.2,1.0,0.0,,0.0,252.0,63.0,478.2,67.0,1871.4166666666667,106.0
SAM,1960,0.8,-1.5,6.7,-5.8,24.0,-33.6,0.0,0.0,,0.0,259.0,69.0,1077.0,152.0,1590.6833333333334,90.0
SAM,1961,1.8,-0.5,9.0,-5.4,24.1,-27.5,0.0,0.0,,0.0,245.0,56.0,487.4,69.0,1961.0833333333333,111.0
SAM,1962,0.4,-1.9,7.3,-7.0,25.3,-31.1,1.0,0.0,,0.0,266.0,91.0,461.4,65.0,1965.6666666666667,111.0
SAM,1963,0.3,-2.0,7.0,-6.9,23.6,-34.6,0.0,0.0,,0.0,247.0,88.0,866.6,122.0,1726.5833333333333,98.0
SAM,1964,1.8,-0.5,8.3,-5.5,25.6,-27.0,1.0,0.0,,0.0,250.0,70.0,557.3,78.0,1800.6166666666666,102.0
SAM,1965,0.4,-1.9,7.0,-6.4,24.2,-30.4,0.0,0.0,,0.0,259.0,90.0,786.4,111.0,1644.5333333333333,93.0
SAM,1966,1.4,-0.9,7.6,-5.4,27.0,-34.3,2.0,0.0,,0.0,231.0,71.0,803.5,113.0,1590.45,90.0
SAM,1967,0.9,-1.4,7.8,-6.5,25.6,-32.1,1.0,0.0,,0.0,264.0,69.0,744.3,105.0,1879.45,106.0
SAM,1968,0.8,-1.5,7.6,-6.4,25.7,-31.1,4.0,0.0,,0.0,255.0,80.0,775.0,109.0,1751.1666666666667,99.0
SAM,1969,0.9,-1.4,7.6,-6.7,24.8,-34.5,0.0,0.0,,0.0,258.0,88.0,624.5,88.0,1772.4833333333333,100.0
SAM,1970,0.7,-1.6,6.9,-6.7,24.7,-29.3,0.0,0.0,0.0,0.0,256.0,93.0,736.4,104.0,1718.3,97.0
SAM,1971,1.1,-1.2,8.0,-6.6,26.7,-32.1,1.0,0.0,0.0,0.0,251.0,90.0,591.4,83.0,1994.7333333333333,113.0
SAM,1972,1.2,-1.1,7.2,-5.5,25.1,-24.4,1.0,0.0,0.0,0.0,264.0,68.0,585.8,82.0,1804.7333333333333,102.0
SAM,1973,1.2,-1.1,7.7,-6.1,26.5,-29.0,1.0,0.0,0.0,0.0,242.0,85.0,788.2,111.0,1784.45,101.0
SAM,1974,1.4,-0.9,7.4,-5.4,26.7,-24.4,3.0,0.0,0.0,0.0,274.0,57.0,610.2,86.0,1695.95,96.0
SAM,1975,1.1,-1.2,7.8,-6.3,24.5,-26.5,0.0,0.0,0.0,0.0,258.0,68.0,668.6,94.0,1834.9666666666667,104.0
SAM,1976,1.2,-1.1,7.7,-5.7,23.6,-31.8,0.0,0.0,0.0,0.0,254.0,61.0,742.0,104.0,1799.2,102.0
SAM,1977,1.4,-0.9,7.5,-5.3,23.1,-26.2,0.0,0.0,0.0,0.0,250.0,74.0,794.4,112.0,1568.8166666666666,89.0
SAM,1978,1.0,-1.3,7.5,-5.8,22.7,-28.5,0.0,0.0,0.0,0.0,283.0,74.0,601.7,85.0,1748.0833333333333,99.0
SAM,1979,1.0,-1.3,7.3,-6.2,23.5,-27.5,0.0,0.0,0.0,0.0,274.0,76.0,896.0,126.0,1675.3,95.0
SAM,1980,0.5,-1.8,6.7,-5.9,24.8,-31.0,0.0,0.0,0.0,0.0,252.0,88.0,638.2,90.0,1578.8666666666666,89.0
SAM,1981,1.3,-1.0,7.6,-5.8,24.7,-33.1,0.0,0.0,0.0,0.0,230.0,86.0,863.3,122.0,1599.75,91.0
SAM,1982,1.9,-0.4,8.3,-5.2,25.0,-29.2,1.0,0.0,0.0,0.0,228.0,65.0,809.1,114.0,1720.2833333333333,97.0
SAM,1983,1.7,-0.6,8.8,-5.8,28.4,-28.1,10.0,0.0,0.0,0.0,246.0,65.0,826.2,116.0,1735.0666666666666,98.0
SAM,1984,0.7,-1.6,7.1,-6.9,25.4,-29.4,1.0,0.0,0.0,0.0,274.0,84.0,617.8,87.0,1663.2,94.0
SAM,1985,1.1,-1.2,7.7,-6.6,24.2,-35.5,0.0,0.0,0.0,0.0,265.0,76.0,696.8,98.0,1843.8166666666666,104.0
SAM,1986,1.4,-0.9,7.9,-6.0,24.5,-31.9,0.0,0.0,0.0,0.0,245.0,77.0,685.4,96.0,1768.8333333333333,100.0
SAM,1987,1.6,-0.7,8.0,-5.3,25.1,-31.1,1.0,0.0,0.0,0.0,236.0,81.0,731.0,103.0,1580.9333333333334,89.0
SAM,1988,2.5,0.2,9.2,-4.6,24.0,-28.5,0.0,0.0,0.0,0.0,218.0,54.0,724.9,102.0,1612.35,91.0
SAM,1989,2.2,-0.1,9.2,-4.7,24.1,-22.4,0.0,0.0,0.0,0.0,242.0,31.0,610.4,86.0,1807.4666666666667,102.0
SAM,1990,2.0,-0.3,8.9,-5.4,24.8,-26.9,0.0,0.0,0.0,0.0,250.0,61.0,688.0,97.0,1877.5833333333333,106.0
SAM,1991,1.2,-1.1,8.1,-5.7,26.8,-33.0,3.0,0.0,0.0,0.0,237.0,71.0,642.8,90.0,1838.6,104.0
SAM,1992,1.6,-0.7,8.5,-5.3,25.7,-30.5,1.0,0.0,0.0,0.0,232.0,66.0,731.7,103.0,1677.55,95.0
SAM,1993,1.8,-0.5,8.2,-5.0,24.4,-27.6,0.0,0.0,0.0,0.0,229.0,54.0,769.1,108.0,1657.65,94.0
SAM,1994,3.1,0.8,9.5,-3.7,25.9,-31.8,4.0,0.0,0.0,0.0,220.0,46.0,703.3,99.0,1647.3833333333334,93.0
SAM,1995,1.9,-0.4,8.3,-5.5,25.4,-31.5,2.0,0.0,0.0,0.0,236.0,65.0,548.1,77.0,1618.2166666666667,92.0
SAM,1996,1.4,-0.9,7.7,-5.7,23.0,-30.8,0.0,0.0,0.0,0.0,230.0,80.0,795.3,112.0,1704.85,96.0
SAM,1997,1.9,-0.4,8.9,-5.6,23.5,-29.5,0.0,0.0,0.0,0.0,242.0,55.0,670.6,94.0,1814.9666666666667,103.0
SAM,1998,1.9,-0.4,8.5,-5.3,26.7,-27.2,4.0,0.0,0.0,0.0,241.0,70.0,670.6,94.0,1793.75,102.0
SAM,1999,1.9,-0.4,8.1,-4.9,23.9,-34.5,0.0,0.0,0.0,0.0,219.0,72.0,830.0,117.0,1544.25,87.0
SAM,2000,2.4,0.1,8.7,-4.6,23.6,-29.3,0.0,0.0,0.0,0.0,226.0,56.0,973.1,137.0,1634.1,92.0
SAM,2001,2.2,-0.1,8.5,-4.7,24.7,-28.5,0.0,0.0,0.0,0.0,242.0,61.0,792.6,112.0,1686.3833333333334,95.0
SAM,2002,2.9,0.6,9.2,-3.7,25.4,-22.7,1.0,0.0,0.0,0.0,230.0,35.0,973.2,137.0,1616.05,91.0
SAM,2003,2.4,0.1,9.7,-5.2,27.4,-29.1,15.0,0.0,0.0,0.0,227.0,61.0,527.1,74.0,2083.45,118.0
SAM,2004,2.2,-0.1,8.5,-4.7,24.1,-29.1,0.0,0.0,0.0,0.0,227.0,70.0,593.2,84.0,1736.55,98.0
SAM,2005,1.5,-0.8,8.4,-5.8,26.0,-30.4,3.0,0.0,0.0,0.0,226.0,89.0,506.6,71.0,1852.25,105.0
SAM,2006,2.5,0.2,9.2,-4.8,26.2,-28.2,5.0,0.0,0.0,0.0,218.0,69.0,518.2,73.0,1921.0166666666667,109.0
SAM,2007,2.8,0.5,9.6,-4.3,24.2,-25.3,0.0,0.0,0.0,0.0,244.0,49.0,661.8,93.0,1916.0833333333333,108.0
SAM,2008,2.4,0.1,8.6,-4.0,23.9,-26.3,0.0,0.0,0.0,0.0,229.0,65.0,942.0,133.0,1723.0,97.0
SAM,2009,2.2,-0.1,8.7,-4.8,24.4,-31.6,0.0,0.0,0.0,0.0,230.0,83.0,658.0,93.0,1761.6333333333334,100.0
SAM,2010,1.5,-0.8,7.6,-5.0,27.4,-29.4,7.0,0.0,0.0,0.0,213.0,88.0,631.3,89.0,1604.6666666666667,91.0
SAM,2011,2.9,0.6,10.2,-4.0,26.0,-25.4,3.0,0.0,0.0,0.0,234.0,36.0,574.4,81.0,1987.9333333333334,112.0
SAM,2012,2.4,0.1,9.2,-4.5,27.8,-35.1,4.0,0.0,0.0,0.0,225.0,59.0,699.4,98.0,1863.2333333333333,105.0
SAM,2013,2.1,-0.2,8.5,-4.6,27.7,-27.2,5.0,0.0,0.0,0.0,223.0,67.0,640.2,90.0,1717.7166666666667,97.0
SAM,2014,3.2,0.9,9.1,-3.0,24.4,-23.9,0.0,0.0,0.0,0.0,212.0,37.0,956.8,135.0,1551.7833333333333,88.0
SAM,2015,3.4,1.1,10.6,-3.5,28.0,-24.1,16.0,0.0,0.0,0.0,226.0,41.0,625.7,88.0,1956.5333333333333,111.0
SAM,2016,2.8,0.5,9.5,-3.7,26.4,-27.6,4.0,0.0,0.0,0.0,217.0,37.0,749.7,106.0,1772.9166666666667,100.0
SAM,2017,2.6,0.3,9.7,-4.5,25.5,-26.2,5.0,0.0,0.0,0.0,238.0,59.0,709.9,100.0,1913.8833333333334,108.0
SAM,2018,3.1,0.8,9.9,-3.7,25.3,-29.1,1.0,0.0,0.0,0.0,204.0,59.0,664.9,94.0,1744.25,99.0
SAM,2019,2.8,0.5,9.4,-3.9,28.5,-27.4,8.0,0.0,0.0,0.0,206.0,50.0,815.3,115.0,1744.9666666666667,99.0
SAM,2020,3.0,0.7,10.0,-3.9,25.9,-24.3,4.0,0.0,0.0,0.0,228.0,45.0,733.6,103.0,1930.5166666666667,109.0
SAM,2021,1.7,-0.6,8.6,-5.3,24.5,-30.5,0.0,0.0,0.0,0.0,235.0,68.0,647.3,91.0,1834.6,104.0
SAM,2022,3.4,1.1,10.7,-3.7,26.3,-26.2,7.0,0.0,0.0,0.0,210.0,41.0,570.5,80.0,1997.9833333333333,113.0
SAM,2023,3.8,1.5,10.4,-2.8,27.7,-22.9,13.0,0.0,0.0,0.0,200.0,43.0,871.9,123.0,1744.9,99.0
SAM,2024,3.8,1.5,10.2,-2.5,26.4,-27.0,5.0,0.0,0.0,0.0,207.0,39.0,782.2,110.0,1589.4333333333334,90.0
SAM,2025,3.2,0.9,10.2,-3.5,26.9,-25.9,9.0,0.0,0.0,0.0,213.0,38.0,715.2,101.0,1830.0333333333333,104.0
SBE,1864,2.2,-1.9,,,,,,,,,,,,,,
SBE,1865,3.2,-0.9,,,,,,,,,,,,,,
SBE,1866,3.2,-0.9,,,,,,,,,,,,,,
SBE,1867,2.6,-1.5,,,,,,,,,,,,,,
SBE,1868,3.3,-0.8,,,,,,,,,,,,,,
SBE,1869,2.6,-1.5,,,,,,,,,,,,,,
SBE,1870,2.0,-2.1,,,,,,,,,,,,,,
SBE,1871,2.1,-2.0,,,,,,,,,,,,,,
SBE,1872,3.1,-1.0,,,,,,,,,,,,,,
SBE,1873,3.2,-0.9,,,,,,,,,,,,,,
SBE,1874,2.5,-1.6,,,,,,,,,,,,,,
SBE,1875,2.6,-1.5,,,,,,,,,,,,,,
SBE,1876,2.8,-1.3,,,,,,,,,,,,,,
SBE,1877,2.3,-1.8,,,,,,,,,,,,,,
SBE,1878,2.1,-2.0,,,,,,,,,,,,,,
SBE,1879,1.7,-2.4,,,,,,,,,,,,,,
SBE,1880,3.3,-0.8,,,,,,,,,,,,,,
SBE,1881,2.7,-1.4,,,,,,,,,,,,,,
SBE,1882,2.8,-1.3,,,,,,,,,,,,,,
SBE,1883,2.0,-2.1,,,,,,,,,,,,,,
SBE,1884,2.8,-1.3,,,,,,,,,,,,,,
SBE,1885,3.0,-1.1,,,,,,,,,,,,,,
SBE,1886,2.5,-1.6,,,,,,,,,,,,,,
SBE,1887,1.8,-2.3,,,,,,,,,,,,,,
SBE,1888,2.0,-2.1,,,,,,,,,,,,,,
SBE,1889,1.7,-2.4,,,,,,,,,,,,,,
SBE,1890,1.8,-2.3,,,,,,,,,,,,,,
SBE,1891,2.0,-2.1,,,,,,,,,,,,,,
SBE,1892,2.4,-1.7,,,,,,,,,,,,,,
SBE,1893,2.8,-1.3,,,,,,,,,,,,,,
SBE,1894,2.7,-1.4,,,,,,,,,,,,,,
SBE,1895,2.2,-1.9,,,,,,,,,,,,,,
SBE,1896,2.3,-1.8,,,,,,,,,,,,,,
SBE,1897,3.2,-0.9,,,,,,,,,,,,,,
SBE,1898,3.7,-0.4,,,,,,,,,,,,,,
SBE,1899,3.4,-0.7,,,,,,,,,,,,,,
SBE,1900,3.0,-1.1,,,,,,,,,,,,,,
SBE,1901,2.0,-2.1,,,,,,,,,,,1953.2,119.0,,
SBE,1902,2.6,-1.5,,,,,,,,,,,1590.7,97.0,,
SBE,1903,2.5,-1.6,,,,,,,,,,,1741.2,106.0,,
SBE,1904,3.3,-0.8,,,,,,,,,,,1230.9,75.0,,
SBE,1905,2.1,-2.0,,,,,,,,,,,1546.9,95.0,,
SBE,1906,2.5,-1.6,,,,,,,,,,,1299.4,79.0,,
SBE,1907,2.4,-1.7,,,,,,,,,,,1556.1,95.0,,
SBE,1908,2.7,-1.4,,,,,,,,,,,1356.7,83.0,,
SBE,1909,1.8,-2.3,,,,,,,,,,,1582.1,97.0,,
SBE,1910,1.9,-2.2,,,,,,,,,,,1652.3,101.0,,
SBE,1911,3.4,-0.7,,,,,,,,,,,1400.4,86.0,,
SBE,1912,2.3,-1.8,,,,,,,,,,,1419.0,87.0,,
SBE,1913,2.7,-1.4,,,,,,,,,,,1498.7,92.0,,
SBE,1914,2.6,-1.5,,,,,,,,,,,1626.6,99.0,,
SBE,1915,2.0,-2.1,,,,,,,,,,,1516.2,93.0,,
SBE,1916,2.5,-1.6,,,,,,,,,,,1953.2,119.0,,
SBE,1917,2.0,-2.1,,,,,,,,,,,1644.8,100.0,,
SBE,1918,3.0,-1.1,,,,,,,,,,,1691.7,103.0,,
SBE,1919,1.7,-2.4,,,,,,,,,,,1411.7,86.0,,
SBE,1920,3.8,-0.3,,,,,,,,,,,1709.8,104.0,,
SBE,1921,4.0,-0.1,,,,,,,,,,,956.1,58.0,,
SBE,1922,2.5,-1.6,,,,,,,,,,,2009.1,123.0,,
SBE,1923,3.1,-1.0,,,,,,,,,,,1741.5,106.0,,
SBE,1924,3.0,-1.1,,,,,,,,,,,1542.4,94.0,,
SBE,1925,2.6,-1.5,,,,,,,,,,,1639.5,100.0,,
SBE,1926,3.5,-0.6,,,,,,,,,,,2077.5,127.0,,
SBE,1927,3.4,-0.7,,,,,,,,,,,1884.0,115.0,,
SBE,1928,3.3,-0.8,,,,,,,,,,,2008.5,123.0,,
SBE,1929,2.8,-1.3,,,,,,,,,,,1410.2,86.0,,
SBE,1930,3.3,-0.8,,,,,,,,,,,1696.6,104.0,,
SBE,1931,2.4,-1.7,,,,,,,,,,,1749.5,107.0,,
SBE,1932,2.9,-1.2,,,,,,,,,,,1711.1,105.0,,
SBE,1933,2.4,-1.7,,,,,,,,,,,1373.1,84.0,,
SBE,1934,3.8,-0.3,,,,,,,,,,,1643.0,100.0,,
SBE,1935,2.4,-1.7,,,,,,,,,,,2001.3,122.0,,
SBE,1936,2.9,-1.2,,,,,,,,,,,1737.3,106.0,,
SBE,1937,3.0,-1.1,,,,,,,,,,,1684.1,103.0,,
SBE,1938,3.1,-1.0,,,,,,,,,,,1380.8,84.0,,
SBE,1939,2.6,-1.5,,,,,,,,,,,2163.1,132.0,,
SBE,1940,2.2,-1.9,,,,,,,,,,,1432.8,88.0,,
SBE,1941,1.9,-2.2,,,,,,,,,,,,,,
SBE,1942,3.0,-1.1,,,,,,,,,,,,,,
SBE,1943,3.6,-0.5,,,,,,,,,,,,,,
SBE,1944,2.1,-2.0,,,,,,,,,,,,,,
SBE,1945,3.3,-0.8,,,,,,,,,,,,,,
SBE,1946,3.4,-0.7,,,,,,,,,,,,,,
SBE,1947,4.2,0.1,,,,,,,,,,,,,,
SBE,1948,4.3,0.2,,,,,,,,,,,,,,
SBE,1949,4.2,0.1,,,,,,,,,,,,,,
SBE,1950,3.7,-0.4,,,,,,,,,,,,,,
SBE,1951,3.0,-1.1,,,,,,,,,,,,,,
SBE,1952,2.7,-1.4,,,,,,,,,,,,,,
SBE,1953,3.8,-0.3,,,,,,,,,,,,,,
SBE,1954,2.6,-1.5,,,,,,,,,,,,,,
SBE,1955,2.7,-1.4,,,,,,,,,,,1178.6,72.0,,
SBE,1956,1.7,-2.4,,,,,,,,,,,1542.6,94.0,,
SBE,1957,3.8,-0.3,,,,,,,,,,,1453.7,89.0,,
SBE,1958,3.4,-0.7,,,,,,,,,,,1656.6,101.0,,
SBE,1959,3.9,-0.2,,,,,,,,,,,1175.0,72.0,,
SBE,1960,2.7,-1.4,,,,,,,,,,,2185.6,134.0,,
SBE,1961,4.3,0.2,,,,,,,,,,,1355.8,83.0,,
SBE,1962,2.2,-1.9,,,,,,,,,,,1080.5,66.0,,
SBE,1963,2.6,-1.5,,,,,,,,,,,1980.4,121.0,,
SBE,1964,3.7,-0.4,,,,,,,,,,,1167.4,71.0,,
SBE,1965,2.1,-2.0,,,,,,,,,,,1542.2,94.0,,
SBE,1966,3.0,-1.1,,,,,,,,,,,1389.1,85.0,,
SBE,1967,3.3,-0.8,,,,,,,,,,,1763.9,108.0,,
SBE,1968,2.6,-1.5,7.2,-1.6,,-21.9,,,,0.0,198.0,,1938.5,118.0,,
SBE,1969,2.6,-1.5,6.9,-2.1,,-20.7,,,,0.0,199.0,,1497.8,92.0,,
SBE,1970,2.7,-1.4,7.0,-1.9,,-19.9,,,,0.0,209.0,,1490.6,91.0,1386.3333333333333,94.0
SBE,1971,3.2,-0.9,7.8,-1.3,,-22.2,,,,0.0,190.0,,1401.4,86.0,1588.3,108.0
SBE,1972,2.6,-1.5,6.9,-1.5,,-14.6,,,,0.0,225.0,,1414.6,86.0,1144.4333333333334,78.0
SBE,1973,3.2,-0.9,7.6,-1.1,,-19.3,,,,0.0,199.0,,1441.5,88.0,1446.1666666666667,98.0
SBE,1974,2.9,-1.2,6.9,-1.1,,-16.1,,,,0.0,223.0,,1554.6,95.0,1332.1166666666666,91.0
SBE,1975,3.2,-0.9,7.6,-1.0,,-16.6,,,,0.0,204.0,,1652.3,101.0,1365.1833333333334,93.0
SBE,1976,3.0,-1.1,7.4,-1.2,,-18.6,,,,0.0,203.0,,1681.2,103.0,1445.0,98.0
SBE,1977,2.8,-1.3,7.2,-1.3,,-18.4,,,,0.0,197.0,,2102.3,128.0,1240.2,84.0
SBE,1978,2.7,-1.4,7.2,-1.6,,-17.1,,,,0.0,208.0,,1610.2,98.0,1416.2833333333333,96.0
SBE,1979,2.7,-1.4,6.9,-1.4,,-20.4,,,,0.0,193.0,,1938.9,118.0,1288.2,88.0
SBE,1980,2.6,-1.5,6.8,-1.4,,-15.4,,,,0.0,205.0,,1388.3,85.0,1341.6333333333334,91.0
SBE,1981,3.3,-0.8,7.6,-1.0,,-16.2,,,,0.0,177.0,,2083.8,127.0,1317.6666666666667,90.0
SBE,1982,3.6,-0.5,7.9,-0.3,,-18.7,,,,0.0,188.0,,1766.0,108.0,1402.65,95.0
SBE,1983,3.9,-0.2,8.5,-0.2,,-15.8,,,,0.0,170.0,,1763.0,108.0,1368.3166666666666,93.0
SBE,1984,2.2,-1.9,6.6,-1.6,,-16.1,,,,0.0,206.0,,1813.9,111.0,1336.35,91.0
SBE,1985,2.9,-1.2,7.5,-1.3,,-24.6,,,,0.0,190.0,,1486.3,91.0,1439.0666666666666,98.0
SBE,1986,2.9,-1.2,7.4,-1.1,,-21.2,,,,0.0,188.0,,1785.2,109.0,1400.5666666666666,95.0
SBE,1987,3.4,-0.7,7.9,-0.7,,-24.5,,,,0.0,189.0,,1988.0,121.0,1358.3166666666666,92.0
SBE,1988,3.8,-0.3,8.0,-0.1,,-14.7,,,,0.0,170.0,,1769.6,108.0,1314.8,89.0
SBE,1989,4.3,0.2,9.1,0.1,,-12.6,,,,0.0,182.0,,1236.1,76.0,1582.3,108.0
SBE,1990,4.1,0.0,8.8,-0.2,,-15.1,,,,0.0,181.0,,1311.8,80.0,1491.6,101.0
SBE,1991,3.4,-0.7,7.9,-0.8,,-22.2,,,,0.0,208.0,,1394.0,85.0,1518.6333333333334,103.0
SBE,1992,4.2,0.1,8.6,0.2,,-15.0,,,,0.0,179.0,,1347.0,82.0,1395.4166666666667,95.0
SBE,1993,3.5,-0.6,7.9,-0.5,,-18.0,,,,0.0,183.0,,1763.8,108.0,1322.4666666666667,90.0
SBE,1994,4.6,0.5,9.0,0.6,,-16.4,,,,0.0,165.0,,1630.7,100.0,1414.3166666666666,96.0
SBE,1995,3.4,-0.7,7.9,-0.7,,-17.8,,,,0.0,182.0,,1265.2,77.0,1420.0666666666666,97.0
SBE,1996,2.9,-1.2,7.1,-1.0,,-18.9,,,,0.0,183.0,,1731.5,106.0,1354.5166666666667,92.0
SBE,1997,4.4,0.3,9.0,0.1,,-12.2,,,,0.0,187.0,,1543.0,94.0,1596.6333333333334,109.0
SBE,1998,3.8,-0.3,8.4,-0.4,,-16.9,,,,0.0,190.0,,1531.2,94.0,1542.55,105.0
SBE,1999,3.7,-0.4,8.0,-0.2,,-16.6,,,,0.0,175.0,,2285.0,140.0,1283.6,87.0
SBE,2000,4.0,-0.1,8.4,0.1,,-18.7,,,,0.0,179.0,,2177.5,133.0,1308.15,89.0
SBE,2001,3.6,-0.5,8.0,-0.5,,-19.0,,,,0.0,185.0,,1746.0,107.0,1478.9666666666667,101.0
SBE,2002,4.5,0.4,8.9,0.5,,-14.9,,,,0.0,187.0,,2078.5,127.0,1376.6666666666667,94.0
SBE,2003,4.4,0.3,9.3,0.0,,-18.3,,,,0.0,192.0,,1090.1,67.0,1689.6833333333334,115.0
SBE,2004,3.8,-0.3,8.2,-0.1,,-15.8,,,,0.0,181.0,,1296.9,79.0,1375.9833333333333,94.0
SBE,2005,3.3,-0.8,8.0,-0.8,,-21.7,,,,0.0,176.0,,870.4,53.0,1503.0,102.0
SBE,2006,4.2,0.1,8.9,0.0,,-16.8,,,,0.0,174.0,,1296.9,79.0,1447.15,98.0
SBE,2007,4.5,0.4,9.3,0.3,,-14.8,,,,0.0,163.0,,1264.6,77.0,1581.3166666666666,108.0
SBE,2008,4.0,-0.1,8.3,0.1,,-16.2,,,,0.0,186.0,,2104.7,129.0,1413.35,96.0
SBE,2009,4.1,0.0,8.4,0.2,,-16.5,,,,0.0,183.0,,1521.9,93.0,1486.5,101.0
SBE,2010,3.0,-1.1,7.1,-0.9,,-18.0,,,,0.0,178.0,,1709.2,104.0,1352.8666666666666,92.0
SBE,2011,5.0,0.9,9.8,0.9,,-15.1,,,,0.0,174.0,,1351.0,83.0,1669.2333333333333,114.0
SBE,2012,4.2,0.1,8.7,0.2,,-20.3,,,,0.0,166.0,,1726.4,105.0,1474.6,100.0
SBE,2013,3.9,-0.2,8.3,0.0,,-16.7,,,,0.0,171.0,,1869.4,114.0,1385.8833333333334,94.0
SBE,2014,4.4,0.3,8.6,0.5,,-15.6,,,,0.0,159.0,,2386.2,146.0,,
SBE,2015,5.1,1.0,10.0,0.8,,-14.1,,,,0.0,161.0,,1523.6,93.0,1639.6166666666666,112.0
SBE,2016,4.6,0.5,9.1,0.6,,-17.9,,,,0.0,171.0,,1650.5,101.0,1446.3333333333333,98.0
SBE,2017,4.6,0.5,9.5,0.3,,-14.9,,,,0.0,164.0,,1642.7,100.0,1634.4166666666667,111.0
SBE,2018,4.9,0.8,9.4,0.8,,-21.3,,,,0.0,158.0,,1659.1,101.0,1493.6666666666667,102.0
SBE,2019,4.7,0.6,9.2,0.7,,-14.7,,,,0.0,182.0,,2054.8,126.0,1518.6333333333334,103.0
SBE,2020,4.9,0.8,9.8,0.6,,-14.2,,,,0.0,186.0,,1580.7,97.0,1701.25,116.0
SBE,2021,4.0,-0.1,8.5,0.0,,-19.2,,,,0.0,188.0,,1476.4,90.0,1537.15,105.0
SBE,2022,5.6,1.5,10.4,1.3,,-14.4,,,,0.0,171.0,,1202.4,73.0,1764.8,120.0
SBE,2023,5.5,1.4,10.1,1.4,,-14.7,,,,0.0,167.0,,1879.9,115.0,1529.7333333333333,104.0
SBE,2024,5.4,1.3,9.8,1.6,,-12.8,,,,0.0,156.0,,1854.2,113.0,1303.05,89.0
SBE,2025,5.2,1.1,9.8,1.2,,-12.9,,,,0.0,163.0,,1891.8,116.0,1605.5833333333333,109.0
SIA,1864,0.2,-2.3,,,,,,,,,,,923.1,93.0,,
SIA,1865,1.1,-1.4,,,,,,,,,,,1020.2,103.0,,
SIA,1866,1.5,-1.0,,,,,,,,,,,936.1,94.0,,
SIA,1867,1.4,-1.1,,,,,,,,,,,1125.1,113.0,,
SIA,1868,1.8,-0.7,,,,,,,,,,,1108.6,112.0,,
SIA,1869,1.3,-1.2,,,,,,,,,,,877.1,88.0,,
SIA,1870,0.6,-1.9,5.6,-5.2,,,,,,,,,702.6,71.0,,
SIA,1871,0.1,-2.4,4.9,-6.1,,,,,,,,,748.4,75.0,,
SIA,1872,1.5,-1.0,7.0,-4.0,,,,,,,,,1688.5,170.0,,
SIA,1873,1.4,-1.1,7.0,-4.4,,,,,,,,,1056.5,106.0,,
SIA,1874,0.7,-1.8,6.4,-5.2,,,,,,,,,964.8,97.0,,
SIA,1875,0.7,-1.8,6.0,-5.3,,,,,,,,,817.1,82.0,,
SIA,1876,1.3,-1.2,6.4,-4.8,,,,,,,,,1009.3,102.0,,
SIA,1877,1.1,-1.4,5.6,-4.7,,,,,,,,,1007.6,101.0,,
SIA,1878,0.7,-1.8,5.7,-5.3,,,,,,,,,1236.4,124.0,,
SIA,1879,0.3,-2.2,5.3,-5.9,,,,,,,,,940.0,95.0,,
SIA,1880,1.7,-0.8,6.3,-4.2,,,,,,,,,971.4,98.0,,
SIA,1881,1.2,-1.3,6.0,-5.0,,,,,,,,,601.7,61.0,,
SIA,1882,1.1,-1.4,5.9,-4.8,,,,,,,,,1189.2,120.0,,
SIA,1883,0.5,-2.0,5.2,-5.7,,,,,,,,,758.1,76.0,,
SIA,1884,1.3,-1.2,6.4,-4.4,,,,,,,,,561.8,57.0,,
SIA,1885,1.3,-1.2,6.6,-4.9,,,,,,,,,890.4,90.0,,
SIA,1886,1.0,-1.5,5.6,-4.9,,,,,,,,,838.7,84.0,,
SIA,1887,-0.1,-2.6,4.8,-6.3,,,,,,,,,768.4,77.0,,
SIA,1888,0.3,-2.2,5.0,-5.7,,,,,,,,,1217.8,123.0,,
SIA,1889,0.5,-2.0,5.1,-5.5,,,,,,,,,925.3,93.0,,
SIA,1890,0.3,-2.2,5.0,-6.0,,,,,,,,,1003.9,101.0,,
SIA,1891,0.2,-2.3,5.1,-5.9,,,,,,,,,1164.7,117.0,,
SIA,1892,0.7,-1.8,5.7,-5.6,,,,,,,,,904.2,91.0,,
SIA,1893,1.2,-1.3,6.5,-4.9,,,,,,,,,685.3,69.0,,
SIA,1894,0.9,-1.6,6.4,-5.1,,,,,,,,,837.8,84.0,,
SIA,1895,0.8,-1.7,5.9,-5.3,,,,,,,,,891.7,90.0,,
SIA,1896,0.5,-2.0,5.1,-5.2,,,,,,,,,1373.0,138.0,,
SIA,1897,1.6,-0.9,7.0,-4.3,,,,,,,,,894.9,90.0,,
SIA,1898,1.8,-0.7,7.4,-4.0,,,,,,,,,1270.9,128.0,,
SIA,1899,1.7,-0.8,7.4,-4.7,,,,,,,,,726.5,73.0,,
SIA,1900,1.6,-0.9,7.2,-4.3,,,,,,,,,987.1,99.0,,
SIA,1901,0.4,-2.1,6.0,-5.6,,,,,,,,,1298.6,131.0,,
SIA,1902,0.9,-1.6,6.0,-4.9,,,,,,,,,1072.5,108.0,,
SIA,1903,0.6,-1.9,5.6,-5.4,,,,,,,,,1058.1,106.0,,
SIA,1904,1.4,-1.1,6.8,-4.8,,,,,,,,,974.4,98.0,,
SIA,1905,0.4,-2.1,6.1,-5.4,,,,,,,,,1092.2,110.0,,
SIA,1906,0.7,-1.8,6.3,-5.5,,,,,,,,,876.2,88.0,,
SIA,1907,1.3,-1.2,6.1,-4.8,,,,,,,,,907.6,91.0,,
SIA,1908,0.7,-1.8,6.4,-5.4,,,,,,,,,957.7,96.0,,
SIA,1909,0.5,-2.0,5.7,-5.4,,,,,,,,,924.8,93.0,,
SIA,1910,0.6,-1.9,5.8,-5.0,,,,,,,,,1053.4,106.0,,
SIA,1911,1.4,-1.1,6.9,-4.8,,,,,,,,,1194.4,120.0,,
SIA,1912,0.7,-1.8,6.1,-5.2,,,,,,,,,953.5,96.0,,
SIA,1913,1.3,-1.2,6.6,-4.7,,,,,,,,,938.1,94.0,,
SIA,1914,1.0,-1.5,6.3,-4.9,,,,,,,,,990.2,100.0,,
SIA,1915,0.9,-1.6,,-5.4,,,,,,,,,985.2,99.0,,
SIA,1916,1.2,-1.3,,-4.1,,,,,,,,,1477.9,149.0,,
SIA,1917,0.1,-2.4,,-5.7,,,,,,,,,1143.5,115.0,,
SIA,1918,1.0,-1.5,,-4.7,,,,,,,,,891.2,90.0,,
SIA,1919,0.0,-2.5,,-5.9,,,,,,,,,997.0,100.0,,
SIA,1920,1.9,-0.6,,-3.5,,,,,,,,,1145.6,115.0,,
SIA,1921,2.0,-0.5,,-3.9,,,,,,,,,510.4,51.0,,
SIA,1922,0.8,-1.7,,-4.9,,,,,,,,,1245.0,125.0,,
SIA,1923,1.4,-1.1,,-4.4,,,,,,,,,909.3,91.0,,
SIA,1924,1.1,-1.4,,-4.5,,,,,,,,,975.6,98.0,,
SIA,1925,0.9,-1.6,,-5.0,,,,,,,,,873.6,88.0,,
SIA,1926,1.8,-0.7,,-4.0,,,,,,,,,1323.3,133.0,,
SIA,1927,1.7,-0.8,,-4.7,,,,,,,,,1211.5,122.0,,
SIA,1928,1.6,-0.9,,-4.7,,,,,,,,,1025.3,103.0,,
SIA,1929,1.0,-1.5,,-5.1,,,,,,,,,738.4,74.0,,
SIA,1930,1.6,-0.9,,-4.2,,,,,,,,,764.1,77.0,,
SIA,1931,0.8,-1.7,,-4.6,,,,,,,,,1110.1,112.0,,
SIA,1932,1.1,-1.4,,-5.2,,,,,,,,,754.3,76.0,,
SIA,1933,0.7,-1.8,,-5.6,,,,,,,,,894.8,90.0,,
SIA,1934,1.7,-0.8,,-4.4,,,,,,,,,1004.5,101.0,,
SIA,1935,0.8,-1.7,,-4.7,,,,,,,,,1058.7,107.0,,
SIA,1936,1.3,-1.2,,-4.2,,,,,,,,,838.2,84.0,,
SIA,1937,1.4,-1.1,,-4.2,,,,,,,,,1204.1,121.0,,
SIA,1938,1.2,-1.3,,-4.5,,,,,,,,,745.4,75.0,,
SIA,1939,1.0,-1.5,,-4.4,,,,,,,,,1092.8,110.0,,
SIA,1940,0.5,-2.0,,-5.1,,,,,,,,,887.0,89.0,,
SIA,1941,0.5,-2.0,,-5.3,,,,,,,,,816.5,82.0,,
SIA,1942,1.5,-1.0,,,,,,,,,,,813.7,82.0,,
SIA,1943,1.9,-0.6,,,,,,,,,,,664.8,67.0,,
SIA,1944,0.8,-1.7,,,,,,,,,,,862.4,87.0,,
SIA,1945,1.7,-0.8,,,,,,,,,,,761.4,77.0,,
SIA,1946,1.7,-0.8,,,,,,,,,,,1098.9,111.0,,
SIA,1947,2.4,-0.1,,,,,,,,,,,959.6,97.0,,
SIA,1948,2.1,-0.4,,,,,,,,,,,998.6,100.0,,
SIA,1949,2.1,-0.4,,,,,,,,,,,782.3,79.0,,
SIA,1950,1.7,-0.8,,,,,,,,,,,950.7,96.0,,
SIA,1951,1.8,-0.7,,,,,,,,,,,1315.6,132.0,,
SIA,1952,1.4,-1.1,,,,,,,,,,,1094.3,110.0,,
SIA,1953,1.9,-0.6,,,,,,,,,,,802.5,81.0,,
SIA,1954,1.3,-1.2,,,,,,,,,,,1255.8,126.0,,
SIA,1955,1.4,-1.1,,,,,,,,,,,731.6,74.0,,
SIA,1956,0.2,-2.3,,,,,,,,,,,878.1,88.0,,
SIA,1957,1.7,-0.8,,,,,,,,,,,1025.6,103.0,,
SIA,1958,1.5,-1.0,,,,,,,,,,,1132.4,114.0,,
SIA,1959,1.9,-0.6,,,,,,,,,,,742.1,75.0,,
SIA,1960,1.1,-1.4,,,,,,,,,,,1615.0,162.0,,
SIA,1961,2.2,-0.3,,,,,,,,,,,748.2,75.0,,
SIA,1962,0.7,-1.8,,,,,,,,,,,738.6,74.0,,
SIA,1963,0.6,-1.9,,,,,,,,,,,1211.5,122.0,,
SIA,1964,2.0,-0.5,,,,,,,,,,,682.9,69.0,,
SIA,1965,0.6,-1.9,,,,,,,,,,,1014.0,102.0,,
SIA,1966,1.5,-1.0,,,,,,,,,,,1063.4,107.0,,
SIA,1967,1.5,-1.0,,,,,,,,,,,954.1,96.0,,
SIA,1968,1.0,-1.5,,,,,,,,,,,1157.0,116.0,,
SIA,1969,1.0,-1.5,,,,,,,,,,,824.3,83.0,,
SIA,1970,0.9,-1.6,,,,,,,,,,,966.1,97.0,,
SIA,1971,1.4,-1.1,,-4.1,,-27.4,,,,0.0,234.0,,830.7,84.0,,
SIA,1972,1.1,-1.4,,-4.0,,-22.2,,,,0.0,258.0,,791.8,80.0,,
SIA,1973,1.3,-1.2,,-4.2,,-22.8,,,,0.0,230.0,,856.4,86.0,,
SIA,1974,1.5,-1.0,,-3.8,,-19.1,,,,0.0,258.0,,785.9,79.0,,
SIA,1975,1.3,-1.2,,-4.0,,-20.2,,,,0.0,237.0,,1099.6,111.0,,
SIA,1976,1.1,-1.4,,-4.3,,-24.2,,,,0.0,241.0,,1073.6,108.0,,
SIA,1977,1.3,-1.2,,-4.0,,-24.5,,,,0.0,230.0,,1227.8,124.0,,
SIA,1978,1.1,-1.4,6.4,-4.6,20.7,-26.2,0.0,0.0,0.0,0.0,254.0,79.0,875.3,88.0,,
SIA,1979,1.1,-1.4,6.0,-4.5,20.1,-25.4,0.0,0.0,0.0,0.0,236.0,87.0,1392.8,140.0,,
SIA,1980,0.7,-1.8,5.7,-4.7,21.8,-25.2,0.0,0.0,0.0,0.0,249.0,91.0,820.5,83.0,,
SIA,1981,1.4,-1.1,6.5,-4.1,22.7,-25.0,0.0,0.0,0.0,0.0,226.0,92.0,1176.6,118.0,,
SIA,1982,1.9,-0.6,7.0,-3.5,24.3,-25.0,0.0,0.0,0.0,0.0,226.0,71.0,1094.7,110.0,,
SIA,1983,2.1,-0.4,7.5,-3.5,26.5,-24.8,6.0,0.0,0.0,0.0,220.0,65.0,997.1,100.0,,
SIA,1984,0.8,-1.7,5.8,-4.7,21.4,-22.7,0.0,0.0,0.0,0.0,259.0,95.0,885.1,89.0,,
SIA,1985,1.4,-1.1,6.7,-4.4,22.8,-28.3,0.0,0.0,0.0,0.0,235.0,77.0,1104.4,111.0,,
SIA,1986,1.5,-1.0,6.8,-4.0,22.6,-26.9,0.0,0.0,0.0,0.0,226.0,76.0,966.5,97.0,,
SIA,1987,1.8,-0.7,6.9,-3.7,22.6,-25.8,0.0,0.0,0.0,0.0,229.0,76.0,1096.2,110.0,,
SIA,1988,2.3,-0.2,7.2,-2.9,21.3,-21.9,0.0,0.0,0.0,0.0,212.0,64.0,1028.9,104.0,,
SIA,1989,2.5,0.0,8.0,-2.9,22.6,-21.0,0.0,0.0,0.0,0.0,235.0,39.0,920.5,93.0,,
SIA,1990,2.1,-0.4,7.6,-3.6,24.8,-20.3,0.0,0.0,0.0,0.0,226.0,67.0,970.9,98.0,,
SIA,1991,1.6,-0.9,7.0,-3.9,25.0,-29.7,1.0,0.0,0.0,0.0,238.0,62.0,822.4,83.0,,
SIA,1992,2.3,-0.2,7.5,-3.3,22.9,-25.0,0.0,0.0,0.0,0.0,220.0,63.0,1046.9,105.0,,
SIA,1993,2.1,-0.4,7.2,-3.2,23.1,-22.6,0.0,0.0,0.0,0.0,220.0,59.0,1098.4,111.0,,
SIA,1994,3.3,0.8,8.4,-2.2,24.8,-22.4,0.0,0.0,0.0,0.0,211.0,51.0,978.1,98.0,,
SIA,1995,2.1,-0.4,7.2,-3.4,24.3,-23.3,0.0,0.0,0.0,0.0,231.0,75.0,783.7,79.0,,
SIA,1996,1.6,-0.9,6.5,-3.7,22.0,-24.1,0.0,0.0,0.0,0.0,226.0,81.0,1059.8,107.0,,
SIA,1997,2.3,-0.2,8.0,-3.1,21.5,-22.9,0.0,0.0,0.0,0.0,217.0,44.0,916.0,92.0,,
SIA,1998,2.1,-0.4,7.5,-3.1,25.1,-20.5,1.0,0.0,0.0,0.0,225.0,67.0,932.3,94.0,,
SIA,1999,2.0,-0.5,7.1,-3.2,21.6,-22.8,0.0,0.0,0.0,0.0,214.0,81.0,1299.5,131.0,,
SIA,2000,2.4,-0.1,7.2,-2.6,21.8,-24.2,0.0,0.0,0.0,0.0,211.0,64.0,1607.0,162.0,,
SIA,2001,2.3,-0.2,7.2,-3.0,22.2,-25.0,0.0,0.0,0.0,0.0,224.0,68.0,1144.8,115.0,,
SIA,2002,2.9,0.4,7.7,-1.9,23.6,-19.2,0.0,0.0,0.0,0.0,214.0,45.0,1294.1,130.0,,
SIA,2003,2.7,0.2,8.2,-2.9,28.0,-24.3,3.0,0.0,0.0,0.0,209.0,70.0,714.8,72.0,,
SIA,2004,2.3,-0.2,7.3,-3.1,23.3,-22.2,0.0,0.0,0.0,0.0,213.0,73.0,789.1,79.0,,
SIA,2005,1.7,-0.8,7.2,-4.0,25.2,-28.3,1.0,0.0,0.0,0.0,221.0,78.0,708.0,71.0,,
SIA,2006,2.4,-0.1,7.9,-3.1,22.8,-24.3,0.0,0.0,0.0,0.0,205.0,72.0,753.5,76.0,,
SIA,2007,3.1,0.6,8.4,-2.5,26.4,-18.2,1.0,0.0,0.0,0.0,212.0,47.0,891.5,90.0,,
SIA,2008,2.4,-0.1,7.3,-3.1,22.2,-21.2,0.0,0.0,0.0,0.0,229.0,65.0,1387.5,140.0,,
SIA,2009,2.6,0.1,7.7,-2.9,22.4,-23.8,0.0,0.0,0.0,0.0,219.0,82.0,915.1,92.0,,
SIA,2010,1.6,-0.9,6.2,-3.5,24.4,-25.6,0.0,0.0,0.0,0.0,206.0,103.0,933.9,94.0,,
SIA,2011,3.3,0.8,8.7,-2.5,24.0,-21.9,0.0,0.0,0.0,0.0,215.0,51.0,858.1,86.0,,
SIA,2012,2.8,0.3,7.8,-2.9,25.1,-26.3,1.0,0.0,0.0,0.0,219.0,68.0,950.2,96.0,,
SIA,2013,2.3,-0.2,7.3,-3.1,24.6,-26.2,0.0,0.0,0.0,0.0,210.0,76.0,773.5,78.0,,
SIA,2014,3.0,0.5,7.6,-1.9,22.0,-24.2,0.0,,,,205.0,59.0,1211.4,122.0,,
SIA,2015,3.5,1.0,9.0,-1.8,25.7,-20.7,3.0,,,,207.0,48.0,878.2,88.0,,
SIA,2016,2.9,0.4,8.1,-2.2,23.9,-23.0,0.0,,,,208.0,55.0,939.6,95.0,,
SIA,2017,2.9,0.4,8.3,-2.8,23.9,-20.1,0.0,,,,224.0,68.0,944.6,95.0,,
SIA,2018,3.2,0.7,8.5,-2.3,24.0,-27.1,0.0,,,,187.0,70.0,989.4,100.0,,
SIA,2019,3.0,0.5,8.3,-2.4,27.8,-22.0,2.0,,,,206.0,54.0,1219.1,123.0,,
SIA,2020,3.2,0.7,8.6,-2.3,24.5,-18.7,0.0,,,,216.0,47.0,976.0,98.0,,
SIA,2021,2.1,-0.4,7.4,-3.5,22.6,-25.1,0.0,,,,228.0,73.0,943.2,95.0,,
SIA,2022,3.7,1.2,9.4,-2.1,24.9,-22.3,0.0,,,,198.0,51.0,698.2,70.0,,
SIA,2023,4.0,1.5,9.1,-1.3,26.2,-18.3,3.0,,,,182.0,44.0,1096.7,110.0,,
SIA,2024,3.9,1.4,9.0,-1.2,24.8,-21.7,0.0,,,,194.0,42.0,1109.7,112.0,,
SIA,2025,3.5,1.0,9.0,-1.8,25.9,-17.8,3.0,,,,194.0,42.0,958.3,96.0,,
SIO,1864,7.9,-2.8,,,,,,,,,,,404.1,69.0,,
SIO,1865,9.2,-1.5,,,,,,,,,,,435.8,75.0,,
SIO,1866,9.0,-1.7,,,,,,,,,,,820.6,141.0,,
SIO,1867,8.6,-2.1,,,,,,,,,,,723.0,124.0,,
SIO,1868,9.2,-1.5,,,,,,,,,,,545.3,94.0,,
SIO,1869,8.6,-2.1,,,,,,,,,,,444.1,76.0,,
SIO,1870,8.1,-2.6,,,,,,,,,,,500.2,86.0,,
SIO,1871,7.5,-3.2,,,,,,,,,,,515.6,88.0,,
SIO,1872,9.0,-1.7,,,,,,,,,,,920.1,158.0,,
SIO,1873,8.7,-2.0,,,,,,,,,,,707.8,121.0,,
SIO,1874,8.5,-2.2,,,,,,,,,,,660.7,113.0,,
SIO,1875,8.3,-2.4,,,,,,,,,,,690.3,118.0,,
SIO,1876,8.8,-1.9,,,,,,,,,,,744.8,128.0,,
SIO,1877,8.7,-2.0,,,,,,,,,,,686.5,118.0,,
SIO,1878,7.9,-2.8,,,,,,,,,,,610.3,105.0,,
SIO,1879,7.3,-3.4,,,,,,,,,,,641.3,110.0,,
SIO,1880,8.9,-1.8,,,,,,,,,,,492.6,84.0,,
SIO,1881,8.6,-2.1,,,,,,,,,,,490.3,84.0,,
SIO,1882,8.4,-2.3,,,,,,,,,,,695.1,119.0,,
SIO,1883,8.2,-2.5,,,,,,,,,,,417.1,72.0,,
SIO,1884,8.8,-1.9,,,,,,,,,,,351.8,60.0,,
SIO,1885,8.2,-2.5,,,,,,,,,,,492.9,85.0,,
SIO,1886,8.4,-2.3,,,,,,,,,,,348.2,60.0,,
SIO,1887,7.3,-3.4,,,,,,,,,,,436.5,75.0,,
SIO,1888,7.6,-3.1,,,,,,,,,,,481.9,83.0,,
SIO,1889,7.2,-3.5,,,,,,,,,,,436.4,75.0,,
SIO,1890,7.5,-3.2,,,,,,,,,,,524.7,90.0,,
SIO,1891,7.5,-3.2,,,,,,,,,,,758.4,130.0,,
SIO,1892,8.5,-2.2,,,,,,,,,,,415.8,71.0,,
SIO,1893,8.7,-2.0,,,,,,,,,,,434.3,74.0,,
SIO,1894,8.6,-2.1,,,,,,,,,,,331.0,57.0,,
SIO,1895,8.0,-2.7,,,,,,,,,,,738.3,127.0,,
SIO,1896,7.5,-3.2,,,,,,,,,,,758.6,130.0,,
SIO,1897,8.6,-2.1,,,,,,,,,,,707.7,121.0,,
SIO,1898,9.1,-1.6,,,,,,,,,,,428.2,73.0,,
SIO,1899,9.1,-1.6,,,,,,,,,,,475.7,82.0,,
SIO,1900,9.1,-1.6,,,,,,,,,,,660.3,113.0,,
SIO,1901,7.9,-2.8,,,,,,,,,,,500.6,86.0,1941.9166666666667,90.0
SIO,1902,8.2,-2.5,,,,,,,,,,,544.2,93.0,1972.3,91.0
SIO,1903,8.4,-2.3,,,,,,,,,,,449.6,77.0,1949.0333333333333,90.0
SIO,1904,8.6,-2.1,,,,,,,,,,,520.3,89.0,1963.2333333333333,91.0
SIO,1905,7.9,-2.8,,,,,,,,,,,598.4,103.0,2015.1166666666666,93.0
SIO,1906,8.5,-2.2,,,,,,,,,,,342.3,59.0,2059.983333333333,95.0
SIO,1907,8.1,-2.6,,,,,,,,,,,504.1,86.0,1908.9833333333333,88.0
SIO,1908,8.2,-2.5,,,,,,,,,,,414.4,71.0,2158.45,100.0
SIO,1909,7.8,-2.9,,,,,,,,,,,518.0,89.0,2078.766666666667,96.0
SIO,1910,8.2,-2.5,,,,,,,,,,,691.9,119.0,1913.55,89.0
SIO,1911,9.3,-1.4,,,,,,,,,,,396.1,68.0,2203.266666666667,102.0
SIO,1912,8.2,-2.5,,,,,,,,,,,585.7,100.0,1783.0333333333333,83.0
SIO,1913,8.9,-1.8,,,,,,,,,,,403.7,69.0,1898.0333333333333,88.0
SIO,1914,8.2,-2.5,,,,,,,,,,,738.6,127.0,1952.7166666666667,90.0
SIO,1915,8.2,-2.5,,,,,,,,,,,523.0,90.0,1923.0666666666666,89.0
SIO,1916,8.5,-2.2,,,,,,,,,,,611.2,105.0,1857.65,86.0
SIO,1917,7.7,-3.0,,,,,,,,,,,486.5,83.0,2055.9666666666667,95.0
SIO,1918,8.6,-2.1,,,,,,,,,,,659.9,113.0,2177.766666666667,101.0
SIO,1919,8.2,-2.5,,,,,,,,,,,604.6,104.0,2126.7833333333333,99.0
SIO,1920,9.8,-0.9,,,,,,,,,,,379.9,65.0,2047.4833333333333,95.0
SIO,1921,9.9,-0.8,,,,,,,,,,,243.2,42.0,2394.5666666666666,111.0
SIO,1922,8.0,-2.7,,,,,,,,,,,887.9,152.0,1848.4333333333334,86.0
SIO,1923,8.9,-1.8,,,,,,,,,,,603.3,103.0,1985.6,92.0
SIO,1924,8.4,-2.3,,,,,,,,,,,464.2,80.0,2123.0833333333335,98.0
SIO,1925,8.5,-2.2,,,,,,,,,,,486.9,84.0,2080.75,96.0
SIO,1926,9.2,-1.5,,,,,,,,,,,645.0,111.0,2054.3,95.0
SIO,1927,8.8,-1.9,,,,,,,,,,,621.5,107.0,1926.5666666666666,89.0
SIO,1928,9.4,-1.3,,,,,,,,,,,651.2,112.0,2057.616666666667,95.0
SIO,1929,8.7,-2.0,,,,,,,,,,,493.3,85.0,2271.0,105.0
SIO,1930,9.4,-1.3,,,,,,,,,,,710.1,122.0,1824.1166666666666,85.0
SIO,1931,8.1,-2.6,,,,,,,,,,,572.3,98.0,1990.4333333333334,92.0
SIO,1932,8.7,-2.0,,,,,,,,,,,497.3,85.0,1949.5,90.0
SIO,1933,8.8,-1.9,,,,,,,,,,,410.8,70.0,2122.4166666666665,98.0
SIO,1934,9.4,-1.3,,,,,,,,,,,485.1,83.0,2204.2,102.0
SIO,1935,8.9,-1.8,,,,,,,,,,,747.7,128.0,1996.85,93.0
SIO,1936,9.1,-1.6,,,,,,,,,,,572.2,98.0,1807.0666666666666,84.0
SIO,1937,9.5,-1.2,,,,,,,,,,,546.7,94.0,1867.2333333333333,87.0
SIO,1938,9.2,-1.5,,,,,,,,,,,462.2,79.0,2127.233333333333,99.0
SIO,1939,8.9,-1.8,,,,,,,,,,,542.6,93.0,1724.05,80.0
SIO,1940,8.1,-2.6,,,,,,,,,,,718.4,123.0,1958.5666666666666,91.0
SIO,1941,8.2,-2.5,,,,,,,,,,,401.2,69.0,2033.1,94.0
SIO,1942,9.0,-1.7,,,,,,,,,,,447.0,77.0,2058.4666666666667,95.0
SIO,1943,9.9,-0.8,,,,,,,,,,,441.2,76.0,2230.1,103.0
SIO,1944,8.5,-2.2,,,,,,,,,,,733.2,126.0,2075.7,96.0
SIO,1945,9.4,-1.3,,,,,,,,,,,520.0,89.0,2315.9,107.0
SIO,1946,9.2,-1.5,,,,,,,,,,,566.2,97.0,2008.55,93.0
SIO,1947,10.3,-0.4,,,,,,,,,,,521.1,89.0,2174.4666666666667,101.0
SIO,1948,9.7,-1.0,,,,,,,,,,,487.6,84.0,2159.4666666666667,100.0
SIO,1949,10.0,-0.7,,,,,,,,,,,407.2,70.0,2373.483333333333,110.0
SIO,1950,9.6,-1.1,,,,,,,,,,,627.9,108.0,2140.9,99.0
SIO,1951,9.4,-1.3,,,,,,,,,,,563.3,97.0,2034.6833333333334,94.0
SIO,1952,9.2,-1.5,,,,,,,,,,,829.9,142.0,2104.95,98.0
SIO,1953,9.1,-1.6,,,,,,,,,,,338.9,58.0,2272.366666666667,105.0
SIO,1954,8.7,-2.0,,,,,,,,,,,677.4,116.0,1990.85,92.0
SIO,1955,9.0,-1.7,,,,,,,,,,,684.1,117.0,2085.7166666666667,97.0
SIO,1956,7.9,-2.8,,,,,,,,,,,491.9,84.0,1993.0333333333333,92.0
SIO,1957,9.1,-1.6,,,,,,,,,,,579.1,99.0,2134.133333333333,99.0
SIO,1958,9.0,-1.7,14.4,,,,,,,,,,633.6,109.0,1992.3833333333334,92.0
SIO,1959,10.1,-0.6,16.1,4.5,32.0,-11.2,69.0,6.0,,0.0,97.0,6.0,548.2,94.0,2274.3166666666666,105.0
SIO,1960,9.5,-1.2,14.9,4.6,30.2,-13.3,31.0,2.0,,0.0,82.0,11.0,618.0,106.0,1992.0166666666667,92.0
SIO,1961,10.0,-0.7,15.9,4.7,31.4,-12.7,53.0,7.0,,0.0,96.0,10.0,610.6,105.0,2211.383333333333,102.0
SIO,1962,8.7,-2.0,14.5,3.5,33.9,-17.7,65.0,13.0,,0.0,117.0,17.0,536.8,92.0,2304.133333333333,107.0
SIO,1963,8.4,-2.3,14.0,3.6,32.7,-18.1,46.0,9.0,,0.0,94.0,36.0,547.0,94.0,2018.2,94.0
SIO,1964,9.2,-1.5,15.1,4.2,35.2,-13.5,65.0,16.0,,0.0,113.0,16.0,431.5,74.0,2067.75,96.0
SIO,1965,8.3,-2.4,13.8,3.9,35.3,-11.6,38.0,8.0,,0.0,100.0,13.0,833.3,143.0,1886.75,87.0
SIO,1966,9.4,-1.3,15.0,4.4,32.6,-20.1,51.0,12.0,,0.0,77.0,17.0,588.9,101.0,1995.1833333333334,92.0
SIO,1967,9.5,-1.2,15.4,4.1,34.3,-13.1,61.0,12.0,,0.0,103.0,17.0,527.6,90.0,2145.3,99.0
SIO,1968,9.3,-1.4,14.9,4.3,36.3,-20.2,38.0,10.0,,0.0,95.0,14.0,671.1,115.0,2051.9333333333334,95.0
SIO,1969,8.8,-1.9,14.4,3.8,31.8,-14.6,48.0,9.0,,0.0,111.0,27.0,525.3,90.0,2028.9,94.0
SIO,1970,9.0,-1.7,14.5,4.0,32.0,-12.9,57.0,11.0,0.0,0.0,106.0,17.0,669.7,115.0,2011.2833333333333,93.0
SIO,1971,9.1,-1.6,15.0,4.1,34.1,-15.2,53.0,17.0,0.0,0.0,116.0,14.0,539.3,93.0,2248.6666666666665,104.0
SIO,1972,9.2,-1.5,15.0,4.5,32.6,-10.1,37.0,10.0,0.0,0.0,71.0,4.0,427.2,73.0,1961.75,91.0
SIO,1973,8.8,-1.9,14.7,4.2,32.2,-17.4,66.0,8.0,0.0,0.0,122.0,10.0,505.1,87.0,2097.133333333333,97.0
SIO,1974,9.3,-1.4,15.1,4.8,34.6,-9.3,53.0,7.0,0.0,0.0,71.0,2.0,717.2,123.0,1915.0666666666666,89.0
SIO,1975,9.3,-1.4,15.2,4.8,33.1,-7.7,55.0,12.0,0.0,0.0,96.0,5.0,431.9,74.0,2071.883333333333,96.0
SIO,1976,9.4,-1.3,15.6,4.6,33.0,-11.9,69.0,19.0,0.0,0.0,104.0,15.0,487.8,84.0,2195.25,102.0
SIO,1977,9.4,-1.3,14.9,5.0,30.5,-10.1,38.0,1.0,0.0,0.0,75.0,3.0,686.8,118.0,1804.4333333333334,84.0
SIO,1978,8.2,-2.5,14.4,3.8,30.3,-13.6,37.0,1.0,0.0,0.0,97.0,6.0,613.0,105.0,1890.4666666666667,88.0
SIO,1979,9.0,-1.7,15.0,4.7,30.9,-19.6,53.0,4.0,0.0,0.0,88.0,8.0,697.0,120.0,1994.2166666666667,92.0
SIO,1980,8.2,-2.5,14.1,4.1,30.9,-13.2,40.0,1.0,0.0,0.0,106.0,18.0,647.6,111.0,1830.3833333333334,85.0
SIO,1981,9.2,-1.5,15.1,4.4,32.3,-14.0,55.0,11.0,0.0,0.0,94.0,8.0,704.1,121.0,1811.0166666666667,84.0
SIO,1982,9.8,-0.9,15.7,4.4,31.1,-8.1,63.0,8.0,0.0,0.0,94.0,2.0,595.6,102.0,2043.6,95.0
SIO,1983,9.5,-1.2,15.5,4.2,37.0,-13.6,65.0,18.0,3.0,0.0,109.0,6.0,580.4,100.0,1914.7833333333333,89.0
SIO,1984,8.9,-1.8,15.2,4.0,34.6,-9.5,57.0,10.0,0.0,0.0,97.0,4.0,493.9,85.0,2001.1833333333334,93.0
SIO,1985,8.7,-2.0,14.9,3.7,33.2,-18.8,71.0,10.0,0.0,0.0,112.0,19.0,649.0,111.0,2137.75,99.0
SIO,1986,9.4,-1.3,15.4,4.5,35.0,-15.8,62.0,15.0,1.0,0.0,110.0,9.0,631.8,108.0,1986.8666666666666,92.0
SIO,1987,9.3,-1.4,14.9,4.6,32.3,-14.6,55.0,11.0,0.0,0.0,103.0,13.0,617.2,106.0,1828.7833333333333,85.0
SIO,1988,10.1,-0.6,16.0,5.5,34.1,-8.6,67.0,18.0,0.0,0.0,82.0,2.0,639.9,110.0,1949.3333333333333,90.0
SIO,1989,9.9,-0.8,16.6,4.8,34.5,-11.1,87.0,11.0,0.0,0.0,86.0,2.0,435.2,75.0,2253.0666666666666,104.0
SIO,1990,10.2,-0.5,16.5,5.2,34.1,-11.5,61.0,18.0,0.0,0.0,79.0,5.0,892.0,153.0,2201.3166666666666,102.0
SIO,1991,9.7,-1.0,15.7,4.3,33.0,-13.3,84.0,15.0,0.0,0.0,106.0,14.0,533.6,92.0,2273.35,105.0
SIO,1992,10.2,-0.5,15.9,5.2,34.8,-8.6,73.0,22.0,0.0,0.0,87.0,5.0,720.3,124.0,1960.4,91.0
SIO,1993,10.3,-0.4,15.9,5.5,33.5,-11.3,66.0,14.0,0.0,0.0,107.0,7.0,619.0,106.0,2031.55,94.0
SIO,1994,11.1,0.4,16.8,6.2,33.1,-8.5,76.0,23.0,0.0,0.0,61.0,1.0,671.0,115.0,2013.3833333333334,93.0
SIO,1995,10.2,-0.5,15.9,5.3,33.9,-10.0,63.0,14.0,0.0,0.0,94.0,9.0,756.7,130.0,2103.4166666666665,97.0
SIO,1996,9.9,-0.8,15.6,5.0,32.4,-7.9,55.0,9.0,0.0,0.0,98.0,8.0,554.6,95.0,2098.016666666667,97.0
SIO,1997,10.6,-0.1,16.6,5.4,31.6,-6.7,62.0,4.0,0.0,0.0,81.0,0.0,551.0,95.0,2263.4666666666667,105.0
SIO,1998,10.2,-0.5,16.2,5.0,34.8,-9.5,71.0,22.0,0.0,0.0,107.0,1.0,486.3,83.0,2145.8166666666666,99.0
SIO,1999,10.1,-0.6,15.6,5.4,31.9,-15.9,68.0,10.0,0.0,0.0,98.0,10.0,786.7,135.0,1928.9,89.0
SIO,2000,10.8,0.1,16.7,5.6,34.5,-10.3,79.0,15.0,0.0,0.0,74.0,5.0,515.8,88.0,2059.8166666666666,95.0
SIO,2001,10.3,-0.4,16.0,5.4,32.8,-12.2,61.0,14.0,0.0,0.0,85.0,11.0,649.9,111.0,2059.9,95.0
SIO,2002,10.9,0.2,16.6,6.0,33.9,-11.1,61.0,13.0,0.0,1.0,56.0,3.0,689.7,118.0,2014.4666666666667,93.0
SIO,2003,11.3,0.6,17.8,5.8,37.6,-9.8,99.0,50.0,11.0,0.0,92.0,6.0,426.6,73.0,2466.516666666667,114.0
SIO,2004,10.4,-0.3,16.4,5.3,35.2,-10.3,77.0,15.0,1.0,0.0,104.0,3.0,477.0,82.0,2190.05,101.0
SIO,2005,9.8,-0.9,15.6,4.9,35.6,-16.0,72.0,17.0,1.0,0.0,113.0,25.0,499.6,86.0,2252.983333333333,104.0
SIO,2006,10.6,-0.1,16.6,6.0,35.9,-11.9,80.0,25.0,1.0,1.0,90.0,5.0,604.4,104.0,2167.15,100.0
SIO,2007,10.8,0.1,16.6,6.1,34.2,-8.1,63.0,7.0,0.0,0.0,71.0,2.0,757.4,130.0,2256.6,105.0
SIO,2008,10.8,0.1,16.4,6.1,32.7,-8.9,69.0,16.0,0.0,0.0,83.0,4.0,561.3,96.0,2163.983333333333,100.0
SIO,2009,10.7,0.0,16.6,5.9,35.5,-10.8,82.0,29.0,2.0,0.0,82.0,11.0,516.0,89.0,2200.95,102.0
SIO,2010,10.1,-0.6,15.7,5.5,35.6,-11.1,62.0,22.0,1.0,0.0,95.0,17.0,480.0,82.0,2056.516666666667,95.0
SIO,2011,11.1,0.4,17.7,5.8,36.3,-9.1,89.0,20.0,1.0,0.0,98.0,4.0,484.5,83.0,2426.5333333333333,112.0
SIO,2012,10.7,0.0,16.5,6.0,36.4,-13.6,83.0,17.0,2.0,0.0,84.0,18.0,614.7,105.0,2211.9,102.0
SIO,2013,10.1,-0.6,15.8,5.5,36.6,-9.3,73.0,24.0,2.0,1.0,103.0,3.0,567.7,97.0,2066.8166666666666,96.0
SIO,2014,11.5,0.8,17.4,6.7,35.5,-11.6,57.0,13.0,1.0,0.0,54.0,2.0,529.7,91.0,2021.55,94.0
SIO,2015,11.2,0.5,17.4,6.1,37.2,-9.0,78.0,40.0,7.0,5.0,93.0,1.0,500.1,86.0,2249.25,104.0
SIO,2016,10.9,0.2,16.8,6.1,34.2,-7.6,74.0,26.0,0.0,1.0,82.0,1.0,586.5,101.0,2085.983333333333,97.0
SIO,2017,11.1,0.4,17.2,5.9,36.3,-12.1,92.0,35.0,2.0,2.0,89.0,13.0,565.3,97.0,2230.65,103.0
SIO,2018,12.1,1.4,18.1,7.2,35.6,-9.6,115.0,41.0,3.0,1.0,73.0,2.0,633.1,109.0,2270.6666666666665,105.0
SIO,2019,11.5,0.8,17.6,6.5,37.4,-6.3,84.0,32.0,8.0,0.0,84.0,0.0,607.5,104.0,2190.95,102.0
SIO,2020,11.5,0.8,17.7,6.0,36.0,-6.3,88.0,23.0,1.0,0.0,85.0,0.0,545.0,93.0,2278.65,106.0
SIO,2021,10.3,-0.4,16.3,4.7,33.3,-11.9,67.0,12.0,0.0,0.0,90.0,7.0,695.7,119.0,2180.7833333333333,101.0
SIO,2022,12.2,1.5,18.5,6.1,36.8,-9.1,103.0,49.0,6.0,1.0,86.0,0.0,486.1,83.0,2400.383333333333,111.0
SIO,2023,11.8,1.1,17.8,6.2,37.6,-13.0,103.0,38.0,7.0,0.0,85.0,6.0,822.1,141.0,2181.883333333333,101.0
SIO,2024,11.7,1.0,17.6,6.4,34.7,-7.6,78.0,30.0,0.0,0.0,75.0,0.0,635.1,109.0,1965.15,91.0
SIO,2025,11.7,1.0,17.9,6.0,36.1,-8.3,86.0,36.0,3.0,0.0,81.0,1.0,582.9,100.0,2289.6833333333334,106.0
SMA,1864,6.7,-3.1,,,,,,,,,,,649.9,59.0,,
SMA,1865,8.4,-1.4,,,,,,,,,,,668.2,60.0,,
SMA,1866,8.8,-1.0,,,,,,,,,,,1206.8,109.0,,
SMA,1867,8.1,-1.7,,,,,,,,,,,1301.9,118.0,,
SMA,1868,9.2,-0.6,,,,,,,,,,,856.1,77.0,,
SMA,1869,8.2,-1.6,,,,,,,,,,,975.1,88.0,,
SMA,1870,7.4,-2.4,,,,,,,,,,,812.9,73.0,,
SMA,1871,6.9,-2.9,,,,,,,,,,,772.3,70.0,,
SMA,1872,8.8,-1.0,,,,,,,,,,,1177.4,106.0,,
SMA,1873,8.4,-1.4,,,,,,,,,,,1043.8,94.0,,
SMA,1874,7.9,-1.9,,,,,,,,,,,884.3,80.0,,
SMA,1875,8.0,-1.8,,,,,,,,,,,1101.4,99.0,,
SMA,1876,8.3,-1.5,,,,,,,,,,,1605.3,145.0,,
SMA,1877,8.5,-1.3,,,,,,,,,,,933.2,84.0,,
SMA,1878,7.6,-2.2,,,,,,,,,,,1164.0,105.0,,
SMA,1879,6.5,-3.3,,,,,,,,,,,1011.1,91.0,,
SMA,1880,8.4,-1.4,,,,,,,,,,,979.5,88.0,,
SMA,1881,7.9,-1.9,,,,,,,,,,,954.0,86.0,,
SMA,1882,8.1,-1.7,12.1,4.0,,,,,,,,,1166.9,105.0,,
SMA,1883,7.7,-2.1,12.6,3.7,,,,,,,,,924.2,83.0,,
SMA,1884,8.4,-1.4,13.2,4.2,,,,,,,,,821.0,74.0,1683.75,99.0
SMA,1885,8.0,-1.8,12.7,3.6,,,,,,,,,1039.7,94.0,1828.4333333333334,108.0
SMA,1886,8.1,-1.7,12.6,3.9,,,,,,,,,1098.8,99.0,1750.7333333333333,103.0
SMA,1887,6.7,-3.1,11.5,2.5,,,,,,,,,862.3,78.0,1845.5833333333333,109.0
SMA,1888,7.0,-2.8,10.9,3.2,,,,,,,,,1244.2,112.0,1593.25,94.0
SMA,1889,7.1,-2.7,11.6,3.7,,,,,,,,,974.4,88.0,1448.1333333333334,85.0
SMA,1890,6.8,-3.0,11.0,3.2,,,,,,,,,935.8,84.0,1779.35,105.0
SMA,1891,7.0,-2.8,11.6,2.8,,,,,,,,,1193.5,108.0,1859.3333333333333,110.0
SMA,1892,8.0,-1.8,12.3,4.0,,,,,,,,,1007.4,91.0,1742.6166666666666,103.0
SMA,1893,8.2,-1.6,12.7,3.8,,,,,,,,,801.6,72.0,2091.0666666666666,123.0
SMA,1894,8.0,-1.8,13.2,4.0,,,,,,,,,974.3,88.0,1790.1,106.0
SMA,1895,7.6,-2.2,12.6,3.3,,,,,,,,,880.8,80.0,2004.55,118.0
SMA,1896,7.3,-2.5,11.2,3.7,,,,,,,,,1107.0,100.0,1486.8833333333334,88.0
SMA,1897,8.3,-1.5,12.6,4.5,,,,,,,,,1108.8,100.0,1506.5666666666666,89.0
SMA,1898,8.6,-1.2,13.0,4.6,,,,,,,,,1022.7,92.0,1639.5,97.0
SMA,1899,8.5,-1.3,13.4,3.9,,,,,,,,,856.7,77.0,1925.4333333333334,114.0
SMA,1900,8.6,-1.2,13.0,4.6,,,,,,,,,1033.3,93.0,1637.05,97.0
SMA,1901,7.5,-2.3,11.9,3.4,,,,,,,,,997.1,90.0,1705.0,101.0
SMA,1902,7.7,-2.1,11.8,3.8,,,,,,,,,1136.9,103.0,1512.2,89.0
SMA,1903,7.9,-1.9,12.5,3.9,,,,,,,,,991.1,89.0,1653.9,98.0
SMA,1904,8.6,-1.2,13.1,4.5,,,,,,,,,934.1,84.0,1580.4333333333334,93.0
SMA,1905,7.8,-2.0,12.2,4.0,,,,,,,,,1251.8,113.0,1655.65,98.0
SMA,1906,8.1,-1.7,13.0,3.9,,,,,,,,,919.3,83.0,1873.8666666666666,111.0
SMA,1907,7.9,-1.9,12.5,3.9,,,,,,,,,938.2,85.0,1715.9,101.0
SMA,1908,7.5,-2.3,11.9,3.6,,,,,,,,,975.9,88.0,1714.2666666666667,101.0
SMA,1909,7.4,-2.4,11.9,3.4,,,,,,,,,1016.8,92.0,1831.35,108.0
SMA,1910,8.0,-1.8,12.3,4.2,,,,,,,,,1446.3,131.0,1570.5,93.0
SMA,1911,9.0,-0.8,13.8,4.4,,,,,,,,,728.5,66.0,2073.866666666667,122.0
SMA,1912,7.8,-2.0,12.0,3.8,,,,,,,,,1150.9,104.0,1556.0833333333333,92.0
SMA,1913,8.3,-1.5,12.7,4.5,,,,,,,,,977.6,88.0,1568.35,93.0
SMA,1914,7.8,-2.0,12.3,3.9,,,,,,,,,1120.5,101.0,1606.3,95.0
SMA,1915,7.9,-1.9,12.1,4.2,,,,,,,,,1068.9,96.0,1491.1333333333334,88.0
SMA,1916,8.4,-1.4,12.6,4.7,,,,,,,,,1219.5,110.0,1471.0333333333333,87.0
SMA,1917,7.4,-2.4,11.7,3.7,,,,,,,,,1078.8,97.0,1637.7333333333333,97.0
SMA,1918,8.1,-1.7,12.8,4.2,,,,,,,,,999.5,90.0,1712.4,101.0
SMA,1919,7.6,-2.2,12.2,3.7,,,,,,,,,1032.1,93.0,1703.75,101.0
SMA,1920,8.6,-1.2,13.4,4.8,,,,,,,,,726.5,66.0,1575.9833333333333,93.0
SMA,1921,9.0,-0.8,14.1,4.8,,,,,,,,,711.0,64.0,1940.1166666666666,115.0
SMA,1922,7.6,-2.2,11.8,3.8,,,,,,,,,1346.3,122.0,1496.8333333333333,88.0
SMA,1923,8.5,-1.3,13.0,4.5,,,,,,,,,1025.6,93.0,1720.0333333333333,102.0
SMA,1924,7.6,-2.2,11.5,4.0,,,,,,,,,980.0,88.0,1458.8166666666666,86.0
SMA,1925,8.1,-1.7,12.4,4.3,,,,,,,,,988.7,89.0,1617.8,95.0
SMA,1926,8.6,-1.2,13.1,4.9,,,,,,,,,967.4,87.0,1622.2,96.0
SMA,1927,8.3,-1.5,12.6,4.6,,,,,,,,,1180.2,107.0,1671.7,99.0
SMA,1928,9.0,-0.8,13.4,5.0,,,,,,,,,960.1,87.0,1769.8333333333333,104.0
SMA,1929,7.9,-1.9,12.7,3.7,,,,,,,,,915.3,83.0,1834.1666666666667,108.0
SMA,1930,8.8,-1.0,13.2,5.2,,,,,,,,,1310.2,118.0,1530.7333333333333,90.0
SMA,1931,7.4,-2.4,12.0,3.7,,,,,,,,,1229.1,111.0,1680.8833333333334,99.0
SMA,1932,7.8,-2.0,12.4,4.4,,,,,,,,,991.1,89.0,1604.5666666666666,95.0
SMA,1933,7.6,-2.2,12.0,4.1,,,,,,,,,1029.7,93.0,1681.1666666666667,99.0
SMA,1934,8.9,-0.9,13.8,5.2,,,,,,,,,966.3,87.0,1833.55,108.0
SMA,1935,8.2,-1.6,12.6,4.6,,,,,,,,,1196.7,108.0,1743.3,103.0
SMA,1936,8.4,-1.4,12.6,5.3,,,,,,,,,1249.4,113.0,1483.4333333333334,88.0
SMA,1937,8.6,-1.2,12.9,5.3,,,,,,,,,1063.5,96.0,1476.8833333333334,87.0
SMA,1938,8.2,-1.6,13.0,4.5,,,,,,,,,1046.1,94.0,1816.1666666666667,107.0
SMA,1939,7.9,-1.9,11.6,4.9,,,,,,,,,1358.4,123.0,1325.25,78.0
SMA,1940,7.1,-2.7,11.3,3.7,,,,,,,,,1370.3,124.0,1546.85,91.0
SMA,1941,7.4,-2.4,11.6,4.0,,,,,,,,,1006.3,91.0,1588.0166666666667,94.0
SMA,1942,7.9,-1.9,12.2,4.4,,,,,,,,,926.3,84.0,1723.8,102.0
SMA,1943,9.2,-0.6,13.8,5.4,,,,,,,,,763.1,69.0,1808.5333333333333,107.0
SMA,1944,8.2,-1.6,12.1,4.7,,,,,,,,,1087.2,98.0,1479.9666666666667,87.0
SMA,1945,9.0,-0.8,13.4,5.1,,,,,,,,,1012.1,91.0,1857.9,110.0
SMA,1946,8.6,-1.2,12.8,5.1,,,,,,,,,1094.8,99.0,1649.4333333333334,97.0
SMA,1947,9.4,-0.4,14.2,5.3,,,,,,,,,874.8,79.0,1889.2833333333333,112.0
SMA,1948,8.9,-0.9,13.4,5.4,,,,,,,,,889.2,80.0,1667.7333333333333,98.0
SMA,1949,9.4,-0.4,14.3,5.4,,,,,,,,,646.7,58.0,1935.7,114.0
SMA,1950,9.0,-0.8,13.6,5.1,,,,,,,,,1052.7,95.0,1712.0666666666666,101.0
SMA,1951,8.6,-1.2,12.8,5.0,,,,,,,,,1076.8,97.0,1489.0833333333333,88.0
SMA,1952,8.6,-1.2,12.9,5.0,,,,,,,,,1261.5,114.0,1677.8166666666666,99.0
SMA,1953,8.5,-1.3,13.1,5.0,,,,,,,,,844.4,76.0,1765.5,104.0
SMA,1954,8.0,-1.8,12.0,4.5,,,,,,,,,1117.5,101.0,1518.7333333333333,90.0
SMA,1955,8.1,-1.7,12.2,4.6,,,,,,,,,1087.8,98.0,1538.65,91.0
SMA,1956,7.1,-2.7,11.0,3.6,,,,,,,,,1137.6,103.0,1520.6,90.0
SMA,1957,8.6,-1.2,12.6,5.1,,,,,,,,,987.7,89.0,1601.0,94.0
SMA,1958,8.6,-1.2,12.3,5.1,,,,,,,,,1348.3,122.0,1550.0666666666666,91.0
SMA,1959,9.2,-0.6,13.6,5.4,31.0,-9.4,34.0,2.0,,0.0,76.0,17.0,878.4,79.0,1848.65,109.0
SMA,1960,8.6,-1.2,12.8,5.2,29.4,-16.5,19.0,0.0,,0.0,69.0,24.0,1226.2,111.0,1608.9833333333333,95.0
SMA,1961,9.5,-0.3,13.8,5.9,30.5,-11.2,34.0,2.0,,0.0,64.0,21.0,898.2,81.0,1782.6833333333334,105.0
SMA,1962,7.6,-2.2,11.8,4.0,31.6,-14.6,35.0,4.0,,0.0,110.0,33.0,930.7,84.0,1815.3166666666666,107.0
SMA,1963,7.4,-2.4,11.5,4.0,30.6,-19.0,23.0,1.0,,0.0,98.0,56.0,973.5,88.0,1555.4333333333334,92.0
SMA,1964,8.5,-1.3,12.3,5.1,32.3,-10.5,42.0,7.0,,0.0,88.0,44.0,916.2,83.0,1578.3333333333333,93.0
SMA,1965,7.6,-2.2,11.5,4.4,31.1,-11.1,18.0,2.0,,0.0,87.0,22.0,1447.0,131.0,1342.15,79.0
SMA,1966,8.7,-1.1,12.9,5.5,32.3,-16.6,27.0,2.0,,0.0,75.0,18.0,1231.9,111.0,1518.3666666666666,90.0
SMA,1967,8.7,-1.1,13.1,5.1,31.1,-11.8,36.0,5.0,,0.0,73.0,25.0,1026.6,93.0,1696.6333333333334,100.0
SMA,1968,8.2,-1.6,12.3,5.0,30.7,-14.6,20.0,1.0,,1.0,93.0,31.0,1086.6,98.0,1566.4666666666667,92.0
SMA,1969,8.0,-1.8,12.1,4.5,30.3,-11.9,37.0,1.0,,0.0,106.0,41.0,894.5,81.0,1553.7666666666667,92.0
SMA,1970,7.9,-1.9,12.0,4.6,31.2,-10.9,33.0,1.0,0.0,0.0,105.0,31.0,1331.5,120.0,1463.8,86.0
SMA,1971,8.3,-1.5,12.8,4.5,30.6,-14.7,31.0,4.0,0.0,0.0,98.0,29.0,903.0,82.0,1791.6333333333334,106.0
SMA,1972,7.9,-1.9,12.2,4.5,30.5,-8.2,21.0,1.0,0.0,0.0,73.0,24.0,950.7,86.0,1500.8666666666666,89.0
SMA,1973,8.0,-1.8,12.2,4.7,29.6,-14.3,39.0,0.0,0.0,0.0,115.0,23.0,1052.2,95.0,1521.0833333333333,90.0
SMA,1974,8.9,-0.9,13.0,5.5,32.1,-5.3,23.0,3.0,0.0,0.0,54.0,2.0,1089.3,98.0,1508.3333333333333,89.0
SMA,1975,8.6,-1.2,12.6,5.4,30.5,-9.5,32.0,1.0,0.0,0.0,83.0,15.0,1151.2,104.0,1477.8,87.0
SMA,1976,8.6,-1.2,12.8,5.1,31.2,-11.4,38.0,7.0,0.0,0.0,84.0,33.0,910.0,82.0,1720.8,102.0
SMA,1977,8.9,-0.9,12.9,5.7,29.9,-6.7,15.0,0.0,0.0,0.0,67.0,13.0,1097.5,99.0,1316.7,78.0
SMA,1978,7.9,-1.9,11.7,4.6,28.5,-9.3,18.0,0.0,0.0,0.0,87.0,28.0,1204.6,109.0,1313.0,77.0
SMA,1979,8.5,-1.3,12.5,5.1,30.2,-12.5,26.0,1.0,0.0,0.0,80.0,17.0,1184.2,107.0,1348.4,80.0
SMA,1980,7.9,-1.9,11.9,4.7,30.3,-12.7,19.0,1.0,0.0,0.0,85.0,29.0,1027.3,93.0,1281.5,76.0
SMA,1981,8.6,-1.2,12.8,5.0,29.5,-11.9,27.0,0.0,0.0,0.0,91.0,26.0,1289.6,116.0,1355.8333333333333,80.0
SMA,1982,9.2,-0.6,13.5,5.8,30.0,-8.1,34.0,1.0,0.0,0.0,64.0,16.0,1171.9,106.0,1454.7333333333333,86.0
SMA,1983,9.3,-0.5,13.6,5.7,35.8,-10.9,44.0,12.0,2.0,2.0,81.0,28.0,875.9,79.0,1525.3,90.0
SMA,1984,8.3,-1.5,12.5,5.0,34.7,-9.9,27.0,6.0,0.0,0.0,88.0,17.0,993.9,90.0,1448.0833333333333,85.0
SMA,1985,8.2,-1.6,12.5,4.5,32.2,-19.6,36.0,4.0,0.0,0.0,93.0,40.0,959.6,87.0,1642.85,97.0
SMA,1986,8.4,-1.4,12.5,4.8,32.3,-15.4,42.0,1.0,0.0,0.0,89.0,35.0,1204.3,109.0,1547.7333333333333,91.0
SMA,1987,8.3,-1.5,12.2,5.0,30.8,-20.9,36.0,2.0,0.0,0.0,84.0,37.0,1215.2,110.0,1328.0833333333333,78.0
SMA,1988,9.4,-0.4,13.4,6.0,31.6,-9.0,24.0,1.0,0.0,0.0,70.0,8.0,1414.6,128.0,1458.55,86.0
SMA,1989,9.4,-0.4,13.9,5.9,30.8,-8.5,26.0,1.0,0.0,0.0,62.0,19.0,950.1,86.0,1710.5833333333333,101.0
SMA,1990,9.7,-0.1,14.3,6.1,32.8,-7.3,37.0,7.0,0.0,0.0,61.0,17.0,1188.2,107.0,1730.5833333333333,102.0
SMA,1991,8.9,-0.9,13.0,5.2,33.1,-13.1,53.0,6.0,0.0,0.0,89.0,34.0,924.1,83.0,1615.5333333333333,95.0
SMA,1992,9.5,-0.3,13.6,5.9,32.5,-10.4,41.0,14.0,0.0,1.0,69.0,21.0,1078.5,97.0,1490.1833333333334,88.0
SMA,1993,9.1,-0.7,13.2,5.6,30.8,-11.4,33.0,2.0,0.0,0.0,77.0,27.0,1173.6,106.0,1502.5833333333333,89.0
SMA,1994,10.5,0.7,14.4,7.0,33.3,-7.3,51.0,11.0,0.0,0.0,35.0,13.0,1171.9,106.0,1406.0833333333333,83.0
SMA,1995,9.2,-0.6,13.3,5.7,32.7,-10.9,37.0,5.0,0.0,0.0,80.0,27.0,1323.3,119.0,1505.5,89.0
SMA,1996,8.1,-1.7,12.1,4.8,30.5,-13.0,29.0,1.0,0.0,0.0,103.0,32.0,1003.7,91.0,1491.5166666666667,88.0
SMA,1997,9.4,-0.4,13.8,5.8,29.9,-11.5,39.0,0.0,0.0,0.0,74.0,24.0,985.9,89.0,1679.9,99.0
SMA,1998,9.5,-0.3,13.8,5.9,33.4,-10.0,40.0,13.0,0.0,0.0,73.0,26.0,1043.8,94.0,1608.8166666666666,95.0
SMA,1999,9.4,-0.4,13.4,6.0,31.0,-11.6,35.0,2.0,0.0,0.0,74.0,19.0,1549.0,140.0,1472.7833333333333,87.0
SMA,2000,10.2,0.4,14.4,6.7,31.8,-12.2,38.0,3.0,0.0,0.0,48.0,8.0,1156.7,104.0,1656.8833333333334,98.0
SMA,2001,9.4,-0.4,13.6,6.0,31.0,-14.7,39.0,2.0,0.0,0.0,76.0,16.0,1482.9,134.0,1579.9833333333333,93.0
SMA,2002,10.2,0.4,14.4,6.8,34.1,-9.1,36.0,7.0,0.0,1.0,44.0,15.0,1275.8,115.0,1620.4833333333333,96.0
SMA,2003,10.1,0.3,14.8,6.1,36.0,-10.4,85.0,27.0,1.0,1.0,94.0,28.0,859.2,78.0,2042.3333333333333,121.0
SMA,2004,9.5,-0.3,13.5,6.0,29.9,-8.0,41.0,0.0,0.0,0.0,87.0,15.0,1071.0,97.0,1648.7166666666667,97.0
SMA,2005,9.3,-0.5,13.4,5.7,32.7,-14.1,43.0,9.0,0.0,1.0,92.0,38.0,1041.9,94.0,1765.0333333333333,104.0
SMA,2006,9.8,0.0,14.0,6.3,33.1,-8.6,51.0,16.0,0.0,1.0,85.0,28.0,1134.5,102.0,1694.85,100.0
SMA,2007,10.1,0.3,14.3,6.4,33.2,-8.4,37.0,2.0,0.0,0.0,56.0,18.0,1152.9,104.0,1785.65,105.0
SMA,2008,9.6,-0.2,13.7,6.2,30.8,-7.0,36.0,3.0,0.0,0.0,78.0,11.0,1212.7,109.0,1679.0166666666667,99.0
SMA,2009,9.9,0.1,14.0,6.4,31.8,-13.6,46.0,6.0,0.0,0.0,76.0,28.0,1098.3,99.0,1725.55,102.0
SMA,2010,8.8,-1.0,12.7,5.5,32.7,-11.3,41.0,9.0,0.0,0.0,88.0,41.0,1001.5,90.0,1520.75,90.0
SMA,2011,10.5,0.7,14.9,6.7,32.7,-8.1,39.0,8.0,0.0,0.0,55.0,12.0,913.5,82.0,2004.2166666666667,118.0
SMA,2012,9.7,-0.1,13.9,6.1,32.4,-16.9,42.0,6.0,0.0,0.0,67.0,24.0,1291.7,117.0,1805.2666666666667,107.0
SMA,2013,9.1,-0.7,13.0,5.7,35.1,-9.5,46.0,11.0,1.0,2.0,102.0,27.0,1093.8,99.0,1540.3,91.0
SMA,2014,10.6,0.8,14.8,7.1,33.4,-11.8,26.0,5.0,0.0,0.0,28.0,4.0,1076.4,97.0,1713.9333333333334,101.0
SMA,2015,10.6,0.8,15.0,6.8,34.6,-7.4,54.0,26.0,0.0,9.0,76.0,9.0,918.0,83.0,1945.9,115.0
SMA,2016,9.9,0.1,14.1,6.5,32.3,-8.7,49.0,8.0,0.0,0.0,68.0,8.0,1296.8,117.0,1641.6166666666666,97.0
SMA,2017,10.2,0.4,14.6,6.5,33.0,-12.7,57.0,13.0,0.0,6.0,76.0,21.0,1106.6,100.0,1828.2333333333333,108.0
SMA,2018,11.1,1.3,15.5,7.3,34.6,-13.1,74.0,16.0,0.0,3.0,65.0,13.0,897.3,81.0,1921.2666666666667,113.0
SMA,2019,10.5,0.7,14.9,6.7,34.7,-5.7,53.0,15.0,0.0,4.0,59.0,8.0,1041.2,94.0,1877.7166666666667,111.0
SMA,2020,10.9,1.1,15.5,6.9,33.6,-4.2,55.0,9.0,0.0,1.0,60.0,4.0,859.5,78.0,2055.95,121.0
SMA,2021,9.6,-0.2,13.8,6.1,31.1,-11.7,34.0,5.0,0.0,0.0,69.0,13.0,1126.6,102.0,1734.1,102.0
SMA,2022,11.5,1.7,16.0,7.6,34.7,-7.7,74.0,16.0,0.0,3.0,60.0,6.0,871.9,79.0,2148.516666666667,127.0
SMA,2023,11.4,1.6,15.7,7.7,35.5,-7.3,73.0,14.0,1.0,4.0,56.0,7.0,1159.6,105.0,1812.3,107.0
SMA,2024,11.0,1.2,15.0,7.7,32.4,-7.6,49.0,11.0,0.0,0.0,41.0,14.0,1280.8,116.0,1507.8333333333333,89.0
SMA,2025,10.6,0.8,14.9,7.0,33.4,-6.9,54.0,14.0,0.0,4.0,58.0,8.0,1099.3,99.0,1832.3,108.0
STG,1864,5.5,-3.2,,,,,,,,,,,,,,
STG,1865,7.3,-1.4,,,,,,,,,,,,,,
STG,1866,7.4,-1.3,,,,,,,,,,,1395.7,97.0,,
STG,1867,6.7,-2.0,,,,,,,,,,,1541.8,108.0,,
STG,1868,7.5,-1.2,,,,,,,,,,,1076.6,75.0,,
STG,1869,6.7,-2.0,,,,,,,,,,,1267.6,88.0,,
STG,1870,5.6,-3.1,,,,,,,,,,,1099.9,77.0,,
STG,1871,5.2,-3.5,,,,,,,,,,,1222.9,85.0,,
STG,1872,7.6,-1.1,,,,,,,,,,,1415.7,99.0,,
STG,1873,6.9,-1.8,,,,,,,,,,,1365.8,95.0,,
STG,1874,6.4,-2.3,,,,,,,,,,,1279.2,89.0,,
STG,1875,6.3,-2.4,,,,,,,,,,,1312.0,92.0,,
STG,1876,6.9,-1.8,,,,,,,,,,,1762.9,123.0,,
STG,1877,7.1,-1.6,,,,,,,,,,,1591.6,111.0,,
STG,1878,6.4,-2.3,,,,,,,,,,,1662.4,116.0,,
STG,1879,5.5,-3.2,,,,,,,,,,,1370.4,96.0,,
STG,1880,7.1,-1.6,,,,,,,,,,,1382.3,96.0,,
STG,1881,6.5,-2.2,,,,,,,,,,,1483.1,103.0,,
STG,1882,6.7,-2.0,,,,,,,,,,,1448.2,101.0,,
STG,1883,6.2,-2.5,,,,,,,,,,,1156.4,81.0,,
STG,1884,6.9,-1.8,,,,,,,,,,,1087.6,76.0,,
STG,1885,6.6,-2.1,,,,,,,,,,,1453.2,101.0,,
STG,1886,6.8,-1.9,,,,,,,,,,,1557.5,109.0,,
STG,1887,5.4,-3.3,,,,,,,,,,,1243.8,87.0,,
STG,1888,5.7,-3.0,,,,,,,,,,,1599.2,112.0,,
STG,1889,5.5,-3.2,,,,,,,,,,,1509.6,105.0,,
STG,1890,5.4,-3.3,,,,,,,,,,,1484.3,104.0,,
STG,1891,5.8,-2.9,,,,,,,,,,,1463.5,102.0,,
STG,1892,6.8,-1.9,,3.2,,,,,,,,,1506.7,105.0,,
STG,1893,6.7,-2.0,,2.8,,,,,,,,,1098.2,77.0,,
STG,1894,6.6,-2.1,,3.1,,,,,,,,,1376.4,96.0,,
STG,1895,6.2,-2.5,,2.5,,,,,,,,,1250.2,87.0,,
STG,1896,5.8,-2.9,,2.8,,,,,,,,,1750.5,122.0,,
STG,1897,6.9,-1.8,,3.7,,,,,,,,,1606.7,112.0,,
STG,1898,7.2,-1.5,,3.7,,,,,,,,,1376.0,96.0,,
STG,1899,7.1,-1.6,,3.3,,,,,,,,,1180.4,82.0,,
STG,1900,7.3,-1.4,,3.8,,,,,,,,,1292.7,90.0,,
STG,1901,6.0,-2.7,,2.3,,,,,,,,,1205.4,84.0,,
STG,1902,6.4,-2.3,,3.2,,,,,,,,,1392.9,97.0,,
STG,1903,6.9,-1.8,,3.3,,,,,,,,,1314.1,92.0,,
STG,1904,7.3,-1.4,,3.6,,,,,,,,,1187.6,83.0,,
STG,1905,6.5,-2.2,,3.1,,,,,,,,,1479.1,103.0,,
STG,1906,6.8,-1.9,,3.1,,,,,,,,,1322.9,92.0,,
STG,1907,6.7,-2.0,,3.2,,,,,,,,,1221.5,85.0,,
STG,1908,6.1,-2.6,,2.9,,,,,,,,,1217.7,85.0,,
STG,1909,5.9,-2.8,,2.5,,,,,,,,,1296.6,90.0,,
STG,1910,6.8,-1.9,,3.4,,,,,,,,,1671.6,117.0,,
STG,1911,7.4,-1.3,,3.7,,,,,,,,,1016.4,71.0,,
STG,1912,6.5,-2.2,,3.0,,,,,,,,,1398.9,98.0,,
STG,1913,7.0,-1.7,,3.5,,,,,,,,,1387.9,97.0,,
STG,1914,6.6,-2.1,,3.1,,,,,,,,,1541.6,108.0,,
STG,1915,6.5,-2.2,,3.0,,,,,,,,,1395.3,97.0,,
STG,1916,7.1,-1.6,,3.7,,,,,,,,,1579.4,110.0,,
STG,1917,6.0,-2.7,,2.6,,,,,,,,,1318.4,92.0,,
STG,1918,7.1,-1.6,,3.5,,,,,,,,,1170.8,82.0,,
STG,1919,6.2,-2.5,,2.6,,,,,,,,,1337.0,93.0,,
STG,1920,7.6,-1.1,,4.1,,,,,,,,,1146.2,80.0,,
STG,1921,7.6,-1.1,,4.0,,,,,,,,,985.0,69.0,,
STG,1922,6.2,-2.5,,2.9,,,,,,,,,1907.7,133.0,,
STG,1923,7.2,-1.5,,3.6,,,,,,,,,1303.7,91.0,,
STG,1924,6.3,-2.4,,3.0,,,,,,,,,1562.9,109.0,,
STG,1925,6.8,-1.9,,3.3,,,,,,,,,1262.2,88.0,,
STG,1926,7.5,-1.2,,4.0,,,,,,,,,1423.7,99.0,,
STG,1927,7.0,-1.7,,3.4,,,,,,,,,1603.9,112.0,,
STG,1928,7.5,-1.2,,3.8,,,,,,,,,1347.4,94.0,,
STG,1929,6.4,-2.3,,2.6,,,,,,,,,1260.0,88.0,,
STG,1930,7.6,-1.1,,4.0,,,,,,,,,1722.5,120.0,,
STG,1931,6.1,-2.6,,2.3,,,,,,,,,1552.4,108.0,,
STG,1932,6.7,-2.0,,3.2,,,,,,,,,1489.4,104.0,,
STG,1933,6.2,-2.5,,2.8,,,,,,,,,1407.3,98.0,,
STG,1934,7.8,-0.9,,4.3,,,,,,,,,1420.1,99.0,,
STG,1935,6.8,-1.9,,3.4,,,,,,,,,1556.4,109.0,,
STG,1936,7.2,-1.5,,4.1,,,,,,,,,1438.0,100.0,,
STG,1937,7.5,-1.2,,4.2,,,,,,,,,1481.1,103.0,,
STG,1938,7.0,-1.7,,3.4,,,,,,,,,1468.8,102.0,,
STG,1939,6.8,-1.9,,3.7,,,,,,,,,1640.7,114.0,,
STG,1940,5.9,-2.8,,2.4,,,,,,,,,1790.7,125.0,,
STG,1941,6.3,-2.4,,2.9,,,,,,,,,1365.1,95.0,,
STG,1942,6.8,-1.9,,3.2,,,,,,,,,1249.5,87.0,,
STG,1943,7.8,-0.9,,4.3,,,,,,,,,970.7,68.0,,
STG,1944,6.9,-1.8,,3.7,,,,,,,,,1570.5,110.0,,
STG,1945,7.6,-1.1,,4.0,,,,,,,,,1429.1,100.0,,
STG,1946,7.4,-1.3,,4.0,,,,,,,,,1274.3,89.0,,
STG,1947,8.1,-0.6,,4.3,,,,,,,,,1192.5,83.0,,
STG,1948,7.7,-1.0,,4.4,,,,,,,,,1328.8,93.0,,
STG,1949,7.9,-0.8,,4.1,,,,,,,,,1099.9,77.0,,
STG,1950,7.8,-0.9,,4.4,,,,,,,,,1345.2,94.0,,
STG,1951,7.7,-1.0,,4.4,,,,,,,,,1460.6,102.0,,
STG,1952,7.3,-1.4,,3.9,,,,,,,,,1632.4,114.0,,
STG,1953,7.3,-1.4,,4.0,,,,,,,,,1242.8,87.0,,
STG,1954,6.7,-2.0,,3.7,,,,,,,,,1622.7,113.0,,
STG,1955,6.7,-2.0,,3.7,,,,,,,,,1653.0,115.0,,
STG,1956,5.9,-2.8,,2.8,,,,,,,,,1610.9,112.0,,
STG,1957,7.4,-1.3,,4.3,,,,,,,,,1416.5,99.0,,
STG,1958,7.4,-1.3,,4.3,,,,,,,,,1528.2,107.0,,
STG,1959,7.8,-0.9,12.0,4.4,28.4,-11.7,9.0,0.0,,0.0,97.0,28.0,1214.9,85.0,1683.95,104.0
STG,1960,7.5,-1.2,11.3,4.5,26.0,-18.2,6.0,0.0,,0.0,82.0,23.0,1555.2,109.0,1357.45,84.0
STG,1961,8.3,-0.4,12.3,5.1,27.3,-12.1,8.0,0.0,,0.0,80.0,23.0,1289.4,90.0,1588.5333333333333,98.0
STG,1962,6.4,-2.3,10.2,3.0,27.5,-17.4,12.0,0.0,,0.0,120.0,48.0,1326.6,93.0,1652.7666666666667,102.0
STG,1963,6.2,-2.5,9.9,2.9,28.9,-21.0,11.0,0.0,,0.0,107.0,67.0,1336.1,93.0,1381.4333333333334,85.0
STG,1964,7.2,-1.5,10.5,4.1,28.7,-13.9,20.0,0.0,,0.0,102.0,53.0,1327.4,93.0,1413.5666666666666,87.0
STG,1965,6.5,-2.2,9.6,3.5,27.2,-14.4,9.0,0.0,,0.0,99.0,49.0,1649.4,115.0,1186.0,73.0
STG,1966,7.7,-1.0,10.9,4.6,28.5,-19.6,8.0,0.0,,0.0,89.0,26.0,1635.2,114.0,1385.5833333333333,86.0
STG,1967,7.6,-1.1,11.6,4.3,30.8,-17.5,16.0,1.0,,0.0,91.0,26.0,1469.8,103.0,1580.2666666666667,98.0
STG,1968,7.1,-1.6,10.9,4.0,29.1,-15.4,9.0,0.0,,0.0,113.0,46.0,1367.3,95.0,1405.5333333333333,87.0
STG,1969,6.8,-1.9,10.6,3.5,28.2,-13.5,15.0,0.0,,0.0,121.0,48.0,1327.8,93.0,1414.15,87.0
STG,1970,6.9,-1.8,10.5,3.7,28.1,-13.1,9.0,0.0,0.0,0.0,119.0,47.0,1556.6,109.0,1305.35,81.0
STG,1971,7.2,-1.5,11.2,3.8,28.7,-16.7,19.0,0.0,0.0,0.0,109.0,36.0,1168.8,82.0,1672.2333333333333,103.0
STG,1972,6.8,-1.9,10.4,3.6,29.2,-8.7,9.0,0.0,0.0,0.0,100.0,37.0,1261.7,88.0,1346.5666666666666,83.0
STG,1973,7.0,-1.7,10.5,3.9,27.5,-15.0,17.0,0.0,0.0,0.0,130.0,44.0,1359.0,95.0,1367.7166666666667,84.0
STG,1974,7.7,-1.0,11.2,4.4,29.1,-7.8,10.0,0.0,0.0,0.0,99.0,11.0,1512.4,106.0,1371.25,85.0
STG,1975,7.5,-1.2,10.9,4.4,31.2,-10.3,11.0,1.0,0.0,0.0,106.0,27.0,1528.1,107.0,1394.8333333333333,86.0
STG,1976,7.4,-1.3,11.2,3.9,28.2,-13.0,22.0,0.0,0.0,0.0,109.0,40.0,1190.7,83.0,1610.3166666666666,99.0
STG,1977,7.8,-0.9,11.3,4.7,29.7,-10.4,4.0,0.0,0.0,0.0,93.0,27.0,1572.9,110.0,1252.2666666666667,77.0
STG,1978,6.7,-2.0,10.1,3.6,25.9,-10.8,3.0,0.0,0.0,0.0,105.0,42.0,1453.2,101.0,1319.4166666666667,82.0
STG,1979,7.4,-1.3,10.8,4.1,26.7,-15.5,8.0,0.0,0.0,0.0,112.0,30.0,1574.3,110.0,1343.3666666666666,83.0
STG,1980,6.7,-2.0,10.0,3.6,29.4,-13.3,7.0,0.0,0.0,0.0,112.0,36.0,1385.6,97.0,1235.1166666666666,76.0
STG,1981,7.4,-1.3,11.0,4.2,25.6,-14.1,5.0,0.0,0.0,0.0,111.0,44.0,1567.2,109.0,1372.1,85.0
STG,1982,8.0,-0.7,11.6,4.8,26.8,-10.7,13.0,0.0,0.0,0.0,94.0,22.0,1379.0,96.0,1404.4666666666667,87.0
STG,1983,8.1,-0.6,11.8,4.6,32.3,-12.8,23.0,3.0,0.0,2.0,97.0,38.0,1285.4,90.0,1448.8,90.0
STG,1984,6.9,-1.8,10.4,3.7,32.9,-11.2,6.0,1.0,0.0,1.0,115.0,35.0,1550.1,108.0,1389.8,86.0
STG,1985,6.9,-1.8,10.4,3.6,28.4,-21.1,8.0,0.0,0.0,0.0,109.0,53.0,1310.2,91.0,1592.1833333333334,98.0
STG,1986,7.2,-1.5,10.7,4.0,29.0,-19.2,13.0,0.0,0.0,0.0,106.0,46.0,1553.7,108.0,1572.0666666666666,97.0
STG,1987,7.2,-1.5,10.6,4.1,29.3,-23.8,15.0,0.0,0.0,0.0,101.0,49.0,1564.3,109.0,1266.4166666666667,78.0
STG,1988,8.3,-0.4,11.9,5.1,28.2,-11.0,11.0,0.0,0.0,0.0,86.0,15.0,1584.8,111.0,1407.1333333333334,87.0
STG,1989,8.4,-0.3,12.1,5.0,28.4,-9.0,7.0,0.0,0.0,0.0,83.0,26.0,1294.3,90.0,1688.9,104.0
STG,1990,8.7,0.0,12.6,5.2,29.2,-11.0,18.0,0.0,0.0,0.0,83.0,18.0,1415.1,99.0,1690.7,104.0
STG,1991,7.4,-1.3,10.9,4.1,29.2,-14.6,12.0,0.0,0.0,0.0,108.0,49.0,1265.2,88.0,1539.8833333333334,95.0
STG,1992,8.5,-0.2,12.0,5.1,29.5,-13.2,25.0,0.0,0.0,3.0,89.0,31.0,1385.3,97.0,1497.65,93.0
STG,1993,7.9,-0.8,11.4,4.7,27.9,-12.9,17.0,0.0,0.0,0.0,86.0,42.0,1485.6,104.0,1433.15,89.0
STG,1994,9.3,0.6,12.8,6.1,29.7,-9.9,36.0,0.0,0.0,1.0,65.0,21.0,1462.4,102.0,1346.3,83.0
STG,1995,8.0,-0.7,11.5,4.7,30.3,-12.6,20.0,2.0,0.0,1.0,101.0,34.0,1616.5,113.0,1411.3,87.0
STG,1996,6.8,-1.9,10.1,3.6,28.2,-16.3,7.0,0.0,0.0,0.0,121.0,56.0,1470.6,103.0,1420.2166666666667,88.0
STG,1997,8.4,-0.3,12.1,5.0,26.3,-12.6,7.0,0.0,0.0,0.0,95.0,24.0,1109.6,77.0,1631.3166666666666,101.0
STG,1998,8.5,-0.2,12.0,5.2,30.6,-11.3,18.0,2.0,0.0,3.0,79.0,36.0,1501.7,105.0,1521.15,94.0
STG,1999,8.3,-0.4,11.8,5.3,28.6,-13.1,12.0,0.0,0.0,0.0,88.0,30.0,1794.4,125.0,1395.7833333333333,86.0
STG,2000,9.3,0.6,12.9,5.9,30.1,-13.6,22.0,1.0,0.0,1.0,66.0,15.0,1599.2,112.0,1619.2,100.0
STG,2001,8.3,-0.4,11.8,5.1,29.6,-15.4,20.0,0.0,0.0,0.0,88.0,35.0,1507.8,105.0,1544.9666666666667,95.0
STG,2002,9.0,0.3,12.5,5.8,30.6,-11.1,15.0,1.0,0.0,1.0,63.0,19.0,1878.0,131.0,1507.8333333333333,93.0
STG,2003,9.0,0.3,12.8,5.4,32.9,-11.7,46.0,10.0,0.0,11.0,105.0,39.0,1119.5,78.0,2005.55,124.0
STG,2004,8.1,-0.6,11.5,5.0,27.0,-9.3,15.0,0.0,0.0,0.0,111.0,37.0,1437.6,100.0,1593.4666666666667,98.0
STG,2005,8.0,-0.7,11.3,4.8,29.1,-16.7,22.0,0.0,0.0,0.0,104.0,51.0,1337.8,93.0,1658.0833333333333,102.0
STG,2006,8.7,0.0,12.3,5.4,30.1,-12.8,30.0,2.0,0.0,2.0,98.0,50.0,1400.2,98.0,1703.9333333333334,105.0
STG,2007,8.9,0.2,12.4,5.8,29.6,-10.6,12.0,0.0,0.0,1.0,72.0,21.0,1241.0,87.0,1697.1,105.0
STG,2008,8.6,-0.1,12.1,5.3,28.5,-9.2,15.0,0.0,0.0,0.0,89.0,20.0,1377.9,96.0,1605.8166666666666,99.0
STG,2009,8.9,0.2,12.4,5.6,29.1,-14.5,18.0,0.0,0.0,2.0,91.0,34.0,1245.9,87.0,1635.5166666666667,101.0
STG,2010,7.6,-1.1,10.8,4.7,30.3,-10.7,20.0,2.0,0.0,1.0,99.0,53.0,1512.5,106.0,1443.3666666666666,89.0
STG,2011,9.4,0.7,13.0,6.0,30.3,-10.3,15.0,1.0,0.0,2.0,70.0,21.0,1241.6,87.0,1890.45,117.0
STG,2012,8.6,-0.1,12.1,5.3,29.3,-18.2,20.0,0.0,0.0,0.0,84.0,32.0,1549.1,108.0,1690.2833333333333,104.0
STG,2013,7.9,-0.8,11.2,4.8,33.3,-10.9,21.0,4.0,0.0,3.0,115.0,37.0,1467.6,102.0,1462.1166666666666,90.0
STG,2014,9.6,0.9,13.1,6.4,29.6,-12.1,13.0,0.0,0.0,0.0,49.0,6.0,1353.5,94.0,1609.35,99.0
STG,2015,9.6,0.9,13.1,6.1,31.7,-8.3,39.0,5.0,0.0,9.0,80.0,21.0,1335.8,93.0,1813.8666666666666,112.0
STG,2016,9.0,0.3,12.5,5.7,28.1,-11.3,19.0,0.0,0.0,0.0,88.0,11.0,1483.6,104.0,1557.0,96.0
STG,2017,9.1,0.4,12.7,5.6,29.7,-12.3,28.0,0.0,0.0,5.0,88.0,32.0,1561.0,109.0,1750.7166666666667,108.0
STG,2018,9.9,1.2,13.6,6.3,30.2,-15.0,33.0,2.0,0.0,2.0,74.0,35.0,1259.6,88.0,1830.0166666666667,113.0
STG,2019,9.5,0.8,13.1,5.9,31.4,-9.2,26.0,7.0,0.0,6.0,87.0,16.0,1469.1,102.0,1753.15,108.0
STG,2020,9.7,1.0,13.5,6.1,29.4,-6.7,17.0,0.0,0.0,0.0,72.0,13.0,1539.6,107.0,1989.8166666666666,123.0
STG,2021,8.4,-0.3,11.9,5.0,28.0,-12.6,14.0,0.0,0.0,0.0,96.0,28.0,1624.0,113.0,1688.0166666666667,104.0
STG,2022,10.2,1.5,13.9,6.7,31.5,-10.0,29.0,5.0,0.0,2.0,75.0,18.0,1249.4,87.0,2007.05,124.0
STG,2023,10.2,1.5,14.0,6.8,31.8,-7.8,36.0,4.0,0.0,3.0,68.0,20.0,1682.4,117.0,1705.0166666666667,105.0
STG,2024,10.1,1.4,13.7,6.8,30.3,-10.1,32.0,1.0,0.0,0.0,56.0,14.0,1692.0,118.0,1510.9333333333334,93.0
STG,2025,9.6,0.9,13.3,6.2,31.0,-9.2,34.0,1.0,0.0,3.0,72.0,26.0,1165.0,81.0,1718.9166666666667,106.0
